country,year,p,thr,avg,topavg,in_coverage,denom_total,denom_concept,denom_source,pop,pop_concept,pop_source
URY,2009,0.9,250457.940814293,257932.161003063,502232.399481553,TRUE,NA,upper,SNA_CEI + SNA_WID,2302593,adults,WID
URY,2009,0.9,250457.940814293,257932.161003063,502232.399481553,TRUE,359315952280,lower,BFM,2302593,adults,WID
URY,2009,0.9,250457.940814293,257932.161003063,502232.399481553,TRUE,NA,middle,SNA_CEI + SNA_WID,2302593,adults,WID
URY,2009,0.99,760307.424324355,777548.161235959,1577080.53565121,TRUE,NA,upper,SNA_CEI + SNA_WID,2302593,adults,WID
URY,2009,0.99,760307.424324355,777548.161235959,1577080.53565121,TRUE,359315952280,lower,BFM,2302593,adults,WID
URY,2009,0.99,760307.424324355,777548.161235959,1577080.53565121,TRUE,NA,middle,SNA_CEI + SNA_WID,2302593,adults,WID
URY,2009,0.999,2323258.02806725,2379699.90589135,5735197.80633092,TRUE,NA,upper,SNA_CEI + SNA_WID,2302593,adults,WID
URY,2009,0.999,2323258.02806725,2379699.90589135,5735197.80633092,TRUE,359315952280,lower,BFM,2302593,adults,WID
URY,2009,0.999,2323258.02806725,2379699.90589135,5735197.80633092,TRUE,NA,middle,SNA_CEI + SNA_WID,2302593,adults,WID
URY,2009,0.9999,8084089.17682832,24782808.6059782,24782808.6059782,TRUE,NA,upper,SNA_CEI + SNA_WID,2302593,adults,WID
URY,2009,0.9999,8084089.17682832,24782808.6059782,24782808.6059782,TRUE,359315952280,lower,BFM,2302593,adults,WID
URY,2009,0.9999,8084089.17682832,24782808.6059782,24782808.6059782,TRUE,NA,middle,SNA_CEI + SNA_WID,2302593,adults,WID
URY,2010,0.9,290253.694334981,298340.524787425,574705.201052706,TRUE,NA,upper,SNA_CEI + SNA_WID,2317772,adults,WID
URY,2010,0.9,290253.694334981,298340.524787425,574705.201052706,TRUE,402206330450.75,lower,BFM,2317772,adults,WID
URY,2010,0.9,290253.694334981,298340.524787425,574705.201052706,TRUE,NA,middle,SNA_CEI + SNA_WID,2317772,adults,WID
URY,2010,0.99,876124.928619264,894189.400569499,1779290.63221961,TRUE,NA,upper,SNA_CEI + SNA_WID,2317772,adults,WID
URY,2010,0.99,876124.928619264,894189.400569499,1779290.63221961,TRUE,402206330450.75,lower,BFM,2317772,adults,WID
URY,2010,0.99,876124.928619264,894189.400569499,1779290.63221961,TRUE,NA,middle,SNA_CEI + SNA_WID,2317772,adults,WID
URY,2010,0.999,2639613.81544021,2708621.73616912,6302618.11772366,TRUE,NA,upper,SNA_CEI + SNA_WID,2317772,adults,WID
URY,2010,0.999,2639613.81544021,2708621.73616912,6302618.11772366,TRUE,402206330450.75,lower,BFM,2317772,adults,WID
URY,2010,0.999,2639613.81544021,2708621.73616912,6302618.11772366,TRUE,NA,middle,SNA_CEI + SNA_WID,2317772,adults,WID
URY,2010,0.9999,8513206.18361466,26358575.8600493,26358575.8600493,TRUE,NA,upper,SNA_CEI + SNA_WID,2317772,adults,WID
URY,2010,0.9999,8513206.18361466,26358575.8600493,26358575.8600493,TRUE,402206330450.75,lower,BFM,2317772,adults,WID
URY,2010,0.9999,8513206.18361466,26358575.8600493,26358575.8600493,TRUE,NA,middle,SNA_CEI + SNA_WID,2317772,adults,WID
URY,2011,0.9,324562.040118909,333180.468673526,655114.878638559,TRUE,NA,upper,SNA_CEI + SNA_WID,2332876,adults,WID
URY,2011,0.9,324562.040118909,333180.468673526,655114.878638559,TRUE,464790458594.438,lower,BFM,2332876,adults,WID
URY,2011,0.9,324562.040118909,333180.468673526,655114.878638559,TRUE,NA,middle,SNA_CEI + SNA_WID,2332876,adults,WID
URY,2011,0.99,972619.036904499,994645.153458606,2153395.30103316,TRUE,NA,upper,SNA_CEI + SNA_WID,2332876,adults,WID
URY,2011,0.99,972619.036904499,994645.153458606,2153395.30103316,TRUE,464790458594.438,lower,BFM,2332876,adults,WID
URY,2011,0.99,972619.036904499,994645.153458606,2153395.30103316,TRUE,NA,middle,SNA_CEI + SNA_WID,2332876,adults,WID
URY,2011,0.999,3060562.64875775,3146177.36267537,8475281.2253909,TRUE,NA,upper,SNA_CEI + SNA_WID,2332876,adults,WID
URY,2011,0.999,3060562.64875775,3146177.36267537,8475281.2253909,TRUE,464790458594.438,lower,BFM,2332876,adults,WID
URY,2011,0.999,3060562.64875775,3146177.36267537,8475281.2253909,TRUE,NA,middle,SNA_CEI + SNA_WID,2332876,adults,WID
URY,2011,0.9999,11187959.4728876,41381654.9491976,41381654.9491975,TRUE,NA,upper,SNA_CEI + SNA_WID,2332876,adults,WID
URY,2011,0.9999,11187959.4728876,41381654.9491976,41381654.9491975,TRUE,464790458594.438,lower,BFM,2332876,adults,WID
URY,2011,0.9999,11187959.4728876,41381654.9491976,41381654.9491975,TRUE,NA,middle,SNA_CEI + SNA_WID,2332876,adults,WID
URY,2012,0.9,378549.049919815,389151.510685138,766253.725886821,TRUE,753651464200,upper,SNA_CEI + SNA_WID,2348145,adults,WID
URY,2012,0.9,378549.049919815,389151.510685138,766253.725886821,TRUE,506730229259.438,lower,BFM,2348145,adults,WID
URY,2012,0.9,378549.049919815,389151.510685138,766253.725886821,TRUE,NA,middle,SNA_CEI + SNA_WID,2348145,adults,WID
URY,2012,0.99,1155361.92195352,1180751.39342087,2465764.07645382,TRUE,753651464200,upper,SNA_CEI + SNA_WID,2348145,adults,WID
URY,2012,0.99,1155361.92195352,1180751.39342087,2465764.07645382,TRUE,506730229259.438,lower,BFM,2348145,adults,WID
URY,2012,0.99,1155361.92195352,1180751.39342087,2465764.07645382,TRUE,NA,middle,SNA_CEI + SNA_WID,2348145,adults,WID
URY,2012,0.999,3499786.01657806,3595636.36773332,9368967.59933398,TRUE,753651464200,upper,SNA_CEI + SNA_WID,2348145,adults,WID
URY,2012,0.999,3499786.01657806,3595636.36773332,9368967.59933398,TRUE,506730229259.438,lower,BFM,2348145,adults,WID
URY,2012,0.999,3499786.01657806,3595636.36773332,9368967.59933398,TRUE,NA,middle,SNA_CEI + SNA_WID,2348145,adults,WID
URY,2012,0.9999,12705471.0754171,44200692.7428059,44200692.7428058,TRUE,753651464200,upper,SNA_CEI + SNA_WID,2348145,adults,WID
URY,2012,0.9999,12705471.0754171,44200692.7428059,44200692.7428058,TRUE,506730229259.438,lower,BFM,2348145,adults,WID
URY,2012,0.9999,12705471.0754171,44200692.7428059,44200692.7428058,TRUE,NA,middle,SNA_CEI + SNA_WID,2348145,adults,WID
URY,2013,0.9,427641.334616225,438620.980535724,856957.979815747,TRUE,NA,upper,SNA_CEI + SNA_WID,2364044,adults,WID
URY,2013,0.9,427641.334616225,438620.980535724,856957.979815747,TRUE,588417504971.094,lower,BFM,2364044,adults,WID
URY,2013,0.9,427641.334616225,438620.980535724,856957.979815747,TRUE,NA,middle,SNA_CEI + SNA_WID,2364044,adults,WID
URY,2013,0.99,1251470.61760229,1279883.78073814,2837765.27890607,TRUE,NA,upper,SNA_CEI + SNA_WID,2364044,adults,WID
URY,2013,0.99,1251470.61760229,1279883.78073814,2837765.27890607,TRUE,588417504971.094,lower,BFM,2364044,adults,WID
URY,2013,0.99,1251470.61760229,1279883.78073814,2837765.27890607,TRUE,NA,middle,SNA_CEI + SNA_WID,2364044,adults,WID
URY,2013,0.999,3937537.75530052,4063660.35682413,11649403.8045609,TRUE,NA,upper,SNA_CEI + SNA_WID,2364044,adults,WID
URY,2013,0.999,3937537.75530052,4063660.35682413,11649403.8045609,TRUE,588417504971.094,lower,BFM,2364044,adults,WID
URY,2013,0.999,3937537.75530052,4063660.35682413,11649403.8045609,TRUE,NA,middle,SNA_CEI + SNA_WID,2364044,adults,WID
URY,2013,0.9999,15197503.1781084,59715174.7296255,59715174.7296255,TRUE,NA,upper,SNA_CEI + SNA_WID,2364044,adults,WID
URY,2013,0.9999,15197503.1781084,59715174.7296255,59715174.7296255,TRUE,588417504971.094,lower,BFM,2364044,adults,WID
URY,2013,0.9999,15197503.1781084,59715174.7296255,59715174.7296255,TRUE,NA,middle,SNA_CEI + SNA_WID,2364044,adults,WID
URY,2014,0.9,486139.120430877,497162.117880825,980918.438084268,TRUE,NA,upper,SNA_CEI + SNA_WID,2381077,adults,WID
URY,2014,0.9,486139.120430877,497162.117880825,980918.438084268,TRUE,709041107132.719,lower,BFM,2381077,adults,WID
URY,2014,0.9,486139.120430877,497162.117880825,980918.438084268,TRUE,NA,middle,SNA_CEI + SNA_WID,2381077,adults,WID
URY,2014,0.99,1439169.52730211,1472635.25949372,3269538.06614753,TRUE,NA,upper,SNA_CEI + SNA_WID,2381077,adults,WID
URY,2014,0.99,1439169.52730211,1472635.25949372,3269538.06614753,TRUE,709041107132.719,lower,BFM,2381077,adults,WID
URY,2014,0.99,1439169.52730211,1472635.25949372,3269538.06614753,TRUE,NA,middle,SNA_CEI + SNA_WID,2381077,adults,WID
URY,2014,0.999,4759359.28514159,4894280.74034496,12948289.3416198,TRUE,NA,upper,SNA_CEI + SNA_WID,2381077,adults,WID
URY,2014,0.999,4759359.28514159,4894280.74034496,12948289.3416198,TRUE,709041107132.719,lower,BFM,2381077,adults,WID
URY,2014,0.999,4759359.28514159,4894280.74034496,12948289.3416198,TRUE,NA,middle,SNA_CEI + SNA_WID,2381077,adults,WID
URY,2014,0.9999,19481755.4652458,59081758.8843021,59081758.884302,TRUE,NA,upper,SNA_CEI + SNA_WID,2381077,adults,WID
URY,2014,0.9999,19481755.4652458,59081758.8843021,59081758.884302,TRUE,709041107132.719,lower,BFM,2381077,adults,WID
URY,2014,0.9999,19481755.4652458,59081758.8843021,59081758.884302,TRUE,NA,middle,SNA_CEI + SNA_WID,2381077,adults,WID
URY,2015,0.9,541230.935084718,552781.115361654,1110074.66901311,TRUE,NA,upper,SNA_CEI + SNA_WID,2398917,adults,WID
URY,2015,0.9,541230.935084718,552781.115361654,1110074.66901311,TRUE,754840853589.875,lower,BFM,2398917,adults,WID
URY,2015,0.9,541230.935084718,552781.115361654,1110074.66901311,TRUE,NA,middle,SNA_CEI + SNA_WID,2398917,adults,WID
URY,2015,0.99,1609449.42524889,1648589.10211397,3842606.41160635,TRUE,NA,upper,SNA_CEI + SNA_WID,2398917,adults,WID
URY,2015,0.99,1609449.42524889,1648589.10211397,3842606.41160635,TRUE,754840853589.875,lower,BFM,2398917,adults,WID
URY,2015,0.99,1609449.42524889,1648589.10211397,3842606.41160635,TRUE,NA,middle,SNA_CEI + SNA_WID,2398917,adults,WID
URY,2015,0.999,5514647.86126788,5693023.50081106,16086100.0020192,TRUE,NA,upper,SNA_CEI + SNA_WID,2398917,adults,WID
URY,2015,0.999,5514647.86126788,5693023.50081106,16086100.0020192,TRUE,754840853589.875,lower,BFM,2398917,adults,WID
URY,2015,0.999,5514647.86126788,5693023.50081106,16086100.0020192,TRUE,NA,middle,SNA_CEI + SNA_WID,2398917,adults,WID
URY,2015,0.9999,23335209.784781,77061650.1053543,77061650.1053542,TRUE,NA,upper,SNA_CEI + SNA_WID,2398917,adults,WID
URY,2015,0.9999,23335209.784781,77061650.1053543,77061650.1053542,TRUE,754840853589.875,lower,BFM,2398917,adults,WID
URY,2015,0.9999,23335209.784781,77061650.1053543,77061650.1053542,TRUE,NA,middle,SNA_CEI + SNA_WID,2398917,adults,WID
URY,2016,0.9,606348.803949376,616894.208376489,1281431.47283031,TRUE,1145090408448,upper,SNA_CEI + SNA_WID,2416656,adults,WID
URY,2016,0.9,606348.803949376,616894.208376489,1281431.47283031,TRUE,863553435052.594,lower,BFM,2416656,adults,WID
URY,2016,0.9,606348.803949376,616894.208376489,1281431.47283031,TRUE,NA,middle,SNA_CEI + SNA_WID,2416656,adults,WID
URY,2016,0.99,1835608.25954164,1884627.79520271,4653249.57464821,TRUE,1145090408448,upper,SNA_CEI + SNA_WID,2416656,adults,WID
URY,2016,0.99,1835608.25954164,1884627.79520271,4653249.57464821,TRUE,863553435052.594,lower,BFM,2416656,adults,WID
URY,2016,0.99,1835608.25954164,1884627.79520271,4653249.57464821,TRUE,NA,middle,SNA_CEI + SNA_WID,2416656,adults,WID
URY,2016,0.999,7115240.93428565,7331500.52462306,19802724.7671813,TRUE,1145090408448,upper,SNA_CEI + SNA_WID,2416656,adults,WID
URY,2016,0.999,7115240.93428565,7331500.52462306,19802724.7671813,TRUE,863553435052.594,lower,BFM,2416656,adults,WID
URY,2016,0.999,7115240.93428565,7331500.52462306,19802724.7671813,TRUE,NA,middle,SNA_CEI + SNA_WID,2416656,adults,WID
URY,2016,0.9999,33517815.8077921,87415688.9816849,87415688.9816849,TRUE,1145090408448,upper,SNA_CEI + SNA_WID,2416656,adults,WID
URY,2016,0.9999,33517815.8077921,87415688.9816849,87415688.9816849,TRUE,863553435052.594,lower,BFM,2416656,adults,WID
URY,2016,0.9999,33517815.8077921,87415688.9816849,87415688.9816849,TRUE,NA,middle,SNA_CEI + SNA_WID,2416656,adults,WID
ARG,2000,0.9,0,0,8237.96138680656,FALSE,290304655360,upper,WID TOT_B5g_wid (2000+),23434025,adults,WID
ARG,2000,0.9,0,0,8237.96138680656,FALSE,134758313872.031,lower,BFM,23434025,adults,WID
ARG,2000,0.99,27015.8692703197,28371.9477332679,65612.3806682359,TRUE,290304655360,upper,WID TOT_B5g_wid (2000+),23434025,adults,WID
ARG,2000,0.99,27015.8692703197,28371.9477332679,65612.3806682359,TRUE,134758313872.031,lower,BFM,23434025,adults,WID
ARG,2000,0.999,106030.410345623,108752.013002089,232343.077509914,TRUE,290304655360,upper,WID TOT_B5g_wid (2000+),23434025,adults,WID
ARG,2000,0.999,106030.410345623,108752.013002089,232343.077509914,TRUE,134758313872.031,lower,BFM,23434025,adults,WID
ARG,2000,0.9999,382430.462951478,794573.140518822,794573.140518823,TRUE,290304655360,upper,WID TOT_B5g_wid (2000+),23434025,adults,WID
ARG,2000,0.9999,382430.462951478,794573.140518822,794573.140518823,TRUE,134758313872.031,lower,BFM,23434025,adults,WID
ARG,2001,0.9,0,0,5947.04101012554,FALSE,270889779200,upper,WID TOT_B5g_wid (2000+),23812258,adults,WID
ARG,2001,0.9,0,0,5947.04101012554,FALSE,127494538251.782,lower,BFM,23812258,adults,WID
ARG,2001,0.99,20991.2432914735,22080.5562969184,50485.0632513069,TRUE,270889779200,upper,WID TOT_B5g_wid (2000+),23812258,adults,WID
ARG,2001,0.99,20991.2432914735,22080.5562969184,50485.0632513069,TRUE,127494538251.782,lower,BFM,23812258,adults,WID
ARG,2001,0.999,83444.0156175981,85345.7689409212,153288.095440264,TRUE,270889779200,upper,WID TOT_B5g_wid (2000+),23812258,adults,WID
ARG,2001,0.999,83444.0156175981,85345.7689409212,153288.095440264,TRUE,127494538251.782,lower,BFM,23812258,adults,WID
ARG,2001,0.9999,235114.06065569,450237.466997592,450237.466997592,TRUE,270889779200,upper,WID TOT_B5g_wid (2000+),23812258,adults,WID
ARG,2001,0.9999,235114.06065569,450237.466997592,450237.466997592,TRUE,127494538251.782,lower,BFM,23812258,adults,WID
ARG,2002,0.9,0,0,8743.14024274121,FALSE,310835118080,upper,WID TOT_B5g_wid (2000+),24186898,adults,WID
ARG,2002,0.9,0,0,8743.14024274121,FALSE,113232722159.549,lower,BFM,24186898,adults,WID
ARG,2002,0.99,28502.6032220463,29834.2048152871,62293.6365422385,TRUE,310835118080,upper,WID TOT_B5g_wid (2000+),24186898,adults,WID
ARG,2002,0.99,28502.6032220463,29834.2048152871,62293.6365422385,TRUE,113232722159.549,lower,BFM,24186898,adults,WID
ARG,2002,0.999,99299.5395699737,101703.314297511,180558.359589508,TRUE,310835118080,upper,WID TOT_B5g_wid (2000+),24186898,adults,WID
ARG,2002,0.999,99299.5395699737,101703.314297511,180558.359589508,TRUE,113232722159.549,lower,BFM,24186898,adults,WID
ARG,2002,0.9999,281462.500483175,529272.158181166,529272.158181166,TRUE,310835118080,upper,WID TOT_B5g_wid (2000+),24186898,adults,WID
ARG,2002,0.9999,281462.500483175,529272.158181166,529272.158181166,TRUE,113232722159.549,lower,BFM,24186898,adults,WID
ARG,2003,0.9,0,0,10742.0248962473,FALSE,376351621120,upper,WID TOT_B5g_wid (2000+),24551852,adults,WID
ARG,2003,0.9,0,0,10742.0248962473,FALSE,159672269165.742,lower,BFM,24551852,adults,WID
ARG,2003,0.99,34824.5134727464,36303.2302483657,74991.011656834,TRUE,376351621120,upper,WID TOT_B5g_wid (2000+),24551852,adults,WID
ARG,2003,0.99,34824.5134727464,36303.2302483657,74991.011656834,TRUE,159672269165.742,lower,BFM,24551852,adults,WID
ARG,2003,0.999,118846.261454441,121674.954935151,215314.618910385,TRUE,376351621120,upper,WID TOT_B5g_wid (2000+),24551852,adults,WID
ARG,2003,0.999,118846.261454441,121674.954935151,215314.618910385,TRUE,159672269165.742,lower,BFM,24551852,adults,WID
ARG,2003,0.9999,326855.960692191,622383.186119568,622383.186119568,TRUE,376351621120,upper,WID TOT_B5g_wid (2000+),24551852,adults,WID
ARG,2003,0.9999,326855.960692191,622383.186119568,622383.186119568,TRUE,159672269165.742,lower,BFM,24551852,adults,WID
ARG,2004,0.9,0,0,10777.2969366601,FALSE,439959486464,upper,WID TOT_B5g_wid (2000+),24913234,adults,WID
ARG,2004,0.9,0,0,10777.2969366601,FALSE,190376760532.359,lower,BFM,24913234,adults,WID
ARG,2004,0.99,33522.052990048804,35018.9435715094,77664.3397861526,TRUE,439959486464,upper,WID TOT_B5g_wid (2000+),24913234,adults,WID
ARG,2004,0.99,33522.052990048804,35018.9435715094,77664.3397861526,TRUE,190376760532.359,lower,BFM,24913234,adults,WID
ARG,2004,0.999,128666.810725665,131849.365824167,228506.70871674,TRUE,439959486464,upper,WID TOT_B5g_wid (2000+),24913234,adults,WID
ARG,2004,0.999,128666.810725665,131849.365824167,228506.70871674,TRUE,190376760532.359,lower,BFM,24913234,adults,WID
ARG,2004,0.9999,325440.771957676,618612.03671178,618612.036711781,TRUE,439959486464,upper,WID TOT_B5g_wid (2000+),24913234,adults,WID
ARG,2004,0.9999,325440.771957676,618612.03671178,618612.036711781,TRUE,190376760532.359,lower,BFM,24913234,adults,WID
ARG,2005,0.9,0,0,11252.1790909214,FALSE,540410675200,upper,WID TOT_B5g_wid (2000+),25278559,adults,WID
ARG,2005,0.9,0,0,11252.1790909214,FALSE,249238905339.969,lower,BFM,25278559,adults,WID
ARG,2005,0.99,36047.5373011524,37963.9078080231,86629.9347145003,TRUE,540410675200,upper,WID TOT_B5g_wid (2000+),25278559,adults,WID
ARG,2005,0.99,36047.5373011524,37963.9078080231,86629.9347145003,TRUE,249238905339.969,lower,BFM,25278559,adults,WID
ARG,2005,0.999,147228.684981332,151217.279151416,256390.108532729,TRUE,540410675200,upper,WID TOT_B5g_wid (2000+),25278559,adults,WID
ARG,2005,0.999,147228.684981332,151217.279151416,256390.108532729,TRUE,249238905339.969,lower,BFM,25278559,adults,WID
ARG,2005,0.9999,381117.892678584,701235.434804193,701235.434804193,TRUE,540410675200,upper,WID TOT_B5g_wid (2000+),25278559,adults,WID
ARG,2005,0.9999,381117.892678584,701235.434804193,701235.434804193,TRUE,249238905339.969,lower,BFM,25278559,adults,WID
ARG,2006,0.9,0,0,13418.8562032691,FALSE,665163726848,upper,WID TOT_B5g_wid (2000+),25645281,adults,WID
ARG,2006,0.9,0,0,13418.8562032691,FALSE,302500705061.492,lower,BFM,25645281,adults,WID
ARG,2006,0.99,43762.2717790827,45921.9831566691,101172.439663536,TRUE,665163726848,upper,WID TOT_B5g_wid (2000+),25645281,adults,WID
ARG,2006,0.99,43762.2717790827,45921.9831566691,101172.439663536,TRUE,302500705061.492,lower,BFM,25645281,adults,WID
ARG,2006,0.999,169662.588500102,172923.994294479,297651.804696519,TRUE,665163726848,upper,WID TOT_B5g_wid (2000+),25645281,adults,WID
ARG,2006,0.999,169662.588500102,172923.994294479,297651.804696519,TRUE,302500705061.492,lower,BFM,25645281,adults,WID
ARG,2006,0.9999,459355.891523079,915665.059669699,915665.059669699,TRUE,665163726848,upper,WID TOT_B5g_wid (2000+),25645281,adults,WID
ARG,2006,0.9999,459355.891523079,915665.059669699,915665.059669699,TRUE,302500705061.492,lower,BFM,25645281,adults,WID
ARG,2007,0.9,0,0,18207.8164065594,FALSE,840867053568,upper,WID TOT_B5g_wid (2000+),26005613,adults,WID
ARG,2007,0.9,0,0,18207.8164065594,FALSE,409959824000.062,lower,BFM,26005613,adults,WID
ARG,2007,0.99,58226.1965423249,61376.1088053773,140002.403155624,TRUE,840867053568,upper,WID TOT_B5g_wid (2000+),26005613,adults,WID
ARG,2007,0.99,58226.1965423249,61376.1088053773,140002.403155624,TRUE,409959824000.062,lower,BFM,26005613,adults,WID
ARG,2007,0.999,234020.466818648,240244.516657184,434657.348828035,TRUE,840867053568,upper,WID TOT_B5g_wid (2000+),26005613,adults,WID
ARG,2007,0.999,234020.466818648,240244.516657184,434657.348828035,TRUE,409959824000.062,lower,BFM,26005613,adults,WID
ARG,2007,0.9999,650560.673029884,1259513.33595007,1259513.33595007,TRUE,840867053568,upper,WID TOT_B5g_wid (2000+),26005613,adults,WID
ARG,2007,0.9999,650560.673029884,1259513.33595007,1259513.33595007,TRUE,409959824000.062,lower,BFM,26005613,adults,WID
ARG,2008,0.9,0,0,13504.3441500593,FALSE,1064399863808,upper,WID TOT_B5g_wid (2000+),26372262,adults,WID
ARG,2008,0.9,0,0,13504.3441500593,FALSE,560573130771.656,lower,BFM,26372262,adults,WID
ARG,2008,0.99,38858.4518340802,42153.6787309505,121508.835237789,TRUE,1064399863808,upper,WID TOT_B5g_wid (2000+),26372262,adults,WID
ARG,2008,0.99,38858.4518340802,42153.6787309505,121508.835237789,TRUE,560573130771.656,lower,BFM,26372262,adults,WID
ARG,2008,0.999,217818.085899064,223331.599224199,403497.702211994,TRUE,1064399863808,upper,WID TOT_B5g_wid (2000+),26372262,adults,WID
ARG,2008,0.999,217818.085899064,223331.599224199,403497.702211994,TRUE,560573130771.656,lower,BFM,26372262,adults,WID
ARG,2008,0.9999,662282.649938215,1138247.95212956,1138247.95212956,TRUE,1064399863808,upper,WID TOT_B5g_wid (2000+),26372262,adults,WID
ARG,2008,0.9999,662282.649938215,1138247.95212956,1138247.95212956,TRUE,560573130771.656,lower,BFM,26372262,adults,WID
ARG,2009,0.9,0,0,17778.4747162377,FALSE,1173535719424,upper,WID TOT_B5g_wid (2000+),26755592,adults,WID
ARG,2009,0.9,0,0,17778.4747162377,FALSE,687256975138.5,lower,BFM,26755592,adults,WID
ARG,2009,0.99,53029.0777676464,57167.2936045086,155585.973662499,TRUE,1173535719424,upper,WID TOT_B5g_wid (2000+),26755592,adults,WID
ARG,2009,0.99,53029.0777676464,57167.2936045086,155585.973662499,TRUE,687256975138.5,lower,BFM,26755592,adults,WID
ARG,2009,0.999,269840.122215921,275844.392905162,479149.877622535,TRUE,1173535719424,upper,WID TOT_B5g_wid (2000+),26755592,adults,WID
ARG,2009,0.999,269840.122215921,275844.392905162,479149.877622535,TRUE,687256975138.5,lower,BFM,26755592,adults,WID
ARG,2009,0.9999,724914.629269307,1329394.65049567,1329394.65049567,TRUE,1173535719424,upper,WID TOT_B5g_wid (2000+),26755592,adults,WID
ARG,2009,0.9999,724914.629269307,1329394.65049567,1329394.65049567,TRUE,687256975138.5,lower,BFM,26755592,adults,WID
ARG,2010,0.9,0,0,34607.9373913998,FALSE,1545276751872,upper,WID TOT_B5g_wid (2000+),27144516,adults,WID
ARG,2010,0.9,0,0,34607.9373913998,FALSE,872818686879,lower,BFM,27144516,adults,WID
ARG,2010,0.99,131499.82387907,137983.534721996,270482.714752798,TRUE,1545276751872,upper,WID TOT_B5g_wid (2000+),27144516,adults,WID
ARG,2010,0.99,131499.82387907,137983.534721996,270482.714752798,TRUE,872818686879,lower,BFM,27144516,adults,WID
ARG,2010,0.999,436238.86986723,445988.136692364,762464.063888556,TRUE,1545276751872,upper,WID TOT_B5g_wid (2000+),27144516,adults,WID
ARG,2010,0.999,436238.86986723,445988.136692364,762464.063888556,TRUE,872818686879,lower,BFM,27144516,adults,WID
ARG,2010,0.9999,1205422.49174274,2024509.69882592,2024509.69882592,TRUE,1545276751872,upper,WID TOT_B5g_wid (2000+),27144516,adults,WID
ARG,2010,0.9999,1205422.49174274,2024509.69882592,2024509.69882592,TRUE,872818686879,lower,BFM,27144516,adults,WID
ARG,2011,0.9,0,0,23177.9847041066,FALSE,2027476877312,upper,WID TOT_B5g_wid (2000+),27542842,adults,WID
ARG,2011,0.9,0,0,23177.9847041066,FALSE,1184830737990.19,lower,BFM,27542842,adults,WID
ARG,2011,0.99,73228.0404476702,79024.536289917,199894.886468268,TRUE,2027476877312,upper,WID TOT_B5g_wid (2000+),27542842,adults,WID
ARG,2011,0.99,73228.0404476702,79024.536289917,199894.886468268,TRUE,1184830737990.19,lower,BFM,27542842,adults,WID
ARG,2011,0.999,340491.702309317,348239.944043772,597552.95939879,TRUE,2027476877312,upper,WID TOT_B5g_wid (2000+),27542842,adults,WID
ARG,2011,0.999,340491.702309317,348239.944043772,597552.95939879,TRUE,1184830737990.19,lower,BFM,27542842,adults,WID
ARG,2011,0.9999,950600.63973346,1607130.30275555,1607130.30275555,TRUE,2027476877312,upper,WID TOT_B5g_wid (2000+),27542842,adults,WID
ARG,2011,0.9999,950600.63973346,1607130.30275555,1607130.30275555,TRUE,1184830737990.19,lower,BFM,27542842,adults,WID
ARG,2012,0.9,0,0,44939.1520585833,FALSE,2491329544192,upper,WID TOT_B5g_wid (2000+),27943707,adults,WID
ARG,2012,0.9,0,0,44939.1520585833,FALSE,1520829702367.17,lower,BFM,27943707,adults,WID
ARG,2012,0.99,169743.252980082,175510.138674695,324464.432390869,TRUE,2491329544192,upper,WID TOT_B5g_wid (2000+),27943707,adults,WID
ARG,2012,0.99,169743.252980082,175510.138674695,324464.432390869,TRUE,1520829702367.17,lower,BFM,27943707,adults,WID
ARG,2012,0.999,516873.68391576,527363.696522871,876387.175608034,TRUE,2491329544192,upper,WID TOT_B5g_wid (2000+),27943707,adults,WID
ARG,2012,0.999,516873.68391576,527363.696522871,876387.175608034,TRUE,1520829702367.17,lower,BFM,27943707,adults,WID
ARG,2012,0.9999,1369347.72106744,2170070.75720556,2170070.75720556,TRUE,2491329544192,upper,WID TOT_B5g_wid (2000+),27943707,adults,WID
ARG,2012,0.9999,1369347.72106744,2170070.75720556,2170070.75720556,TRUE,1520829702367.17,lower,BFM,27943707,adults,WID
ARG,2013,0.9,0,0,60711.5331110358,FALSE,3159173627904,upper,WID TOT_B5g_wid (2000+),28341396,adults,WID
ARG,2013,0.9,0,0,60711.5331110358,FALSE,1933126353140.72,lower,BFM,28341396,adults,WID
ARG,2013,0.99,217541.315571957,223844.979117244,409889.563274539,TRUE,3159173627904,upper,WID TOT_B5g_wid (2000+),28341396,adults,WID
ARG,2013,0.99,217541.315571957,223844.979117244,409889.563274539,TRUE,1933126353140.72,lower,BFM,28341396,adults,WID
ARG,2013,0.999,645232.473647002,659331.537956862,1116594.16280229,TRUE,3159173627904,upper,WID TOT_B5g_wid (2000+),28341396,adults,WID
ARG,2013,0.999,645232.473647002,659331.537956862,1116594.16280229,TRUE,1933126353140.72,lower,BFM,28341396,adults,WID
ARG,2013,0.9999,1680386.17788767,2910447.19325675,2910447.19325675,TRUE,3159173627904,upper,WID TOT_B5g_wid (2000+),28341396,adults,WID
ARG,2013,0.9999,1680386.17788767,2910447.19325675,2910447.19325675,TRUE,1933126353140.72,lower,BFM,28341396,adults,WID
ARG,2014,0.9,0,0,125716.116263934,FALSE,4212980449280,upper,WID TOT_B5g_wid (2000+),28745666,adults,WID
ARG,2014,0.9,0,0,125716.116263934,FALSE,2627552007978.25,lower,BFM,28745666,adults,WID
ARG,2014,0.99,350104.27313351,359209.14581664,655462.537310506,TRUE,4212980449280,upper,WID TOT_B5g_wid (2000+),28745666,adults,WID
ARG,2014,0.99,350104.27313351,359209.14581664,655462.537310506,TRUE,2627552007978.25,lower,BFM,28745666,adults,WID
ARG,2014,0.999,998091.467996858,1020546.61487542,1866950.25359727,TRUE,4212980449280,upper,WID TOT_B5g_wid (2000+),28745666,adults,WID
ARG,2014,0.999,998091.467996858,1020546.61487542,1866950.25359727,TRUE,2627552007978.25,lower,BFM,28745666,adults,WID
ARG,2014,0.9999,2695066.74716928,5443148.97387635,5443148.97387634,TRUE,4212980449280,upper,WID TOT_B5g_wid (2000+),28745666,adults,WID
ARG,2014,0.9999,2695066.74716928,5443148.97387635,5443148.97387634,TRUE,2627552007978.25,lower,BFM,28745666,adults,WID
ARG,2015,0.9,0,0,154206.30181536,FALSE,5366980018176,upper,WID TOT_B5g_wid (2000+),29152873,adults,WID
ARG,2015,0.99,449662.004714539,461157.766210977,846007.811430344,TRUE,5366980018176,upper,WID TOT_B5g_wid (2000+),29152873,adults,WID
ARG,2015,0.999,1313407.95643259,1347053.01309106,2423392.05137824,TRUE,5366980018176,upper,WID TOT_B5g_wid (2000+),29152873,adults,WID
ARG,2015,0.9999,3439222.90143422,7223641.63834339,7223641.63834339,TRUE,5366980018176,upper,WID TOT_B5g_wid (2000+),29152873,adults,WID
ARG,2016,0.9,0,0,206468.4959301,FALSE,7435975131136,upper,WID TOT_B5g_wid (2000+),29542154,adults,WID
ARG,2016,0.9,0,0,206468.4959301,FALSE,3613524966366.88,lower,BFM,29542154,adults,WID
ARG,2016,0.99,626414.897992769,642983.034649237,1212471.62279426,TRUE,7435975131136,upper,WID TOT_B5g_wid (2000+),29542154,adults,WID
ARG,2016,0.99,626414.897992769,642983.034649237,1212471.62279426,TRUE,3613524966366.88,lower,BFM,29542154,adults,WID
ARG,2016,0.999,1921468.50832341,1973853.42684155,3782402.8720549,TRUE,7435975131136,upper,WID TOT_B5g_wid (2000+),29542154,adults,WID
ARG,2016,0.999,1921468.50832341,1973853.42684155,3782402.8720549,TRUE,3613524966366.88,lower,BFM,29542154,adults,WID
ARG,2016,0.9999,4780492.68514578,14893727.5592448,14893727.5592448,TRUE,7435975131136,upper,WID TOT_B5g_wid (2000+),29542154,adults,WID
ARG,2016,0.9999,4780492.68514578,14893727.5592448,14893727.5592448,TRUE,3613524966366.88,lower,BFM,29542154,adults,WID
ARG,2017,0.9,0,0,250853.552953105,FALSE,9589356494848,upper,WID TOT_B5g_wid (2000+),29914836,adults,WID
ARG,2017,0.9,0,0,250853.552953105,FALSE,4740279373958.12,lower,BFM,29914836,adults,WID
ARG,2017,0.99,836753.617654998,859427.731223387,1659183.09611167,TRUE,9589356494848,upper,WID TOT_B5g_wid (2000+),29914836,adults,WID
ARG,2017,0.99,836753.617654998,859427.731223387,1659183.09611167,TRUE,4740279373958.12,lower,BFM,29914836,adults,WID
ARG,2017,0.999,2420408.50709025,2449633.96825744,5400962.64936932,TRUE,9589356494848,upper,WID TOT_B5g_wid (2000+),29914836,adults,WID
ARG,2017,0.999,2420408.50709025,2449633.96825744,5400962.64936932,TRUE,4740279373958.12,lower,BFM,29914836,adults,WID
ARG,2017,0.9999,7182542.59252881,23717945.0074226,23717945.0074226,TRUE,9589356494848,upper,WID TOT_B5g_wid (2000+),29914836,adults,WID
ARG,2017,0.9999,7182542.59252881,23717945.0074226,23717945.0074226,TRUE,4740279373958.12,lower,BFM,29914836,adults,WID
ARG,2018,0.9,0,0,308449.574801952,FALSE,13102423736320,upper,WID TOT_B5g_wid (2000+),30287061,adults,WID
ARG,2018,0.9,0,0,308449.574801952,FALSE,5336836668462.5,lower,BFM,30287061,adults,WID
ARG,2018,0.99,961431.589366486,1013772.19511476,2161241.42780897,TRUE,13102423736320,upper,WID TOT_B5g_wid (2000+),30287061,adults,WID
ARG,2018,0.99,961431.589366486,1013772.19511476,2161241.42780897,TRUE,5336836668462.5,lower,BFM,30287061,adults,WID
ARG,2018,0.999,5037579.2312814,5182260.15937654,6960311.40183469,TRUE,13102423736320,upper,WID TOT_B5g_wid (2000+),30287061,adults,WID
ARG,2018,0.999,5037579.2312814,5182260.15937654,6960311.40183469,TRUE,5336836668462.5,lower,BFM,30287061,adults,WID
ARG,2018,0.9999,9004817.85705611,9644123.32685177,9644123.32685177,TRUE,13102423736320,upper,WID TOT_B5g_wid (2000+),30287061,adults,WID
ARG,2018,0.9999,9004817.85705611,9644123.32685177,9644123.32685177,TRUE,5336836668462.5,lower,BFM,30287061,adults,WID
ARG,2019,0.9,0,0,476959.422488892,FALSE,18811380039680,upper,WID TOT_B5g_wid (2000+),30659500,adults,WID
ARG,2019,0.9,0,0,476959.422488892,FALSE,8025100322900.94,lower,BFM,30659500,adults,WID
ARG,2019,0.99,1395166.04130113,1457420.20869232,3535886.22144458,TRUE,18811380039680,upper,WID TOT_B5g_wid (2000+),30659500,adults,WID
ARG,2019,0.99,1395166.04130113,1457420.20869232,3535886.22144458,TRUE,8025100322900.94,lower,BFM,30659500,adults,WID
ARG,2019,0.999,5185309.14886075,5341776.10232941,14371971.4575504,TRUE,18811380039680,upper,WID TOT_B5g_wid (2000+),30659500,adults,WID
ARG,2019,0.999,5185309.14886075,5341776.10232941,14371971.4575504,TRUE,8025100322900.94,lower,BFM,30659500,adults,WID
ARG,2019,0.9999,19027110.6222541,66970756.7844066,66970756.7844066,TRUE,18811380039680,upper,WID TOT_B5g_wid (2000+),30659500,adults,WID
ARG,2019,0.9999,19027110.6222541,66970756.7844066,66970756.7844066,TRUE,8025100322900.94,lower,BFM,30659500,adults,WID
BRA,2000,0.9,10694.4422017127,11601.7575649352,39624.2768910302,TRUE,686392213504,upper,SNA_CEI + SNA_WID,104044133,adults,WID
BRA,2000,0.9,10694.4422017127,11601.7575649352,39624.2768910302,TRUE,NA,middle,SNA_CEI + SNA_WID,104044133,adults,WID
BRA,2000,0.99,67085.937434172,69505.1611118766,178753.841293275,TRUE,686392213504,upper,SNA_CEI + SNA_WID,104044133,adults,WID
BRA,2000,0.99,67085.937434172,69505.1611118766,178753.841293275,TRUE,NA,middle,SNA_CEI + SNA_WID,104044133,adults,WID
BRA,2000,0.999,192400.568998,198142.853580624,842465.82889416,TRUE,686392213504,upper,SNA_CEI + SNA_WID,104044133,adults,WID
BRA,2000,0.999,192400.568998,198142.853580624,842465.82889416,TRUE,NA,middle,SNA_CEI + SNA_WID,104044133,adults,WID
BRA,2000,0.9999,998180.378807143,5480078.76881517,5480078.76881517,TRUE,686392213504,upper,SNA_CEI + SNA_WID,104044133,adults,WID
BRA,2000,0.9999,998180.378807143,5480078.76881517,5480078.76881517,TRUE,NA,middle,SNA_CEI + SNA_WID,104044133,adults,WID
BRA,2002,0.9,13472.2,13822.7300000004,44305.376499992,TRUE,833640546304,upper,SNA_CEI + SNA_WID,109193375,adults,WID
BRA,2002,0.9,13472.2,13822.7300000004,44305.376499992,TRUE,867876963336.562,lower,BFM,109193375,adults,WID
BRA,2002,0.9,13472.2,13822.7300000004,44305.376499992,TRUE,NA,middle,SNA_CEI + SNA_WID,109193375,adults,WID
BRA,2002,0.99,81610.8900000001,83606.6299999987,190335.90499992,TRUE,833640546304,upper,SNA_CEI + SNA_WID,109193375,adults,WID
BRA,2002,0.99,81610.8900000001,83606.6299999987,190335.90499992,TRUE,867876963336.562,lower,BFM,109193375,adults,WID
BRA,2002,0.99,81610.8900000001,83606.6299999987,190335.90499992,TRUE,NA,middle,SNA_CEI + SNA_WID,109193375,adults,WID
BRA,2002,0.999,269244,280913.500000003,793626.639999199,TRUE,833640546304,upper,SNA_CEI + SNA_WID,109193375,adults,WID
BRA,2002,0.999,269244,280913.500000003,793626.639999199,TRUE,867876963336.562,lower,BFM,109193375,adults,WID
BRA,2002,0.999,269244,280913.500000003,793626.639999199,TRUE,NA,middle,SNA_CEI + SNA_WID,109193375,adults,WID
BRA,2002,0.9999,1071471,4057719.09999247,4057719.09999247,TRUE,833640546304,upper,SNA_CEI + SNA_WID,109193375,adults,WID
BRA,2002,0.9999,1071471,4057719.09999247,4057719.09999247,TRUE,867876963336.562,lower,BFM,109193375,adults,WID
BRA,2002,0.9999,1071471,4057719.09999247,4057719.09999247,TRUE,NA,middle,SNA_CEI + SNA_WID,109193375,adults,WID
BRA,2006,0.9,19628.3957457111,20310.699486457,66023.9851790835,TRUE,1331927662592,upper,SNA_CEI + SNA_WID,119499906,adults,WID
BRA,2006,0.9,19628.3957457111,20310.699486457,66023.9851790835,TRUE,1448549374078.5,lower,BFM,119499906,adults,WID
BRA,2006,0.9,19628.3957457111,20310.699486457,66023.9851790835,TRUE,NA,middle,SNA_CEI + SNA_WID,119499906,adults,WID
BRA,2006,0.99,116720.964135526,120872.069058957,292494.980777806,TRUE,1331927662592,upper,SNA_CEI + SNA_WID,119499906,adults,WID
BRA,2006,0.99,116720.964135526,120872.069058957,292494.980777806,TRUE,1448549374078.5,lower,BFM,119499906,adults,WID
BRA,2006,0.99,116720.964135526,120872.069058957,292494.980777806,TRUE,NA,middle,SNA_CEI + SNA_WID,119499906,adults,WID
BRA,2006,0.999,482434.307941811,497245.604217577,1109602.51642937,TRUE,1331927662592,upper,SNA_CEI + SNA_WID,119499906,adults,WID
BRA,2006,0.999,482434.307941811,497245.604217577,1109602.51642937,TRUE,1448549374078.5,lower,BFM,119499906,adults,WID
BRA,2006,0.999,482434.307941811,497245.604217577,1109602.51642937,TRUE,NA,middle,SNA_CEI + SNA_WID,119499906,adults,WID
BRA,2006,0.9999,1787313.07806052,4025072.49922693,4025072.49922694,TRUE,1331927662592,upper,SNA_CEI + SNA_WID,119499906,adults,WID
BRA,2006,0.9999,1787313.07806052,4025072.49922693,4025072.49922694,TRUE,1448549374078.5,lower,BFM,119499906,adults,WID
BRA,2006,0.9999,1787313.07806052,4025072.49922693,4025072.49922694,TRUE,NA,middle,SNA_CEI + SNA_WID,119499906,adults,WID
BRA,2007,0.9,21161.2277216229,22461.7704274615,68940.296852745,TRUE,1512025178112,upper,SNA_CEI + SNA_WID,121993047,adults,WID
BRA,2007,0.9,21161.2277216229,22461.7704274615,68940.296852745,TRUE,1476554397515.58,lower,BFM,121993047,adults,WID
BRA,2007,0.9,21161.2277216229,22461.7704274615,68940.296852745,TRUE,NA,middle,SNA_CEI + SNA_WID,121993047,adults,WID
BRA,2007,0.99,100759.080995332,103302.443307025,319396.465585603,TRUE,1512025178112,upper,SNA_CEI + SNA_WID,121993047,adults,WID
BRA,2007,0.99,100759.080995332,103302.443307025,319396.465585603,TRUE,1476554397515.58,lower,BFM,121993047,adults,WID
BRA,2007,0.99,100759.080995332,103302.443307025,319396.465585603,TRUE,NA,middle,SNA_CEI + SNA_WID,121993047,adults,WID
BRA,2007,0.999,401364.540309157,404057.957583444,1471923.10991285,TRUE,1512025178112,upper,SNA_CEI + SNA_WID,121993047,adults,WID
BRA,2007,0.999,401364.540309157,404057.957583444,1471923.10991285,TRUE,1476554397515.58,lower,BFM,121993047,adults,WID
BRA,2007,0.999,401364.540309157,404057.957583444,1471923.10991285,TRUE,NA,middle,SNA_CEI + SNA_WID,121993047,adults,WID
BRA,2007,0.9999,2151115.76622033,7619148.86220966,7619148.86220966,TRUE,1512025178112,upper,SNA_CEI + SNA_WID,121993047,adults,WID
BRA,2007,0.9999,2151115.76622033,7619148.86220966,7619148.86220966,TRUE,1476554397515.58,lower,BFM,121993047,adults,WID
BRA,2007,0.9999,2151115.76622033,7619148.86220966,7619148.86220966,TRUE,NA,middle,SNA_CEI + SNA_WID,121993047,adults,WID
BRA,2008,0.9,23925.4192770911,25159.2071209679,87065.0042908899,TRUE,1742697512960,upper,SNA_CEI + SNA_WID,124413141,adults,WID
BRA,2008,0.9,23925.4192770911,25159.2071209679,87065.0042908899,TRUE,1688171205471.45,lower,BFM,124413141,adults,WID
BRA,2008,0.9,23925.4192770911,25159.2071209679,87065.0042908899,TRUE,NA,middle,SNA_CEI + SNA_WID,124413141,adults,WID
BRA,2008,0.99,145949.248863353,151106.296869991,410238.851650928,TRUE,1742697512960,upper,SNA_CEI + SNA_WID,124413141,adults,WID
BRA,2008,0.99,145949.248863353,151106.296869991,410238.851650928,TRUE,1688171205471.45,lower,BFM,124413141,adults,WID
BRA,2008,0.99,145949.248863353,151106.296869991,410238.851650928,TRUE,NA,middle,SNA_CEI + SNA_WID,124413141,adults,WID
BRA,2008,0.999,541250.379155937,560064.853955292,1933692.6787501,TRUE,1742697512960,upper,SNA_CEI + SNA_WID,124413141,adults,WID
BRA,2008,0.999,541250.379155937,560064.853955292,1933692.6787501,TRUE,1688171205471.45,lower,BFM,124413141,adults,WID
BRA,2008,0.999,541250.379155937,560064.853955292,1933692.6787501,TRUE,NA,middle,SNA_CEI + SNA_WID,124413141,adults,WID
BRA,2008,0.9999,2616863.17253808,10530503.1824797,10530503.1824797,TRUE,1742697512960,upper,SNA_CEI + SNA_WID,124413141,adults,WID
BRA,2008,0.9999,2616863.17253808,10530503.1824797,10530503.1824797,TRUE,1688171205471.45,lower,BFM,124413141,adults,WID
BRA,2008,0.9999,2616863.17253808,10530503.1824797,10530503.1824797,TRUE,NA,middle,SNA_CEI + SNA_WID,124413141,adults,WID
BRA,2009,0.9,25745.039198356,27226.7492148759,91354.6881128631,TRUE,1931800133632,upper,SNA_CEI + SNA_WID,126736563,adults,WID
BRA,2009,0.9,25745.039198356,27226.7492148759,91354.6881128631,TRUE,1845222745437.7,lower,BFM,126736563,adults,WID
BRA,2009,0.9,25745.039198356,27226.7492148759,91354.6881128631,TRUE,NA,middle,SNA_CEI + SNA_WID,126736563,adults,WID
BRA,2009,0.99,157592.687120652,163044.704588101,414219.367207187,TRUE,1931800133632,upper,SNA_CEI + SNA_WID,126736563,adults,WID
BRA,2009,0.99,157592.687120652,163044.704588101,414219.367207187,TRUE,1845222745437.7,lower,BFM,126736563,adults,WID
BRA,2009,0.99,157592.687120652,163044.704588101,414219.367207187,TRUE,NA,middle,SNA_CEI + SNA_WID,126736563,adults,WID
BRA,2009,0.999,563254.374158932,581006.651030888,1828415.17166469,TRUE,1931800133632,upper,SNA_CEI + SNA_WID,126736563,adults,WID
BRA,2009,0.999,563254.374158932,581006.651030888,1828415.17166469,TRUE,1845222745437.7,lower,BFM,126736563,adults,WID
BRA,2009,0.999,563254.374158932,581006.651030888,1828415.17166469,TRUE,NA,middle,SNA_CEI + SNA_WID,126736563,adults,WID
BRA,2009,0.9999,2618030.10203746,9240610.25886754,9240610.25886754,TRUE,1931800133632,upper,SNA_CEI + SNA_WID,126736563,adults,WID
BRA,2009,0.9999,2618030.10203746,9240610.25886754,9240610.25886754,TRUE,1845222745437.7,lower,BFM,126736563,adults,WID
BRA,2009,0.9999,2618030.10203746,9240610.25886754,9240610.25886754,TRUE,NA,middle,SNA_CEI + SNA_WID,126736563,adults,WID
BRA,2010,0.9,29443.9938514234,30548.6735304659,102756.543545095,TRUE,2262415474688,upper,SNA_CEI + SNA_WID,128954945,adults,WID
BRA,2010,0.9,29443.9938514234,30548.6735304659,102756.543545095,TRUE,2042974457856,middle,SNA_CEI + SNA_WID,128954945,adults,WID
BRA,2010,0.99,174230.244983101,180419.765250881,471975.686709675,TRUE,2262415474688,upper,SNA_CEI + SNA_WID,128954945,adults,WID
BRA,2010,0.99,174230.244983101,180419.765250881,471975.686709675,TRUE,2042974457856,middle,SNA_CEI + SNA_WID,128954945,adults,WID
BRA,2010,0.999,626474.005104695,647893.70923411,2152772.4045282,TRUE,2262415474688,upper,SNA_CEI + SNA_WID,128954945,adults,WID
BRA,2010,0.999,626474.005104695,647893.70923411,2152772.4045282,TRUE,2042974457856,middle,SNA_CEI + SNA_WID,128954945,adults,WID
BRA,2010,0.9999,3069986.4335565,11120808.1038495,11120808.1038495,TRUE,2262415474688,upper,SNA_CEI + SNA_WID,128954945,adults,WID
BRA,2010,0.9999,3069986.4335565,11120808.1038495,11120808.1038495,TRUE,2042974457856,middle,SNA_CEI + SNA_WID,128954945,adults,WID
BRA,2011,0.9,32640.2050385306,34169.3475960256,117072.538547389,TRUE,2590265245696,upper,SNA_CEI + SNA_WID,131106359,adults,WID
BRA,2011,0.9,32640.2050385306,34169.3475960256,117072.538547389,TRUE,2331382817870.62,lower,BFM,131106359,adults,WID
BRA,2011,0.9,32640.2050385306,34169.3475960256,117072.538547389,TRUE,2367172259840,middle,SNA_CEI + SNA_WID,131106359,adults,WID
BRA,2011,0.99,194992.418563202,202095.919751961,548793.808516534,TRUE,2590265245696,upper,SNA_CEI + SNA_WID,131106359,adults,WID
BRA,2011,0.99,194992.418563202,202095.919751961,548793.808516534,TRUE,2331382817870.62,lower,BFM,131106359,adults,WID
BRA,2011,0.99,194992.418563202,202095.919751961,548793.808516534,TRUE,2367172259840,middle,SNA_CEI + SNA_WID,131106359,adults,WID
BRA,2011,0.999,722639.388768785,750933.769760134,2601060.62227612,TRUE,2590265245696,upper,SNA_CEI + SNA_WID,131106359,adults,WID
BRA,2011,0.999,722639.388768785,750933.769760134,2601060.62227612,TRUE,2331382817870.62,lower,BFM,131106359,adults,WID
BRA,2011,0.999,722639.388768785,750933.769760134,2601060.62227612,TRUE,2367172259840,middle,SNA_CEI + SNA_WID,131106359,adults,WID
BRA,2011,0.9999,3629243.11419586,13874691.4843297,13874691.4843297,TRUE,2590265245696,upper,SNA_CEI + SNA_WID,131106359,adults,WID
BRA,2011,0.9999,3629243.11419586,13874691.4843297,13874691.4843297,TRUE,2331382817870.62,lower,BFM,131106359,adults,WID
BRA,2011,0.9999,3629243.11419586,13874691.4843297,13874691.4843297,TRUE,2367172259840,middle,SNA_CEI + SNA_WID,131106359,adults,WID
BRA,2012,0.9,36304.8144389642,38269.1254411559,124629.141292527,TRUE,2926646984704,upper,SNA_CEI + SNA_WID,133230688,adults,WID
BRA,2012,0.9,36304.8144389642,38269.1254411559,124629.141292527,TRUE,2758451115147.66,lower,BFM,133230688,adults,WID
BRA,2012,0.9,36304.8144389642,38269.1254411559,124629.141292527,TRUE,2639884992512,middle,SNA_CEI + SNA_WID,133230688,adults,WID
BRA,2012,0.99,209697.198491407,216687.42782467,564913.780560921,TRUE,2926646984704,upper,SNA_CEI + SNA_WID,133230688,adults,WID
BRA,2012,0.99,209697.198491407,216687.42782467,564913.780560921,TRUE,2758451115147.66,lower,BFM,133230688,adults,WID
BRA,2012,0.99,209697.198491407,216687.42782467,564913.780560921,TRUE,2639884992512,middle,SNA_CEI + SNA_WID,133230688,adults,WID
BRA,2012,0.999,786321.176782719,813580.907617015,2552596.22602516,TRUE,2926646984704,upper,SNA_CEI + SNA_WID,133230688,adults,WID
BRA,2012,0.999,786321.176782719,813580.907617015,2552596.22602516,TRUE,2758451115147.66,lower,BFM,133230688,adults,WID
BRA,2012,0.999,786321.176782719,813580.907617015,2552596.22602516,TRUE,2639884992512,middle,SNA_CEI + SNA_WID,133230688,adults,WID
BRA,2012,0.9999,3760882.99850154,12671820.0633913,12671820.0633913,TRUE,2926646984704,upper,SNA_CEI + SNA_WID,133230688,adults,WID
BRA,2012,0.9999,3760882.99850154,12671820.0633913,12671820.0633913,TRUE,2758451115147.66,lower,BFM,133230688,adults,WID
BRA,2012,0.9999,3760882.99850154,12671820.0633913,12671820.0633913,TRUE,2639884992512,middle,SNA_CEI + SNA_WID,133230688,adults,WID
BRA,2013,0.9,39633.207367856,41232.7637631663,133702.91959739,TRUE,3285659648000,upper,SNA_CEI + SNA_WID,135350625,adults,WID
BRA,2013,0.9,39633.207367856,41232.7637631663,133702.91959739,TRUE,2961344431899.69,lower,BFM,135350625,adults,WID
BRA,2013,0.9,39633.207367856,41232.7637631663,133702.91959739,TRUE,3014554619904,middle,SNA_CEI + SNA_WID,135350625,adults,WID
BRA,2013,0.99,228139.554148689,235729.372329805,597341.182824925,TRUE,3285659648000,upper,SNA_CEI + SNA_WID,135350625,adults,WID
BRA,2013,0.99,228139.554148689,235729.372329805,597341.182824925,TRUE,2961344431899.69,lower,BFM,135350625,adults,WID
BRA,2013,0.99,228139.554148689,235729.372329805,597341.182824925,TRUE,3014554619904,middle,SNA_CEI + SNA_WID,135350625,adults,WID
BRA,2013,0.999,850084.516468722,879611.072056235,2654081.14995893,TRUE,3285659648000,upper,SNA_CEI + SNA_WID,135350625,adults,WID
BRA,2013,0.999,850084.516468722,879611.072056235,2654081.14995893,TRUE,2961344431899.69,lower,BFM,135350625,adults,WID
BRA,2013,0.999,850084.516468722,879611.072056235,2654081.14995893,TRUE,3014554619904,middle,SNA_CEI + SNA_WID,135350625,adults,WID
BRA,2013,0.9999,3963202.98901674,12895006.5067356,12895006.5067356,TRUE,3285659648000,upper,SNA_CEI + SNA_WID,135350625,adults,WID
BRA,2013,0.9999,3963202.98901674,12895006.5067356,12895006.5067356,TRUE,2961344431899.69,lower,BFM,135350625,adults,WID
BRA,2013,0.9999,3963202.98901674,12895006.5067356,12895006.5067356,TRUE,3014554619904,middle,SNA_CEI + SNA_WID,135350625,adults,WID
BRA,2014,0.9,43901.7469229877,46012.0187244235,147011.453821285,TRUE,3596480249856,upper,SNA_CEI + SNA_WID,137468297,adults,WID
BRA,2014,0.9,43901.7469229877,46012.0187244235,147011.453821285,TRUE,3330246984004.19,lower,BFM,137468297,adults,WID
BRA,2014,0.9,43901.7469229877,46012.0187244235,147011.453821285,TRUE,3335697256448,middle,SNA_CEI + SNA_WID,137468297,adults,WID
BRA,2014,0.99,246760.221836909,255289.537286484,664666.783420354,TRUE,3596480249856,upper,SNA_CEI + SNA_WID,137468297,adults,WID
BRA,2014,0.99,246760.221836909,255289.537286484,664666.783420354,TRUE,3330246984004.19,lower,BFM,137468297,adults,WID
BRA,2014,0.99,246760.221836909,255289.537286484,664666.783420354,TRUE,3335697256448,middle,SNA_CEI + SNA_WID,137468297,adults,WID
BRA,2014,0.999,899781.743087995,929851.046983909,3088160.89317818,TRUE,3596480249856,upper,SNA_CEI + SNA_WID,137468297,adults,WID
BRA,2014,0.999,899781.743087995,929851.046983909,3088160.89317818,TRUE,3330246984004.19,lower,BFM,137468297,adults,WID
BRA,2014,0.999,899781.743087995,929851.046983909,3088160.89317818,TRUE,3335697256448,middle,SNA_CEI + SNA_WID,137468297,adults,WID
BRA,2014,0.9999,4705146.28608461,15798826.8248923,15798826.8248923,TRUE,3596480249856,upper,SNA_CEI + SNA_WID,137468297,adults,WID
BRA,2014,0.9999,4705146.28608461,15798826.8248923,15798826.8248923,TRUE,3330246984004.19,lower,BFM,137468297,adults,WID
BRA,2014,0.9999,4705146.28608461,15798826.8248923,15798826.8248923,TRUE,3335697256448,middle,SNA_CEI + SNA_WID,137468297,adults,WID
BRA,2015,0.9,46708.4134041129,48732.6578637226,157520.310213789,TRUE,3876754063360,upper,SNA_CEI + SNA_WID,139571188,adults,WID
BRA,2015,0.9,46708.4134041129,48732.6578637226,157520.310213789,TRUE,3464564468549.25,lower,BFM,139571188,adults,WID
BRA,2015,0.9,46708.4134041129,48732.6578637226,157520.310213789,TRUE,3549492027392,middle,SNA_CEI + SNA_WID,139571188,adults,WID
BRA,2015,0.99,262842.157713781,272115.026727979,714873.727641373,TRUE,3876754063360,upper,SNA_CEI + SNA_WID,139571188,adults,WID
BRA,2015,0.99,262842.157713781,272115.026727979,714873.727641373,TRUE,3464564468549.25,lower,BFM,139571188,adults,WID
BRA,2015,0.99,262842.157713781,272115.026727979,714873.727641373,TRUE,3549492027392,middle,SNA_CEI + SNA_WID,139571188,adults,WID
BRA,2015,0.999,971695.479687175,1004443.96711859,3323254.4409177,TRUE,3876754063360,upper,SNA_CEI + SNA_WID,139571188,adults,WID
BRA,2015,0.999,971695.479687175,1004443.96711859,3323254.4409177,TRUE,3464564468549.25,lower,BFM,139571188,adults,WID
BRA,2015,0.999,971695.479687175,1004443.96711859,3323254.4409177,TRUE,3549492027392,middle,SNA_CEI + SNA_WID,139571188,adults,WID
BRA,2015,0.9999,5188871.14612963,16760851.1922157,16760851.1922157,TRUE,3876754063360,upper,SNA_CEI + SNA_WID,139571188,adults,WID
BRA,2015,0.9999,5188871.14612963,16760851.1922157,16760851.1922157,TRUE,3464564468549.25,lower,BFM,139571188,adults,WID
BRA,2015,0.9999,5188871.14612963,16760851.1922157,16760851.1922157,TRUE,3549492027392,middle,SNA_CEI + SNA_WID,139571188,adults,WID
BRA,2016,0.9,49498.3776819699,51798.5070852164,164404.680707797,TRUE,4042828906496,upper,SNA_CEI + SNA_WID,141673438,adults,WID
BRA,2016,0.9,49498.3776819699,51798.5070852164,164404.680707797,TRUE,3632019013563.5,lower,BFM,141673438,adults,WID
BRA,2016,0.9,49498.3776819699,51798.5070852164,164404.680707797,TRUE,3811131957248,middle,SNA_CEI + SNA_WID,141673438,adults,WID
BRA,2016,0.99,274554.369774341,284075.028218003,734512.715796896,TRUE,4042828906496,upper,SNA_CEI + SNA_WID,141673438,adults,WID
BRA,2016,0.99,274554.369774341,284075.028218003,734512.715796896,TRUE,3632019013563.5,lower,BFM,141673438,adults,WID
BRA,2016,0.99,274554.369774341,284075.028218003,734512.715796896,TRUE,3811131957248,middle,SNA_CEI + SNA_WID,141673438,adults,WID
BRA,2016,0.999,1015361.46484292,1046053.46651953,3334644.48267476,TRUE,4042828906496,upper,SNA_CEI + SNA_WID,141673438,adults,WID
BRA,2016,0.999,1015361.46484292,1046053.46651953,3334644.48267476,TRUE,3632019013563.5,lower,BFM,141673438,adults,WID
BRA,2016,0.999,1015361.46484292,1046053.46651953,3334644.48267476,TRUE,3811131957248,middle,SNA_CEI + SNA_WID,141673438,adults,WID
BRA,2016,0.9999,5166095.99939165,16587824.2582321,16587824.2582321,TRUE,4042828906496,upper,SNA_CEI + SNA_WID,141673438,adults,WID
BRA,2016,0.9999,5166095.99939165,16587824.2582321,16587824.2582321,TRUE,3632019013563.5,lower,BFM,141673438,adults,WID
BRA,2016,0.9999,5166095.99939165,16587824.2582321,16587824.2582321,TRUE,3811131957248,middle,SNA_CEI + SNA_WID,141673438,adults,WID
BRA,2017,0.9,51858.1020978778,54384.011526842,172477.331794645,TRUE,4217457934336,upper,SNA_CEI + SNA_WID,143759375,adults,WID
BRA,2017,0.9,51858.1020978778,54384.011526842,172477.331794645,TRUE,3844395108027.69,lower,BFM,143759375,adults,WID
BRA,2017,0.9,51858.1020978778,54384.011526842,172477.331794645,TRUE,4100964950016,middle,SNA_CEI + SNA_WID,143759375,adults,WID
BRA,2017,0.99,290198.851199268,300490.468295241,766049.783904111,TRUE,4217457934336,upper,SNA_CEI + SNA_WID,143759375,adults,WID
BRA,2017,0.99,290198.851199268,300490.468295241,766049.783904111,TRUE,3844395108027.69,lower,BFM,143759375,adults,WID
BRA,2017,0.99,290198.851199268,300490.468295241,766049.783904111,TRUE,4100964950016,middle,SNA_CEI + SNA_WID,143759375,adults,WID
BRA,2017,0.999,1065279.13960008,1096933.51227082,3438934.60058633,TRUE,4217457934336,upper,SNA_CEI + SNA_WID,143759375,adults,WID
BRA,2017,0.999,1065279.13960008,1096933.51227082,3438934.60058633,TRUE,3844395108027.69,lower,BFM,143759375,adults,WID
BRA,2017,0.999,1065279.13960008,1096933.51227082,3438934.60058633,TRUE,4100964950016,middle,SNA_CEI + SNA_WID,143759375,adults,WID
BRA,2017,0.9999,5318430.26996735,16924329.9863941,16924329.9863941,TRUE,4217457934336,upper,SNA_CEI + SNA_WID,143759375,adults,WID
BRA,2017,0.9999,5318430.26996735,16924329.9863941,16924329.9863941,TRUE,3844395108027.69,lower,BFM,143759375,adults,WID
BRA,2017,0.9999,5318430.26996735,16924329.9863941,16924329.9863941,TRUE,4100964950016,middle,SNA_CEI + SNA_WID,143759375,adults,WID
BRA,2018,0.9,53990.0327004517,56539.7226259732,177591.534612703,TRUE,4488821768192,upper,SNA_CEI + SNA_WID,145780906,adults,WID
BRA,2018,0.9,53990.0327004517,56539.7226259732,177591.534612703,TRUE,4215147103768.03,lower,BFM,145780906,adults,WID
BRA,2018,0.9,53990.0327004517,56539.7226259732,177591.534612703,TRUE,4338960863232,middle,SNA_CEI + SNA_WID,145780906,adults,WID
BRA,2018,0.99,296746.099692876,307245.438081717,785160.969671038,TRUE,4488821768192,upper,SNA_CEI + SNA_WID,145780906,adults,WID
BRA,2018,0.99,296746.099692876,307245.438081717,785160.969671038,TRUE,4215147103768.03,lower,BFM,145780906,adults,WID
BRA,2018,0.99,296746.099692876,307245.438081717,785160.969671038,TRUE,4338960863232,middle,SNA_CEI + SNA_WID,145780906,adults,WID
BRA,2018,0.999,1078367.93573167,1110573.68444288,3575496.16493765,TRUE,4488821768192,upper,SNA_CEI + SNA_WID,145780906,adults,WID
BRA,2018,0.999,1078367.93573167,1110573.68444288,3575496.16493765,TRUE,4215147103768.03,lower,BFM,145780906,adults,WID
BRA,2018,0.999,1078367.93573167,1110573.68444288,3575496.16493765,TRUE,4338960863232,middle,SNA_CEI + SNA_WID,145780906,adults,WID
BRA,2018,0.9999,5535063.13868435,17855064.1359504,17855064.1359504,TRUE,4488821768192,upper,SNA_CEI + SNA_WID,145780906,adults,WID
BRA,2018,0.9999,5535063.13868435,17855064.1359504,17855064.1359504,TRUE,4215147103768.03,lower,BFM,145780906,adults,WID
BRA,2018,0.9999,5535063.13868435,17855064.1359504,17855064.1359504,TRUE,4338960863232,middle,SNA_CEI + SNA_WID,145780906,adults,WID
BRA,2019,0.9,54802.9984239652,58062.5821443095,189817.458567776,TRUE,4773452873728,upper,SNA_CEI + SNA_WID,147756922,adults,WID
BRA,2019,0.9,54802.9984239652,58062.5821443095,189817.458567776,TRUE,4327594582574.25,lower,BFM,147756922,adults,WID
BRA,2019,0.9,54802.9984239652,58062.5821443095,189817.458567776,TRUE,4592119824384,middle,SNA_CEI + SNA_WID,147756922,adults,WID
BRA,2019,0.99,308371.084362715,319145.065597057,870308.54206338,TRUE,4773452873728,upper,SNA_CEI + SNA_WID,147756922,adults,WID
BRA,2019,0.99,308371.084362715,319145.065597057,870308.54206338,TRUE,4327594582574.25,lower,BFM,147756922,adults,WID
BRA,2019,0.99,308371.084362715,319145.065597057,870308.54206338,TRUE,4592119824384,middle,SNA_CEI + SNA_WID,147756922,adults,WID
BRA,2019,0.999,1122225.85901507,1155161.85210401,4246757.25578384,TRUE,4773452873728,upper,SNA_CEI + SNA_WID,147756922,adults,WID
BRA,2019,0.999,1122225.85901507,1155161.85210401,4246757.25578384,TRUE,4327594582574.25,lower,BFM,147756922,adults,WID
BRA,2019,0.999,1122225.85901507,1155161.85210401,4246757.25578384,TRUE,4592119824384,middle,SNA_CEI + SNA_WID,147756922,adults,WID
BRA,2019,0.9999,5783298.55288731,23874084.9788757,23874084.9788757,TRUE,4773452873728,upper,SNA_CEI + SNA_WID,147756922,adults,WID
BRA,2019,0.9999,5783298.55288731,23874084.9788757,23874084.9788757,TRUE,4327594582574.25,lower,BFM,147756922,adults,WID
BRA,2019,0.9999,5783298.55288731,23874084.9788757,23874084.9788757,TRUE,4592119824384,middle,SNA_CEI + SNA_WID,147756922,adults,WID
BRA,2020,0.9,56498.9159949663,59445.1627646319,190815.788157295,TRUE,4728171790336,upper,SNA_CEI + SNA_WID,149602453,adults,WID
BRA,2020,0.9,56498.9159949663,59445.1627646319,190815.788157295,TRUE,4303260630309.94,lower,BFM,149602453,adults,WID
BRA,2020,0.9,56498.9159949663,59445.1627646319,190815.788157295,TRUE,4998837788672,middle,SNA_CEI + SNA_WID,149602453,adults,WID
BRA,2020,0.99,313424.165547208,323867.333127727,856833.197522934,TRUE,4728171790336,upper,SNA_CEI + SNA_WID,149602453,adults,WID
BRA,2020,0.99,313424.165547208,323867.333127727,856833.197522934,TRUE,4303260630309.94,lower,BFM,149602453,adults,WID
BRA,2020,0.99,313424.165547208,323867.333127727,856833.197522934,TRUE,4998837788672,middle,SNA_CEI + SNA_WID,149602453,adults,WID
BRA,2020,0.999,1175426.91663907,1212485.29473402,4015701.47678841,TRUE,4728171790336,upper,SNA_CEI + SNA_WID,149602453,adults,WID
BRA,2020,0.999,1175426.91663907,1212485.29473402,4015701.47678841,TRUE,4303260630309.94,lower,BFM,149602453,adults,WID
BRA,2020,0.999,1175426.91663907,1212485.29473402,4015701.47678841,TRUE,4998837788672,middle,SNA_CEI + SNA_WID,149602453,adults,WID
BRA,2020,0.9999,6278503.20345276,20135385.2972818,20135385.2972818,TRUE,4728171790336,upper,SNA_CEI + SNA_WID,149602453,adults,WID
BRA,2020,0.9999,6278503.20345276,20135385.2972818,20135385.2972818,TRUE,4303260630309.94,lower,BFM,149602453,adults,WID
BRA,2020,0.9999,6278503.20345276,20135385.2972818,20135385.2972818,TRUE,4998837788672,middle,SNA_CEI + SNA_WID,149602453,adults,WID
BRA,2021,0.9,62169.6308778562,63493.1410294753,230177.995103537,TRUE,5431558537216,upper,SNA_CEI + SNA_WID,151145594,adults,WID
BRA,2021,0.9,62169.6308778562,63493.1410294753,230177.995103537,TRUE,4566335058468.56,lower,BFM,151145594,adults,WID
BRA,2021,0.9,62169.6308778562,63493.1410294753,230177.995103537,TRUE,5266682560512,middle,SNA_CEI + SNA_WID,151145594,adults,WID
BRA,2021,0.99,380614.241583917,380728.577640255,1129294.69019505,TRUE,5431558537216,upper,SNA_CEI + SNA_WID,151145594,adults,WID
BRA,2021,0.99,380614.241583917,380728.577640255,1129294.69019505,TRUE,4566335058468.56,lower,BFM,151145594,adults,WID
BRA,2021,0.99,380614.241583917,380728.577640255,1129294.69019505,TRUE,5266682560512,middle,SNA_CEI + SNA_WID,151145594,adults,WID
BRA,2021,0.999,1707493.31718225,1780525.61525679,5860255.83406324,TRUE,5431558537216,upper,SNA_CEI + SNA_WID,151145594,adults,WID
BRA,2021,0.999,1707493.31718225,1780525.61525679,5860255.83406324,TRUE,4566335058468.56,lower,BFM,151145594,adults,WID
BRA,2021,0.999,1707493.31718225,1780525.61525679,5860255.83406324,TRUE,5266682560512,middle,SNA_CEI + SNA_WID,151145594,adults,WID
BRA,2021,0.9999,7913036.89602125,32055330.0899154,32055330.0899154,TRUE,5431558537216,upper,SNA_CEI + SNA_WID,151145594,adults,WID
BRA,2021,0.9999,7913036.89602125,32055330.0899154,32055330.0899154,TRUE,4566335058468.56,lower,BFM,151145594,adults,WID
BRA,2021,0.9999,7913036.89602125,32055330.0899154,32055330.0899154,TRUE,5266682560512,middle,SNA_CEI + SNA_WID,151145594,adults,WID
BRA,2022,0.9,73132.1760995563,76509.5709349524,253331.85406594,TRUE,NA,upper,SNA_CEI + SNA_WID,152542422,adults,WID
BRA,2022,0.9,73132.1760995563,76509.5709349524,253331.85406594,TRUE,NA,middle,SNA_CEI + SNA_WID,152542422,adults,WID
BRA,2022,0.99,403639.543825192,417629.964036251,1196367.06376869,TRUE,NA,upper,SNA_CEI + SNA_WID,152542422,adults,WID
BRA,2022,0.99,403639.543825192,417629.964036251,1196367.06376869,TRUE,NA,middle,SNA_CEI + SNA_WID,152542422,adults,WID
BRA,2022,0.999,1718253.91092281,1790276.70783158,5851047.76322011,TRUE,NA,upper,SNA_CEI + SNA_WID,152542422,adults,WID
BRA,2022,0.999,1718253.91092281,1790276.70783158,5851047.76322011,TRUE,NA,middle,SNA_CEI + SNA_WID,152542422,adults,WID
BRA,2022,0.9999,9408302.67930857,28391023.6626561,28391023.6626561,TRUE,NA,upper,SNA_CEI + SNA_WID,152542422,adults,WID
BRA,2022,0.9999,9408302.67930857,28391023.6626561,28391023.6626561,TRUE,NA,middle,SNA_CEI + SNA_WID,152542422,adults,WID
BRA,2023,0.9,80049.9421502108,83636.2876787083,302377.780789407,TRUE,NA,upper,SNA_CEI + SNA_WID,153980281,adults,WID
BRA,2023,0.9,80049.9421502108,83636.2876787083,302377.780789407,TRUE,NA,middle,SNA_CEI + SNA_WID,153980281,adults,WID
BRA,2023,0.99,437275.475215611,452482.265387729,1567471.26314394,TRUE,NA,upper,SNA_CEI + SNA_WID,153980281,adults,WID
BRA,2023,0.99,437275.475215611,452482.265387729,1567471.26314394,TRUE,NA,middle,SNA_CEI + SNA_WID,153980281,adults,WID
BRA,2023,0.999,1895690.30072942,1978452.09093351,9024963.24025659,TRUE,NA,upper,SNA_CEI + SNA_WID,153980281,adults,WID
BRA,2023,0.999,1895690.30072942,1978452.09093351,9024963.24025659,TRUE,NA,middle,SNA_CEI + SNA_WID,153980281,adults,WID
BRA,2023,0.9999,11776714.0453975,55577639.0599838,55577639.0599838,TRUE,NA,upper,SNA_CEI + SNA_WID,153980281,adults,WID
BRA,2023,0.9999,11776714.0453975,55577639.0599838,55577639.0599838,TRUE,NA,middle,SNA_CEI + SNA_WID,153980281,adults,WID
CHL,2005,0.9,5203289.17111208,5504820.91524269,13941577.0022462,TRUE,37726059495424,upper,SNA_CEI + SNA_WID,10996068,adults,WID
CHL,2005,0.9,5203289.17111208,5504820.91524269,13941577.0022462,TRUE,23441617715200,middle,SNA_CEI + SNA_WID,10996068,adults,WID
CHL,2005,0.99,25682107.1276002,25964666.7783131,46183684.409169,TRUE,37726059495424,upper,SNA_CEI + SNA_WID,10996068,adults,WID
CHL,2005,0.99,25682107.1276002,25964666.7783131,46183684.409169,TRUE,23441617715200,middle,SNA_CEI + SNA_WID,10996068,adults,WID
CHL,2005,0.999,63277140.6447573,64813468.8620349,123375096.355868,TRUE,37726059495424,upper,SNA_CEI + SNA_WID,10996068,adults,WID
CHL,2005,0.999,63277140.6447573,64813468.8620349,123375096.355868,TRUE,23441617715200,middle,SNA_CEI + SNA_WID,10996068,adults,WID
CHL,2005,0.9999,191956082.196349,388626442.001969,388626442.001968,TRUE,37726059495424,upper,SNA_CEI + SNA_WID,10996068,adults,WID
CHL,2005,0.9999,191956082.196349,388626442.001969,388626442.001968,TRUE,23441617715200,middle,SNA_CEI + SNA_WID,10996068,adults,WID
CHL,2006,0.9,5632233.37238405,5966647.64002495,14899192.4314536,TRUE,42843385102336,upper,SNA_CEI + SNA_WID,11198640,adults,WID
CHL,2006,0.9,5632233.37238405,5966647.64002495,14899192.4314536,TRUE,36987326702396,lower,BFM,11198640,adults,WID
CHL,2006,0.9,5632233.37238405,5966647.64002495,14899192.4314536,TRUE,27522332622848,middle,SNA_CEI + SNA_WID,11198640,adults,WID
CHL,2006,0.99,26668122.1383084,28480967.5769144,49128049.4550211,TRUE,42843385102336,upper,SNA_CEI + SNA_WID,11198640,adults,WID
CHL,2006,0.99,26668122.1383084,28480967.5769144,49128049.4550211,TRUE,36987326702396,lower,BFM,11198640,adults,WID
CHL,2006,0.99,26668122.1383084,28480967.5769144,49128049.4550211,TRUE,27522332622848,middle,SNA_CEI + SNA_WID,11198640,adults,WID
CHL,2006,0.999,66735745.3004597,68346834.9767589,129577908.436589,TRUE,42843385102336,upper,SNA_CEI + SNA_WID,11198640,adults,WID
CHL,2006,0.999,66735745.3004597,68346834.9767589,129577908.436589,TRUE,36987326702396,lower,BFM,11198640,adults,WID
CHL,2006,0.999,66735745.3004597,68346834.9767589,129577908.436589,TRUE,27522332622848,middle,SNA_CEI + SNA_WID,11198640,adults,WID
CHL,2006,0.9999,201421042.43372,406402342.755676,406402342.755677,TRUE,42843385102336,upper,SNA_CEI + SNA_WID,11198640,adults,WID
CHL,2006,0.9999,201421042.43372,406402342.755676,406402342.755677,TRUE,36987326702396,lower,BFM,11198640,adults,WID
CHL,2006,0.9999,201421042.43372,406402342.755676,406402342.755677,TRUE,27522332622848,middle,SNA_CEI + SNA_WID,11198640,adults,WID
CHL,2007,0.9,6411972.18975557,6783309.75781927,16484850.1948743,TRUE,49470904467456,upper,SNA_CEI + SNA_WID,11405454,adults,WID
CHL,2007,0.9,6411972.18975557,6783309.75781927,16484850.1948743,TRUE,32496676503552,middle,SNA_CEI + SNA_WID,11405454,adults,WID
CHL,2007,0.99,29899764.115183,32629104.3500855,53856036.0588206,TRUE,49470904467456,upper,SNA_CEI + SNA_WID,11405454,adults,WID
CHL,2007,0.99,29899764.115183,32629104.3500855,53856036.0588206,TRUE,32496676503552,middle,SNA_CEI + SNA_WID,11405454,adults,WID
CHL,2007,0.999,73788011.0956452,75578813.1656677,143205780.7865,TRUE,49470904467456,upper,SNA_CEI + SNA_WID,11405454,adults,WID
CHL,2007,0.999,73788011.0956452,75578813.1656677,143205780.7865,TRUE,32496676503552,middle,SNA_CEI + SNA_WID,11405454,adults,WID
CHL,2007,0.9999,222878344.877159,447699357.965306,447699357.965305,TRUE,49470904467456,upper,SNA_CEI + SNA_WID,11405454,adults,WID
CHL,2007,0.9999,222878344.877159,447699357.965306,447699357.965305,TRUE,32496676503552,middle,SNA_CEI + SNA_WID,11405454,adults,WID
CHL,2008,0.9,7114947.47900706,7521615.25171362,18120314.0883382,TRUE,54102506602496,upper,SNA_CEI + SNA_WID,11616172,adults,WID
CHL,2008,0.9,7114947.47900706,7521615.25171362,18120314.0883382,TRUE,36302173241344,middle,SNA_CEI + SNA_WID,11616172,adults,WID
CHL,2008,0.99,31401773.2721405,33243388.595259,59170559.175333,TRUE,54102506602496,upper,SNA_CEI + SNA_WID,11616172,adults,WID
CHL,2008,0.99,31401773.2721405,33243388.595259,59170559.175333,TRUE,36302173241344,middle,SNA_CEI + SNA_WID,11616172,adults,WID
CHL,2008,0.999,81370575.0452182,83359984.74479,159941627.165269,TRUE,54102506602496,upper,SNA_CEI + SNA_WID,11616172,adults,WID
CHL,2008,0.999,81370575.0452182,83359984.74479,159941627.165269,TRUE,36302173241344,middle,SNA_CEI + SNA_WID,11616172,adults,WID
CHL,2008,0.9999,249052361.229451,508977819.305504,508977819.305504,TRUE,54102506602496,upper,SNA_CEI + SNA_WID,11616172,adults,WID
CHL,2008,0.9999,249052361.229451,508977819.305504,508977819.305504,TRUE,36302173241344,middle,SNA_CEI + SNA_WID,11616172,adults,WID
CHL,2009,0.9,7436431.86054116,7844560.32756656,18491191.8672996,TRUE,53135284895744,upper,SNA_CEI + SNA_WID,11830343,adults,WID
CHL,2009,0.9,7436431.86054116,7844560.32756656,18491191.8672996,TRUE,47566376005624.8,lower,BFM,11830343,adults,WID
CHL,2009,0.9,7436431.86054116,7844560.32756656,18491191.8672996,TRUE,36905280339968,middle,SNA_CEI + SNA_WID,11830343,adults,WID
CHL,2009,0.99,35635044.1771032,38119244.5492991,59860506.6328313,TRUE,53135284895744,upper,SNA_CEI + SNA_WID,11830343,adults,WID
CHL,2009,0.99,35635044.1771032,38119244.5492991,59860506.6328313,TRUE,47566376005624.8,lower,BFM,11830343,adults,WID
CHL,2009,0.99,35635044.1771032,38119244.5492991,59860506.6328313,TRUE,36905280339968,middle,SNA_CEI + SNA_WID,11830343,adults,WID
CHL,2009,0.999,82355189.7366616,84333924.5342972,156234221.075622,TRUE,53135284895744,upper,SNA_CEI + SNA_WID,11830343,adults,WID
CHL,2009,0.999,82355189.7366616,84333924.5342972,156234221.075622,TRUE,47566376005624.8,lower,BFM,11830343,adults,WID
CHL,2009,0.999,82355189.7366616,84333924.5342972,156234221.075622,TRUE,36905280339968,middle,SNA_CEI + SNA_WID,11830343,adults,WID
CHL,2009,0.9999,242960990.162055,471959828.444538,471959828.44454,TRUE,53135284895744,upper,SNA_CEI + SNA_WID,11830343,adults,WID
CHL,2009,0.9999,242960990.162055,471959828.444538,471959828.44454,TRUE,47566376005624.8,lower,BFM,11830343,adults,WID
CHL,2009,0.9999,242960990.162055,471959828.444538,471959828.44454,TRUE,36905280339968,middle,SNA_CEI + SNA_WID,11830343,adults,WID
CHL,2010,0.9,8278257.01423811,8688825.40699327,19903309.8713768,TRUE,50606077116416,upper,SNA_CEI + SNA_WID,12047307,adults,WID
CHL,2010,0.9,8278257.01423811,8688825.40699327,19903309.8713768,TRUE,32698845626368,middle,SNA_CEI + SNA_WID,12047307,adults,WID
CHL,2010,0.99,38792337.5393291,39094301.0410634,63532323.2905023,TRUE,50606077116416,upper,SNA_CEI + SNA_WID,12047307,adults,WID
CHL,2010,0.99,38792337.5393291,39094301.0410634,63532323.2905023,TRUE,32698845626368,middle,SNA_CEI + SNA_WID,12047307,adults,WID
CHL,2010,0.999,87926803.5625474,90040878.8285323,169888948.484336,TRUE,50606077116416,upper,SNA_CEI + SNA_WID,12047307,adults,WID
CHL,2010,0.999,87926803.5625474,90040878.8285323,169888948.484336,TRUE,32698845626368,middle,SNA_CEI + SNA_WID,12047307,adults,WID
CHL,2010,0.9999,263949562.226319,529446566.973094,529446566.973094,TRUE,50606077116416,upper,SNA_CEI + SNA_WID,12047307,adults,WID
CHL,2010,0.9999,263949562.226319,529446566.973094,529446566.973094,TRUE,32698845626368,middle,SNA_CEI + SNA_WID,12047307,adults,WID
CHL,2011,0.9,9158940.20275202,9564488.8806589,21716493.0054014,TRUE,59468229378048,upper,SNA_CEI + SNA_WID,12265013,adults,WID
CHL,2011,0.9,9158940.20275202,9564488.8806589,21716493.0054014,TRUE,58015640706738,lower,BFM,12265013,adults,WID
CHL,2011,0.9,9158940.20275202,9564488.8806589,21716493.0054014,TRUE,38561372962816,middle,SNA_CEI + SNA_WID,12265013,adults,WID
CHL,2011,0.99,40602803.1536276,40914266.7335385,69475714.1887049,TRUE,59468229378048,upper,SNA_CEI + SNA_WID,12265013,adults,WID
CHL,2011,0.99,40602803.1536276,40914266.7335385,69475714.1887049,TRUE,58015640706738,lower,BFM,12265013,adults,WID
CHL,2011,0.99,40602803.1536276,40914266.7335385,69475714.1887049,TRUE,38561372962816,middle,SNA_CEI + SNA_WID,12265013,adults,WID
CHL,2011,0.999,97783570.6019569,100213741.089686,193940069.737019,TRUE,59468229378048,upper,SNA_CEI + SNA_WID,12265013,adults,WID
CHL,2011,0.999,97783570.6019569,100213741.089686,193940069.737019,TRUE,58015640706738,lower,BFM,12265013,adults,WID
CHL,2011,0.999,97783570.6019569,100213741.089686,193940069.737019,TRUE,38561372962816,middle,SNA_CEI + SNA_WID,12265013,adults,WID
CHL,2011,0.9999,302864048.047522,621627251.734069,621627251.734067,TRUE,59468229378048,upper,SNA_CEI + SNA_WID,12265013,adults,WID
CHL,2011,0.9999,302864048.047522,621627251.734069,621627251.734067,TRUE,58015640706738,lower,BFM,12265013,adults,WID
CHL,2011,0.9999,302864048.047522,621627251.734069,621627251.734067,TRUE,38561372962816,middle,SNA_CEI + SNA_WID,12265013,adults,WID
CHL,2012,0.9,10003965.6243358,10382889.6736623,23608835.1771988,TRUE,69098949050368,upper,SNA_CEI + SNA_WID,12478123,adults,WID
CHL,2012,0.9,10003965.6243358,10382889.6736623,23608835.1771988,TRUE,45709327073280,middle,SNA_CEI + SNA_WID,12478123,adults,WID
CHL,2012,0.99,42602001.8495385,42952757.8428406,75451131.6363352,TRUE,69098949050368,upper,SNA_CEI + SNA_WID,12478123,adults,WID
CHL,2012,0.99,42602001.8495385,42952757.8428406,75451131.6363352,TRUE,45709327073280,middle,SNA_CEI + SNA_WID,12478123,adults,WID
CHL,2012,0.999,105246674.515541,107767970.964143,208114709.335979,TRUE,69098949050368,upper,SNA_CEI + SNA_WID,12478123,adults,WID
CHL,2012,0.999,105246674.515541,107767970.964143,208114709.335979,TRUE,45709327073280,middle,SNA_CEI + SNA_WID,12478123,adults,WID
CHL,2012,0.9999,322267435.718439,675034633.081973,675034633.081972,TRUE,69098949050368,upper,SNA_CEI + SNA_WID,12478123,adults,WID
CHL,2012,0.9999,322267435.718439,675034633.081973,675034633.081972,TRUE,45709327073280,middle,SNA_CEI + SNA_WID,12478123,adults,WID
CHL,2013,0.9,10840935.2086106,11183935.4985685,25146054.0798144,TRUE,74926867349504,upper,SNA_CEI + SNA_WID,12687636,adults,WID
CHL,2013,0.9,10840935.2086106,11183935.4985685,25146054.0798144,TRUE,71698303167210,lower,BFM,12687636,adults,WID
CHL,2013,0.9,10840935.2086106,11183935.4985685,25146054.0798144,TRUE,49366658973696,middle,SNA_CEI + SNA_WID,12687636,adults,WID
CHL,2013,0.99,43675248.1527728,44466963.6150918,79695357.5014032,TRUE,74926867349504,upper,SNA_CEI + SNA_WID,12687636,adults,WID
CHL,2013,0.99,43675248.1527728,44466963.6150918,79695357.5014032,TRUE,71698303167210,lower,BFM,12687636,adults,WID
CHL,2013,0.99,43675248.1527728,44466963.6150918,79695357.5014032,TRUE,49366658973696,middle,SNA_CEI + SNA_WID,12687636,adults,WID
CHL,2013,0.999,113947877.247722,116767565.212098,223059838.089061,TRUE,74926867349504,upper,SNA_CEI + SNA_WID,12687636,adults,WID
CHL,2013,0.999,113947877.247722,116767565.212098,223059838.089061,TRUE,71698303167210,lower,BFM,12687636,adults,WID
CHL,2013,0.999,113947877.247722,116767565.212098,223059838.089061,TRUE,49366658973696,middle,SNA_CEI + SNA_WID,12687636,adults,WID
CHL,2013,0.9999,348425801.561629,701101431.469017,701101431.469015,TRUE,74926867349504,upper,SNA_CEI + SNA_WID,12687636,adults,WID
CHL,2013,0.9999,348425801.561629,701101431.469017,701101431.469015,TRUE,71698303167210,lower,BFM,12687636,adults,WID
CHL,2013,0.9999,348425801.561629,701101431.469017,701101431.469015,TRUE,49366658973696,middle,SNA_CEI + SNA_WID,12687636,adults,WID
CHL,2014,0.9,11542732.1944655,11900492.5170543,27262677.9263085,TRUE,81748305117184,upper,SNA_CEI + SNA_WID,12901385,adults,WID
CHL,2014,0.9,11542732.1944655,11900492.5170543,27262677.9263085,TRUE,53856609763328,middle,SNA_CEI + SNA_WID,12901385,adults,WID
CHL,2014,0.99,46641065.9921201,50424416.0820553,88373453.5655649,TRUE,81748305117184,upper,SNA_CEI + SNA_WID,12901385,adults,WID
CHL,2014,0.99,46641065.9921201,50424416.0820553,88373453.5655649,TRUE,53856609763328,middle,SNA_CEI + SNA_WID,12901385,adults,WID
CHL,2014,0.999,128589480.874309,131800912.226578,251420665.334171,TRUE,81748305117184,upper,SNA_CEI + SNA_WID,12901385,adults,WID
CHL,2014,0.999,128589480.874309,131800912.226578,251420665.334171,TRUE,53856609763328,middle,SNA_CEI + SNA_WID,12901385,adults,WID
CHL,2014,0.9999,393565533.886002,785271323.2461,785271323.246102,TRUE,81748305117184,upper,SNA_CEI + SNA_WID,12901385,adults,WID
CHL,2014,0.9999,393565533.886002,785271323.2461,785271323.246102,TRUE,53856609763328,middle,SNA_CEI + SNA_WID,12901385,adults,WID
CHL,2015,0.9,12184325.5307999,12547384.7332155,29048790.0335194,TRUE,87051743526912,upper,SNA_CEI + SNA_WID,13119505,adults,WID
CHL,2015,0.9,12184325.5307999,12547384.7332155,29048790.0335194,TRUE,85206530000340,lower,BFM,13119505,adults,WID
CHL,2015,0.9,12184325.5307999,12547384.7332155,29048790.0335194,TRUE,57767039074304,middle,SNA_CEI + SNA_WID,13119505,adults,WID
CHL,2015,0.99,50915789.1134816,55048486.6975515,95935611.7549029,TRUE,87051743526912,upper,SNA_CEI + SNA_WID,13119505,adults,WID
CHL,2015,0.99,50915789.1134816,55048486.6975515,95935611.7549029,TRUE,85206530000340,lower,BFM,13119505,adults,WID
CHL,2015,0.99,50915789.1134816,55048486.6975515,95935611.7549029,TRUE,57767039074304,middle,SNA_CEI + SNA_WID,13119505,adults,WID
CHL,2015,0.999,139555829.634288,143134606.045232,283266815.660129,TRUE,87051743526912,upper,SNA_CEI + SNA_WID,13119505,adults,WID
CHL,2015,0.999,139555829.634288,143134606.045232,283266815.660129,TRUE,85206530000340,lower,BFM,13119505,adults,WID
CHL,2015,0.999,139555829.634288,143134606.045232,283266815.660129,TRUE,57767039074304,middle,SNA_CEI + SNA_WID,13119505,adults,WID
CHL,2015,0.9999,444477941.009348,928792302.076674,928792302.076674,TRUE,87051743526912,upper,SNA_CEI + SNA_WID,13119505,adults,WID
CHL,2015,0.9999,444477941.009348,928792302.076674,928792302.076674,TRUE,85206530000340,lower,BFM,13119505,adults,WID
CHL,2015,0.9999,444477941.009348,928792302.076674,928792302.076674,TRUE,57767039074304,middle,SNA_CEI + SNA_WID,13119505,adults,WID
CHL,2016,0.9,12585214.1542806,12950881.0111998,29883657.8449687,TRUE,93981230759936,upper,SNA_CEI + SNA_WID,13366469,adults,WID
CHL,2016,0.9,12585214.1542806,12950881.0111998,29883657.8449687,TRUE,63343572811776,middle,SNA_CEI + SNA_WID,13366469,adults,WID
CHL,2016,0.99,53210227.2968878,57390251.0561702,98320260.3369594,TRUE,93981230759936,upper,SNA_CEI + SNA_WID,13366469,adults,WID
CHL,2016,0.99,53210227.2968878,57390251.0561702,98320260.3369594,TRUE,63343572811776,middle,SNA_CEI + SNA_WID,13366469,adults,WID
CHL,2016,0.999,143542964.067449,147189776.225488,286389015.548116,TRUE,93981230759936,upper,SNA_CEI + SNA_WID,13366469,adults,WID
CHL,2016,0.999,143542964.067449,147189776.225488,286389015.548116,TRUE,63343572811776,middle,SNA_CEI + SNA_WID,13366469,adults,WID
CHL,2016,0.9999,449259707.283189,917431396.531746,917431396.531746,TRUE,93981230759936,upper,SNA_CEI + SNA_WID,13366469,adults,WID
CHL,2016,0.9999,449259707.283189,917431396.531746,917431396.531746,TRUE,63343572811776,middle,SNA_CEI + SNA_WID,13366469,adults,WID
CHL,2017,0.9,13040986.2716842,13401487.6545744,31685775.1718494,TRUE,98530362392576,upper,SNA_CEI + SNA_WID,13671492,adults,WID
CHL,2017,0.9,13040986.2716842,13401487.6545744,31685775.1718494,TRUE,96267732650279.5,lower,BFM,13671492,adults,WID
CHL,2017,0.9,13040986.2716842,13401487.6545744,31685775.1718494,TRUE,65229727727616,middle,SNA_CEI + SNA_WID,13671492,adults,WID
CHL,2017,0.99,54800534.8243535,60741545.9960511,110863030.692876,TRUE,98530362392576,upper,SNA_CEI + SNA_WID,13671492,adults,WID
CHL,2017,0.99,54800534.8243535,60741545.9960511,110863030.692876,TRUE,96267732650279.5,lower,BFM,13671492,adults,WID
CHL,2017,0.99,54800534.8243535,60741545.9960511,110863030.692876,TRUE,65229727727616,middle,SNA_CEI + SNA_WID,13671492,adults,WID
CHL,2017,0.999,174646244.782816,179370890.286944,353040704.890918,TRUE,98530362392576,upper,SNA_CEI + SNA_WID,13671492,adults,WID
CHL,2017,0.999,174646244.782816,179370890.286944,353040704.890918,TRUE,96267732650279.5,lower,BFM,13671492,adults,WID
CHL,2017,0.999,174646244.782816,179370890.286944,353040704.890918,TRUE,65229727727616,middle,SNA_CEI + SNA_WID,13671492,adults,WID
CHL,2017,0.9999,561087864.186333,1121461691.88713,1121461691.88713,TRUE,98530362392576,upper,SNA_CEI + SNA_WID,13671492,adults,WID
CHL,2017,0.9999,561087864.186333,1121461691.88713,1121461691.88713,TRUE,96267732650279.5,lower,BFM,13671492,adults,WID
CHL,2017,0.9999,561087864.186333,1121461691.88713,1121461691.88713,TRUE,65229727727616,middle,SNA_CEI + SNA_WID,13671492,adults,WID
CHL,2018,0.9,13628370.2472281,13990083.3275434,33015620.2141703,TRUE,105077289254912,upper,SNA_CEI + SNA_WID,14010906,adults,WID
CHL,2018,0.9,13628370.2472281,13990083.3275434,33015620.2141703,TRUE,70848611352576,middle,SNA_CEI + SNA_WID,14010906,adults,WID
CHL,2018,0.99,61360884.9714573,64269685.9721208,115064814.803475,TRUE,105077289254912,upper,SNA_CEI + SNA_WID,14010906,adults,WID
CHL,2018,0.99,61360884.9714573,64269685.9721208,115064814.803475,TRUE,70848611352576,middle,SNA_CEI + SNA_WID,14010906,adults,WID
CHL,2018,0.999,179524943.898463,184465080.522523,375003941.370759,TRUE,105077289254912,upper,SNA_CEI + SNA_WID,14010906,adults,WID
CHL,2018,0.999,179524943.898463,184465080.522523,375003941.370759,TRUE,70848611352576,middle,SNA_CEI + SNA_WID,14010906,adults,WID
CHL,2018,0.9999,596431880.002739,1244485964.56359,1244485964.56359,TRUE,105077289254912,upper,SNA_CEI + SNA_WID,14010906,adults,WID
CHL,2018,0.9999,596431880.002739,1244485964.56359,1244485964.56359,TRUE,70848611352576,middle,SNA_CEI + SNA_WID,14010906,adults,WID
CHL,2019,0.9,14178375.3267145,14539783.6054007,34434954.5488371,TRUE,120302113652736,upper,SNA_CEI + SNA_WID,14327910,adults,WID
CHL,2019,0.9,14178375.3267145,14539783.6054007,34434954.5488371,TRUE,83569085513728,middle,SNA_CEI + SNA_WID,14327910,adults,WID
CHL,2019,0.99,61981987.2392585,65482549.3990218,122610180.087522,TRUE,120302113652736,upper,SNA_CEI + SNA_WID,14327910,adults,WID
CHL,2019,0.99,61981987.2392585,65482549.3990218,122610180.087522,TRUE,83569085513728,middle,SNA_CEI + SNA_WID,14327910,adults,WID
CHL,2019,0.999,191768990.720762,197263467.064086,420201029.723937,TRUE,120302113652736,upper,SNA_CEI + SNA_WID,14327910,adults,WID
CHL,2019,0.999,191768990.720762,197263467.064086,420201029.723937,TRUE,83569085513728,middle,SNA_CEI + SNA_WID,14327910,adults,WID
CHL,2019,0.9999,670357582.041831,1469772604.75898,1469772604.75898,TRUE,120302113652736,upper,SNA_CEI + SNA_WID,14327910,adults,WID
CHL,2019,0.9999,670357582.041831,1469772604.75898,1469772604.75898,TRUE,83569085513728,middle,SNA_CEI + SNA_WID,14327910,adults,WID
CHL,2020,0.9,13950381.2772445,14341591.5141104,31775919.4711272,TRUE,112160803913728,upper,SNA_CEI + SNA_WID,14548131,adults,WID
CHL,2020,0.9,13950381.2772445,14341591.5141104,31775919.4711272,TRUE,98820119254134,lower,BFM,14548131,adults,WID
CHL,2020,0.9,13950381.2772445,14341591.5141104,31775919.4711272,TRUE,100420707418112,middle,SNA_CEI + SNA_WID,14548131,adults,WID
CHL,2020,0.99,54450887.5006162,54540279.1735574,103956781.149067,TRUE,112160803913728,upper,SNA_CEI + SNA_WID,14548131,adults,WID
CHL,2020,0.99,54450887.5006162,54540279.1735574,103956781.149067,TRUE,98820119254134,lower,BFM,14548131,adults,WID
CHL,2020,0.99,54450887.5006162,54540279.1735574,103956781.149067,TRUE,100420707418112,middle,SNA_CEI + SNA_WID,14548131,adults,WID
CHL,2020,0.999,169312456.887742,170412903.858749,296942634.870413,TRUE,112160803913728,upper,SNA_CEI + SNA_WID,14548131,adults,WID
CHL,2020,0.999,169312456.887742,170412903.858749,296942634.870413,TRUE,98820119254134,lower,BFM,14548131,adults,WID
CHL,2020,0.999,169312456.887742,170412903.858749,296942634.870413,TRUE,100420707418112,middle,SNA_CEI + SNA_WID,14548131,adults,WID
CHL,2020,0.9999,457173072.05499,967174459.217499,967174459.217499,TRUE,112160803913728,upper,SNA_CEI + SNA_WID,14548131,adults,WID
CHL,2020,0.9999,457173072.05499,967174459.217499,967174459.217499,TRUE,98820119254134,lower,BFM,14548131,adults,WID
CHL,2020,0.9999,457173072.05499,967174459.217499,967174459.217499,TRUE,100420707418112,middle,SNA_CEI + SNA_WID,14548131,adults,WID
CHL,2021,0.9,15483055.7904763,15826813.2360507,37042799.4497502,TRUE,125452527075328,upper,SNA_CEI + SNA_WID,14707486,adults,WID
CHL,2021,0.9,15483055.7904763,15826813.2360507,37042799.4497502,TRUE,105649857888256,middle,SNA_CEI + SNA_WID,14707486,adults,WID
CHL,2021,0.99,65923958.2426373,70236191.2230649,124756793.143328,TRUE,125452527075328,upper,SNA_CEI + SNA_WID,14707486,adults,WID
CHL,2021,0.99,65923958.2426373,70236191.2230649,124756793.143328,TRUE,105649857888256,middle,SNA_CEI + SNA_WID,14707486,adults,WID
CHL,2021,0.999,186664124.506848,188938316.620987,380966124.025942,TRUE,125452527075328,upper,SNA_CEI + SNA_WID,14707486,adults,WID
CHL,2021,0.999,186664124.506848,188938316.620987,380966124.025942,TRUE,105649857888256,middle,SNA_CEI + SNA_WID,14707486,adults,WID
CHL,2021,0.9999,577841051.240054,1453407659.53363,1453407659.53363,TRUE,125452527075328,upper,SNA_CEI + SNA_WID,14707486,adults,WID
CHL,2021,0.9999,577841051.240054,1453407659.53363,1453407659.53363,TRUE,105649857888256,middle,SNA_CEI + SNA_WID,14707486,adults,WID
CHL,2022,0.9,17674857.4257564,18097105.8770927,40271477.31999,TRUE,144491441815552,upper,SNA_CEI + SNA_WID,14869352,adults,WID
CHL,2022,0.9,17674857.4257564,18097105.8770927,40271477.31999,TRUE,106259573374976,middle,SNA_CEI + SNA_WID,14869352,adults,WID
CHL,2022,0.99,65656576.2785775,68213907.6655722,133872424.706123,TRUE,144491441815552,upper,SNA_CEI + SNA_WID,14869352,adults,WID
CHL,2022,0.99,65656576.2785775,68213907.6655722,133872424.706123,TRUE,106259573374976,middle,SNA_CEI + SNA_WID,14869352,adults,WID
CHL,2022,0.999,207704436.774822,208650814.93545,392260161.590755,TRUE,144491441815552,upper,SNA_CEI + SNA_WID,14869352,adults,WID
CHL,2022,0.999,207704436.774822,208650814.93545,392260161.590755,TRUE,106259573374976,middle,SNA_CEI + SNA_WID,14869352,adults,WID
CHL,2022,0.9999,613336968.401955,1333701618.2495,1333701618.2495,TRUE,144491441815552,upper,SNA_CEI + SNA_WID,14869352,adults,WID
CHL,2022,0.9999,613336968.401955,1333701618.2495,1333701618.2495,TRUE,106259573374976,middle,SNA_CEI + SNA_WID,14869352,adults,WID
CHL,2023,0.9,18944878.3524773,19368601.6062718,43298034.1794454,TRUE,NA,upper,SNA_CEI + SNA_WID,15032792,adults,WID
CHL,2023,0.9,18944878.3524773,19368601.6062718,43298034.1794454,TRUE,NA,middle,SNA_CEI + SNA_WID,15032792,adults,WID
CHL,2023,0.99,71879727.5073592,77836221.6789363,141702799.37601,TRUE,NA,upper,SNA_CEI + SNA_WID,15032792,adults,WID
CHL,2023,0.99,71879727.5073592,77836221.6789363,141702799.37601,TRUE,NA,middle,SNA_CEI + SNA_WID,15032792,adults,WID
CHL,2023,0.999,220744701.341818,223384980.888444,400641741.519089,TRUE,NA,upper,SNA_CEI + SNA_WID,15032792,adults,WID
CHL,2023,0.999,220744701.341818,223384980.888444,400641741.519089,TRUE,NA,middle,SNA_CEI + SNA_WID,15032792,adults,WID
CHL,2023,0.9999,623927546.507521,1291737659.97317,1291737659.97316,TRUE,NA,upper,SNA_CEI + SNA_WID,15032792,adults,WID
CHL,2023,0.9999,623927546.507521,1291737659.97317,1291737659.97316,TRUE,NA,middle,SNA_CEI + SNA_WID,15032792,adults,WID
DOM,2012,0.9,168039.036946007,176905.385368867,613362.207286745,TRUE,1912593920000,upper,SNA_CEI + SNA_WID,6027776,adults,WID
DOM,2012,0.9,168039.036946007,176905.385368867,613362.207286745,TRUE,777849499479.5,lower,BFM,6027776,adults,WID
DOM,2012,0.9,168039.036946007,176905.385368867,613362.207286745,TRUE,NA,middle,SNA_CEI + SNA_WID,6027776,adults,WID
DOM,2012,0.99,841864.003463999,870251.498135058,3135880.16987981,TRUE,1912593920000,upper,SNA_CEI + SNA_WID,6027776,adults,WID
DOM,2012,0.99,841864.003463999,870251.498135058,3135880.16987981,TRUE,777849499479.5,lower,BFM,6027776,adults,WID
DOM,2012,0.99,841864.003463999,870251.498135058,3135880.16987981,TRUE,NA,middle,SNA_CEI + SNA_WID,6027776,adults,WID
DOM,2012,0.999,4419406.30795967,4599777.15373648,18024886.7558386,TRUE,1912593920000,upper,SNA_CEI + SNA_WID,6027776,adults,WID
DOM,2012,0.999,4419406.30795967,4599777.15373648,18024886.7558386,TRUE,777849499479.5,lower,BFM,6027776,adults,WID
DOM,2012,0.999,4419406.30795967,4599777.15373648,18024886.7558386,TRUE,NA,middle,SNA_CEI + SNA_WID,6027776,adults,WID
DOM,2012,0.9999,28939119.591247,96868397.9503181,96868397.9503182,TRUE,1912593920000,upper,SNA_CEI + SNA_WID,6027776,adults,WID
DOM,2012,0.9999,28939119.591247,96868397.9503181,96868397.9503182,TRUE,777849499479.5,lower,BFM,6027776,adults,WID
DOM,2012,0.9999,28939119.591247,96868397.9503181,96868397.9503182,TRUE,NA,middle,SNA_CEI + SNA_WID,6027776,adults,WID
DOM,2013,0.9,182444.219255945,191047.02620319,697310.911759895,TRUE,2072989188096,upper,SNA_CEI + SNA_WID,6151785,adults,WID
DOM,2013,0.9,182444.219255945,191047.02620319,697310.911759895,TRUE,903727959302.734,lower,BFM,6151785,adults,WID
DOM,2013,0.9,182444.219255945,191047.02620319,697310.911759895,TRUE,NA,middle,SNA_CEI + SNA_WID,6151785,adults,WID
DOM,2013,0.99,884144.134493372,912039.65938399,3735945.83459981,TRUE,2072989188096,upper,SNA_CEI + SNA_WID,6151785,adults,WID
DOM,2013,0.99,884144.134493372,912039.65938399,3735945.83459981,TRUE,903727959302.734,lower,BFM,6151785,adults,WID
DOM,2013,0.99,884144.134493372,912039.65938399,3735945.83459981,TRUE,NA,middle,SNA_CEI + SNA_WID,6151785,adults,WID
DOM,2013,0.999,4663862.57541058,4871418.57338418,23465475.3939424,TRUE,2072989188096,upper,SNA_CEI + SNA_WID,6151785,adults,WID
DOM,2013,0.999,4663862.57541058,4871418.57338418,23465475.3939424,TRUE,903727959302.734,lower,BFM,6151785,adults,WID
DOM,2013,0.999,4663862.57541058,4871418.57338418,23465475.3939424,TRUE,NA,middle,SNA_CEI + SNA_WID,6151785,adults,WID
DOM,2013,0.9999,30973875.720541,145814396.632724,145814396.632724,TRUE,2072989188096,upper,SNA_CEI + SNA_WID,6151785,adults,WID
DOM,2013,0.9999,30973875.720541,145814396.632724,145814396.632724,TRUE,903727959302.734,lower,BFM,6151785,adults,WID
DOM,2013,0.9999,30973875.720541,145814396.632724,145814396.632724,TRUE,NA,middle,SNA_CEI + SNA_WID,6151785,adults,WID
DOM,2014,0.9,202329.037723541,212498.903117725,755197.243642516,TRUE,2303597713408,upper,SNA_CEI + SNA_WID,6275300,adults,WID
DOM,2014,0.9,202329.037723541,212498.903117725,755197.243642516,TRUE,969486264825,lower,BFM,6275300,adults,WID
DOM,2014,0.9,202329.037723541,212498.903117725,755197.243642516,TRUE,NA,middle,SNA_CEI + SNA_WID,6275300,adults,WID
DOM,2014,0.99,997015.151111072,1030025.34110555,3934563.79147565,TRUE,2303597713408,upper,SNA_CEI + SNA_WID,6275300,adults,WID
DOM,2014,0.99,997015.151111072,1030025.34110555,3934563.79147565,TRUE,969486264825,lower,BFM,6275300,adults,WID
DOM,2014,0.99,997015.151111072,1030025.34110555,3934563.79147565,TRUE,NA,middle,SNA_CEI + SNA_WID,6275300,adults,WID
DOM,2014,0.999,5091240.82689446,5319548.18152941,23261390.9232255,TRUE,2303597713408,upper,SNA_CEI + SNA_WID,6275300,adults,WID
DOM,2014,0.999,5091240.82689446,5319548.18152941,23261390.9232255,TRUE,969486264825,lower,BFM,6275300,adults,WID
DOM,2014,0.999,5091240.82689446,5319548.18152941,23261390.9232255,TRUE,NA,middle,SNA_CEI + SNA_WID,6275300,adults,WID
DOM,2014,0.9999,35146968.0853486,132417523.879732,132417523.879732,TRUE,2303597713408,upper,SNA_CEI + SNA_WID,6275300,adults,WID
DOM,2014,0.9999,35146968.0853486,132417523.879732,132417523.879732,TRUE,969486264825,lower,BFM,6275300,adults,WID
DOM,2014,0.9999,35146968.0853486,132417523.879732,132417523.879732,TRUE,NA,middle,SNA_CEI + SNA_WID,6275300,adults,WID
DOM,2015,0.9,224397.985723694,235741.026566749,825762.84060927,TRUE,2554879971328,upper,SNA_CEI + SNA_WID,6396872,adults,WID
DOM,2015,0.9,224397.985723694,235741.026566749,825762.84060927,TRUE,1067472783123.75,lower,BFM,6396872,adults,WID
DOM,2015,0.9,224397.985723694,235741.026566749,825762.84060927,TRUE,NA,middle,SNA_CEI + SNA_WID,6396872,adults,WID
DOM,2015,0.99,1065180.57189912,1097995.1747206,4328201.03817327,TRUE,2554879971328,upper,SNA_CEI + SNA_WID,6396872,adults,WID
DOM,2015,0.99,1065180.57189912,1097995.1747206,4328201.03817327,TRUE,1067472783123.75,lower,BFM,6396872,adults,WID
DOM,2015,0.99,1065180.57189912,1097995.1747206,4328201.03817327,TRUE,NA,middle,SNA_CEI + SNA_WID,6396872,adults,WID
DOM,2015,0.999,5367661.85734604,5599618.77922639,26196503.0677993,TRUE,2554879971328,upper,SNA_CEI + SNA_WID,6396872,adults,WID
DOM,2015,0.999,5367661.85734604,5599618.77922639,26196503.0677993,TRUE,1067472783123.75,lower,BFM,6396872,adults,WID
DOM,2015,0.999,5367661.85734604,5599618.77922639,26196503.0677993,TRUE,NA,middle,SNA_CEI + SNA_WID,6396872,adults,WID
DOM,2015,0.9999,35500054.5890326,159987739.523445,159987739.523445,TRUE,2554879971328,upper,SNA_CEI + SNA_WID,6396872,adults,WID
DOM,2015,0.9999,35500054.5890326,159987739.523445,159987739.523445,TRUE,1067472783123.75,lower,BFM,6396872,adults,WID
DOM,2015,0.9999,35500054.5890326,159987739.523445,159987739.523445,TRUE,NA,middle,SNA_CEI + SNA_WID,6396872,adults,WID
DOM,2016,0.9,243674.428576961,255264.672012782,791856.219082235,TRUE,2705974292480,upper,SNA_CEI + SNA_WID,6515899,adults,WID
DOM,2016,0.9,243674.428576961,255264.672012782,791856.219082235,TRUE,1087686947196.84,lower,BFM,6515899,adults,WID
DOM,2016,0.9,243674.428576961,255264.672012782,791856.219082235,TRUE,NA,middle,SNA_CEI + SNA_WID,6515899,adults,WID
DOM,2016,0.99,1127786.34593232,1163142.30984919,3681997.30243234,TRUE,2705974292480,upper,SNA_CEI + SNA_WID,6515899,adults,WID
DOM,2016,0.99,1127786.34593232,1163142.30984919,3681997.30243234,TRUE,1087686947196.84,lower,BFM,6515899,adults,WID
DOM,2016,0.99,1127786.34593232,1163142.30984919,3681997.30243234,TRUE,NA,middle,SNA_CEI + SNA_WID,6515899,adults,WID
DOM,2016,0.999,5477570.82928365,5711326.47815649,18920598.3719273,TRUE,2705974292480,upper,SNA_CEI + SNA_WID,6515899,adults,WID
DOM,2016,0.999,5477570.82928365,5711326.47815649,18920598.3719273,TRUE,1087686947196.84,lower,BFM,6515899,adults,WID
DOM,2016,0.999,5477570.82928365,5711326.47815649,18920598.3719273,TRUE,NA,middle,SNA_CEI + SNA_WID,6515899,adults,WID
DOM,2016,0.9999,31931433.963028,88994890.7996852,88994890.7996852,TRUE,2705974292480,upper,SNA_CEI + SNA_WID,6515899,adults,WID
DOM,2016,0.9999,31931433.963028,88994890.7996852,88994890.7996852,TRUE,1087686947196.84,lower,BFM,6515899,adults,WID
DOM,2016,0.9999,31931433.963028,88994890.7996852,88994890.7996852,TRUE,NA,middle,SNA_CEI + SNA_WID,6515899,adults,WID
DOM,2017,0.9,258191.784204581,270778.578149957,730073.970057196,TRUE,NA,upper,SNA_CEI + SNA_WID,6631425,adults,WID
DOM,2017,0.9,258191.784204581,270778.578149957,730073.970057196,TRUE,1171862841415.62,lower,BFM,6631425,adults,WID
DOM,2017,0.9,258191.784204581,270778.578149957,730073.970057196,TRUE,NA,middle,SNA_CEI + SNA_WID,6631425,adults,WID
DOM,2017,0.99,1114881.29187085,1150007.62267455,2984606.89929236,TRUE,NA,upper,SNA_CEI + SNA_WID,6631425,adults,WID
DOM,2017,0.99,1114881.29187085,1150007.62267455,2984606.89929236,TRUE,1171862841415.62,lower,BFM,6631425,adults,WID
DOM,2017,0.99,1114881.29187085,1150007.62267455,2984606.89929236,TRUE,NA,middle,SNA_CEI + SNA_WID,6631425,adults,WID
DOM,2017,0.999,4194078.76306916,4332809.71994084,13441976.454389,TRUE,NA,upper,SNA_CEI + SNA_WID,6631425,adults,WID
DOM,2017,0.999,4194078.76306916,4332809.71994084,13441976.454389,TRUE,1171862841415.62,lower,BFM,6631425,adults,WID
DOM,2017,0.999,4194078.76306916,4332809.71994084,13441976.454389,TRUE,NA,middle,SNA_CEI + SNA_WID,6631425,adults,WID
DOM,2017,0.9999,19051635.7560857,68704009.3893864,68704009.3893865,TRUE,NA,upper,SNA_CEI + SNA_WID,6631425,adults,WID
DOM,2017,0.9999,19051635.7560857,68704009.3893864,68704009.3893865,TRUE,1171862841415.62,lower,BFM,6631425,adults,WID
DOM,2017,0.9999,19051635.7560857,68704009.3893864,68704009.3893865,TRUE,NA,middle,SNA_CEI + SNA_WID,6631425,adults,WID
DOM,2018,0.9,283310.844321516,296836.903167443,852993.991739935,TRUE,NA,upper,SNA_CEI + SNA_WID,6742375,adults,WID
DOM,2018,0.9,283310.844321516,296836.903167443,852993.991739935,TRUE,1338221907980,lower,BFM,6742375,adults,WID
DOM,2018,0.9,283310.844321516,296836.903167443,852993.991739935,TRUE,NA,middle,SNA_CEI + SNA_WID,6742375,adults,WID
DOM,2018,0.99,1208666.36986817,1246415.52564412,3722901.28463294,TRUE,NA,upper,SNA_CEI + SNA_WID,6742375,adults,WID
DOM,2018,0.99,1208666.36986817,1246415.52564412,3722901.28463294,TRUE,1338221907980,lower,BFM,6742375,adults,WID
DOM,2018,0.99,1208666.36986817,1246415.52564412,3722901.28463294,TRUE,NA,middle,SNA_CEI + SNA_WID,6742375,adults,WID
DOM,2018,0.999,4439799.84379506,4585968.16430958,19659614.9541033,TRUE,NA,upper,SNA_CEI + SNA_WID,6742375,adults,WID
DOM,2018,0.999,4439799.84379506,4585968.16430958,19659614.9541033,TRUE,1338221907980,lower,BFM,6742375,adults,WID
DOM,2018,0.999,4439799.84379506,4585968.16430958,19659614.9541033,TRUE,NA,middle,SNA_CEI + SNA_WID,6742375,adults,WID
DOM,2018,0.9999,20622560.6606874,127563165.736861,127563165.736861,TRUE,NA,upper,SNA_CEI + SNA_WID,6742375,adults,WID
DOM,2018,0.9999,20622560.6606874,127563165.736861,127563165.736861,TRUE,1338221907980,lower,BFM,6742375,adults,WID
DOM,2018,0.9999,20622560.6606874,127563165.736861,127563165.736861,TRUE,NA,middle,SNA_CEI + SNA_WID,6742375,adults,WID
DOM,2019,0.9,301267.089415718,315328.375003038,943506.120405307,TRUE,NA,upper,SNA_CEI + SNA_WID,6851492,adults,WID
DOM,2019,0.9,301267.089415718,315328.375003038,943506.120405307,TRUE,1436240602964.92,lower,BFM,6851492,adults,WID
DOM,2019,0.9,301267.089415718,315328.375003038,943506.120405307,TRUE,NA,middle,SNA_CEI + SNA_WID,6851492,adults,WID
DOM,2019,0.99,1276600.21497912,1315266.18209152,4390867.1057152,TRUE,NA,upper,SNA_CEI + SNA_WID,6851492,adults,WID
DOM,2019,0.99,1276600.21497912,1315266.18209152,4390867.1057152,TRUE,1436240602964.92,lower,BFM,6851492,adults,WID
DOM,2019,0.99,1276600.21497912,1315266.18209152,4390867.1057152,TRUE,NA,middle,SNA_CEI + SNA_WID,6851492,adults,WID
DOM,2019,0.999,4764327.15585886,4909847.9657911,25211180.5391757,TRUE,NA,upper,SNA_CEI + SNA_WID,6851492,adults,WID
DOM,2019,0.999,4764327.15585886,4909847.9657911,25211180.5391757,TRUE,1436240602964.92,lower,BFM,6851492,adults,WID
DOM,2019,0.999,4764327.15585886,4909847.9657911,25211180.5391757,TRUE,NA,middle,SNA_CEI + SNA_WID,6851492,adults,WID
DOM,2019,0.9999,22168793.258717,178181858.432349,178181858.432349,TRUE,NA,upper,SNA_CEI + SNA_WID,6851492,adults,WID
DOM,2019,0.9999,22168793.258717,178181858.432349,178181858.432349,TRUE,1436240602964.92,lower,BFM,6851492,adults,WID
DOM,2019,0.9999,22168793.258717,178181858.432349,178181858.432349,TRUE,NA,middle,SNA_CEI + SNA_WID,6851492,adults,WID
DOM,2020,0.9,282342.75183886,295200.337647276,774417.761119733,TRUE,NA,upper,SNA_CEI + SNA_WID,6967792,adults,WID
DOM,2020,0.9,282342.75183886,295200.337647276,774417.761119733,TRUE,1230596863792.03,lower,BFM,6967792,adults,WID
DOM,2020,0.9,282342.75183886,295200.337647276,774417.761119733,TRUE,NA,middle,SNA_CEI + SNA_WID,6967792,adults,WID
DOM,2020,0.99,1242784.16412474,1282158.31881011,3186920.76885744,TRUE,NA,upper,SNA_CEI + SNA_WID,6967792,adults,WID
DOM,2020,0.99,1242784.16412474,1282158.31881011,3186920.76885744,TRUE,1230596863792.03,lower,BFM,6967792,adults,WID
DOM,2020,0.99,1242784.16412474,1282158.31881011,3186920.76885744,TRUE,NA,middle,SNA_CEI + SNA_WID,6967792,adults,WID
DOM,2020,0.999,4717820.9388412,4862992.48957222,13459176.7824815,TRUE,NA,upper,SNA_CEI + SNA_WID,6967792,adults,WID
DOM,2020,0.999,4717820.9388412,4862992.48957222,13459176.7824815,TRUE,1230596863792.03,lower,BFM,6967792,adults,WID
DOM,2020,0.999,4717820.9388412,4862992.48957222,13459176.7824815,TRUE,NA,middle,SNA_CEI + SNA_WID,6967792,adults,WID
DOM,2020,0.9999,20329946.1137169,61869032.593431,61869032.593431,TRUE,NA,upper,SNA_CEI + SNA_WID,6967792,adults,WID
DOM,2020,0.9999,20329946.1137169,61869032.593431,61869032.593431,TRUE,1230596863792.03,lower,BFM,6967792,adults,WID
DOM,2020,0.9999,20329946.1137169,61869032.593431,61869032.593431,TRUE,NA,middle,SNA_CEI + SNA_WID,6967792,adults,WID
PER,2016,0.9,21030.9046401666,21289.2474457828,64273.5159663027,TRUE,438597502976,upper,SNA_CEI + SNA_WID,19806451,adults,WID
PER,2016,0.9,21030.9046401666,21289.2474457828,64273.5159663027,TRUE,355060680665.461,lower,BFM,19806451,adults,WID
PER,2016,0.9,21030.9046401666,21289.2474457828,64273.5159663027,TRUE,401899504640,middle,SNA_CEI + SNA_WID,19806451,adults,WID
PER,2016,0.99,105187.584812846,106849.902421764,280722.652658136,TRUE,438597502976,upper,SNA_CEI + SNA_WID,19806451,adults,WID
PER,2016,0.99,105187.584812846,106849.902421764,280722.652658136,TRUE,355060680665.461,lower,BFM,19806451,adults,WID
PER,2016,0.99,105187.584812846,106849.902421764,280722.652658136,TRUE,401899504640,middle,SNA_CEI + SNA_WID,19806451,adults,WID
PER,2016,0.999,427311.654142874,436837.855486425,1171985.25287538,TRUE,438597502976,upper,SNA_CEI + SNA_WID,19806451,adults,WID
PER,2016,0.999,427311.654142874,436837.855486425,1171985.25287538,TRUE,355060680665.461,lower,BFM,19806451,adults,WID
PER,2016,0.999,427311.654142874,436837.855486425,1171985.25287538,TRUE,401899504640,middle,SNA_CEI + SNA_WID,19806451,adults,WID
PER,2016,0.9999,1855648.25551222,5157597.60472961,5157597.60472961,TRUE,438597502976,upper,SNA_CEI + SNA_WID,19806451,adults,WID
PER,2016,0.9999,1855648.25551222,5157597.60472961,5157597.60472961,TRUE,355060680665.461,lower,BFM,19806451,adults,WID
PER,2016,0.9999,1855648.25551222,5157597.60472961,5157597.60472961,TRUE,401899504640,middle,SNA_CEI + SNA_WID,19806451,adults,WID
PER,2017,0.9,21586.2345387464,21774.2391681019,69733.1480608541,TRUE,462257618944,upper,SNA_CEI + SNA_WID,20223139,adults,WID
PER,2017,0.9,21586.2345387464,21774.2391681019,69733.1480608541,TRUE,397631729865.828,lower,BFM,20223139,adults,WID
PER,2017,0.9,21586.2345387464,21774.2391681019,69733.1480608541,TRUE,419231618048,middle,SNA_CEI + SNA_WID,20223139,adults,WID
PER,2017,0.99,121942.951858364,125480.806521452,297738.657116694,TRUE,462257618944,upper,SNA_CEI + SNA_WID,20223139,adults,WID
PER,2017,0.99,121942.951858364,125480.806521452,297738.657116694,TRUE,397631729865.828,lower,BFM,20223139,adults,WID
PER,2017,0.99,121942.951858364,125480.806521452,297738.657116694,TRUE,419231618048,middle,SNA_CEI + SNA_WID,20223139,adults,WID
PER,2017,0.999,444561.549647411,461469.314207325,1220010.9705191,TRUE,462257618944,upper,SNA_CEI + SNA_WID,20223139,adults,WID
PER,2017,0.999,444561.549647411,461469.314207325,1220010.9705191,TRUE,397631729865.828,lower,BFM,20223139,adults,WID
PER,2017,0.999,444561.549647411,461469.314207325,1220010.9705191,TRUE,419231618048,middle,SNA_CEI + SNA_WID,20223139,adults,WID
PER,2017,0.9999,1815445.46077136,5403111.62755631,5403111.62755631,TRUE,462257618944,upper,SNA_CEI + SNA_WID,20223139,adults,WID
PER,2017,0.9999,1815445.46077136,5403111.62755631,5403111.62755631,TRUE,397631729865.828,lower,BFM,20223139,adults,WID
PER,2017,0.9999,1815445.46077136,5403111.62755631,5403111.62755631,TRUE,419231618048,middle,SNA_CEI + SNA_WID,20223139,adults,WID
PER,2018,0.9,22941.2354102124,24220.0771857605,75262.2818006314,TRUE,491157929984,upper,SNA_CEI + SNA_WID,20752182,adults,WID
PER,2018,0.9,22941.2354102124,24220.0771857605,75262.2818006314,TRUE,394595192420.086,lower,BFM,20752182,adults,WID
PER,2018,0.9,22941.2354102124,24220.0771857605,75262.2818006314,TRUE,446363929600,middle,SNA_CEI + SNA_WID,20752182,adults,WID
PER,2018,0.99,126381.403765628,130083.707843237,329346.792373173,TRUE,491157929984,upper,SNA_CEI + SNA_WID,20752182,adults,WID
PER,2018,0.99,126381.403765628,130083.707843237,329346.792373173,TRUE,394595192420.086,lower,BFM,20752182,adults,WID
PER,2018,0.99,126381.403765628,130083.707843237,329346.792373173,TRUE,446363929600,middle,SNA_CEI + SNA_WID,20752182,adults,WID
PER,2018,0.999,466680.165932956,483253.854014645,1453998.1746745,TRUE,491157929984,upper,SNA_CEI + SNA_WID,20752182,adults,WID
PER,2018,0.999,466680.165932956,483253.854014645,1453998.1746745,TRUE,394595192420.086,lower,BFM,20752182,adults,WID
PER,2018,0.999,466680.165932956,483253.854014645,1453998.1746745,TRUE,446363929600,middle,SNA_CEI + SNA_WID,20752182,adults,WID
PER,2018,0.9999,1977217.52138089,7453331.93981563,7453331.93981563,TRUE,491157929984,upper,SNA_CEI + SNA_WID,20752182,adults,WID
PER,2018,0.9999,1977217.52138089,7453331.93981563,7453331.93981563,TRUE,394595192420.086,lower,BFM,20752182,adults,WID
PER,2018,0.9999,1977217.52138089,7453331.93981563,7453331.93981563,TRUE,446363929600,middle,SNA_CEI + SNA_WID,20752182,adults,WID
SLV,2000,0.9,0,0,8559.82851029345,FALSE,NA,upper,WID HH_B5n_wid (2000+),3117056,adults,WID
SLV,2000,0.99,10675.6528865919,11617.479913458,80844.0812763981,TRUE,NA,upper,WID HH_B5n_wid (2000+),3117056,adults,WID
SLV,2000,0.999,138586.17125873,145206.447052392,494264.049151902,TRUE,NA,upper,WID HH_B5n_wid (2000+),3117056,adults,WID
SLV,2000,0.9999,1003164.99412953,2086083.7872083,2086083.7872083,TRUE,NA,upper,WID HH_B5n_wid (2000+),3117056,adults,WID
SLV,2001,0.9,0,0,8992.47140649154,FALSE,NA,upper,WID HH_B5n_wid (2000+),3164236,adults,WID
SLV,2001,0.9,0,0,8992.47140649154,FALSE,7754074622.90698,lower,BFM,3164236,adults,WID
SLV,2001,0.99,11719.3824565468,12656.911381073,83690.1939136591,TRUE,NA,upper,WID HH_B5n_wid (2000+),3164236,adults,WID
SLV,2001,0.99,11719.3824565468,12656.911381073,83690.1939136591,TRUE,7754074622.90698,lower,BFM,3164236,adults,WID
SLV,2001,0.999,146738.203978716,154408.178237722,510134.856721922,TRUE,NA,upper,WID HH_B5n_wid (2000+),3164236,adults,WID
SLV,2001,0.999,146738.203978716,154408.178237722,510134.856721922,TRUE,7754074622.90698,lower,BFM,3164236,adults,WID
SLV,2001,0.9999,990405.537647684,2088676.04727566,2088676.04727566,TRUE,NA,upper,WID HH_B5n_wid (2000+),3164236,adults,WID
SLV,2001,0.9999,990405.537647684,2088676.04727566,2088676.04727566,TRUE,7754074622.90698,lower,BFM,3164236,adults,WID
SLV,2002,0.9,0,0,9963.53679215332,FALSE,NA,upper,WID HH_B5n_wid (2000+),3205743,adults,WID
SLV,2002,0.9,0,0,9963.53679215332,FALSE,8135475470.29175,lower,BFM,3205743,adults,WID
SLV,2002,0.99,13562.8610657838,14514.5307405992,90401.4827072474,TRUE,NA,upper,WID HH_B5n_wid (2000+),3205743,adults,WID
SLV,2002,0.99,13562.8610657838,14514.5307405992,90401.4827072474,TRUE,8135475470.29175,lower,BFM,3205743,adults,WID
SLV,2002,0.999,159822.44344234,168677.415401063,544994.971300595,TRUE,NA,upper,WID HH_B5n_wid (2000+),3205743,adults,WID
SLV,2002,0.999,159822.44344234,168677.415401063,544994.971300595,TRUE,8135475470.29175,lower,BFM,3205743,adults,WID
SLV,2002,0.9999,1101894.04780691,2161197.91997099,2161197.91997099,TRUE,NA,upper,WID HH_B5n_wid (2000+),3205743,adults,WID
SLV,2002,0.9999,1101894.04780691,2161197.91997099,2161197.91997099,TRUE,8135475470.29175,lower,BFM,3205743,adults,WID
SLV,2003,0.9,0,0,10783.3125541553,FALSE,NA,upper,WID HH_B5n_wid (2000+),3240759,adults,WID
SLV,2003,0.9,0,0,10783.3125541553,FALSE,8094372711.31836,lower,BFM,3240759,adults,WID
SLV,2003,0.99,14950.2394848919,15955.5129845054,95982.6308673301,TRUE,NA,upper,WID HH_B5n_wid (2000+),3240759,adults,WID
SLV,2003,0.99,14950.2394848919,15955.5129845054,95982.6308673301,TRUE,8094372711.31836,lower,BFM,3240759,adults,WID
SLV,2003,0.999,168853.510725759,177395.348926783,577000.380203062,TRUE,NA,upper,WID HH_B5n_wid (2000+),3240759,adults,WID
SLV,2003,0.999,168853.510725759,177395.348926783,577000.380203062,TRUE,8094372711.31836,lower,BFM,3240759,adults,WID
SLV,2003,0.9999,1211797.75705614,2311879.60699053,2311879.60699052,TRUE,NA,upper,WID HH_B5n_wid (2000+),3240759,adults,WID
SLV,2003,0.9999,1211797.75705614,2311879.60699053,2311879.60699052,TRUE,8094372711.31836,lower,BFM,3240759,adults,WID
SLV,2004,0.9,0,0,11881.4026237253,FALSE,NA,upper,WID HH_B5n_wid (2000+),3269377,adults,WID
SLV,2004,0.9,0,0,11881.4026237253,FALSE,8520513869.24561,lower,BFM,3269377,adults,WID
SLV,2004,0.99,16028.6379824649,17072.6732821972,104443.481666535,TRUE,NA,upper,WID HH_B5n_wid (2000+),3269377,adults,WID
SLV,2004,0.99,16028.6379824649,17072.6732821972,104443.481666535,TRUE,8520513869.24561,lower,BFM,3269377,adults,WID
SLV,2004,0.999,184402.468218658,193953.826504784,637842.721783295,TRUE,NA,upper,WID HH_B5n_wid (2000+),3269377,adults,WID
SLV,2004,0.999,184402.468218658,193953.826504784,637842.721783295,TRUE,8520513869.24561,lower,BFM,3269377,adults,WID
SLV,2004,0.9999,1255103.02410267,2659902.56692045,2659902.56692045,TRUE,NA,upper,WID HH_B5n_wid (2000+),3269377,adults,WID
SLV,2004,0.9999,1255103.02410267,2659902.56692045,2659902.56692045,TRUE,8520513869.24561,lower,BFM,3269377,adults,WID
SLV,2005,0.9,0,0,12542.3894387927,FALSE,NA,upper,WID HH_B5n_wid (2000+),3292412,adults,WID
SLV,2005,0.9,0,0,12542.3894387927,FALSE,8754264307.81494,lower,BFM,3292412,adults,WID
SLV,2005,0.99,17896.9665067275,18975.7801143846,106216.71662988,TRUE,NA,upper,WID HH_B5n_wid (2000+),3292412,adults,WID
SLV,2005,0.99,17896.9665067275,18975.7801143846,106216.71662988,TRUE,8754264307.81494,lower,BFM,3292412,adults,WID
SLV,2005,0.999,176804.057116864,185655.855772555,639800.3947802,TRUE,NA,upper,WID HH_B5n_wid (2000+),3292412,adults,WID
SLV,2005,0.999,176804.057116864,185655.855772555,639800.3947802,TRUE,8754264307.81494,lower,BFM,3292412,adults,WID
SLV,2005,0.9999,1248639.53450469,2803947.22690217,2803947.22690217,TRUE,NA,upper,WID HH_B5n_wid (2000+),3292412,adults,WID
SLV,2005,0.9999,1248639.53450469,2803947.22690217,2803947.22690217,TRUE,8754264307.81494,lower,BFM,3292412,adults,WID
SLV,2006,0.9,0,0,14173.4542147863,FALSE,NA,upper,WID HH_B5n_wid (2000+),3311046,adults,WID
SLV,2006,0.9,0,0,14173.4542147863,FALSE,9409202300.55322,lower,BFM,3311046,adults,WID
SLV,2006,0.99,19405.8686171594,20557.8664027255,119309.685051892,TRUE,NA,upper,WID HH_B5n_wid (2000+),3311046,adults,WID
SLV,2006,0.99,19405.8686171594,20557.8664027255,119309.685051892,TRUE,9409202300.55322,lower,BFM,3311046,adults,WID
SLV,2006,0.999,195527.97059066,205230.043492937,733138.014393303,TRUE,NA,upper,WID HH_B5n_wid (2000+),3311046,adults,WID
SLV,2006,0.999,195527.97059066,205230.043492937,733138.014393303,TRUE,9409202300.55322,lower,BFM,3311046,adults,WID
SLV,2006,0.9999,1349910.88379927,3443556.37248391,3443556.37248391,TRUE,NA,upper,WID HH_B5n_wid (2000+),3311046,adults,WID
SLV,2006,0.9999,1349910.88379927,3443556.37248391,3443556.37248391,TRUE,9409202300.55322,lower,BFM,3311046,adults,WID
SLV,2007,0.9,0,0,14672.7114615891,FALSE,NA,upper,WID HH_B5n_wid (2000+),3333721,adults,WID
SLV,2007,0.9,0,0,14672.7114615891,FALSE,8677185967.4209,lower,BFM,3333721,adults,WID
SLV,2007,0.99,20144.1422298307,21314.6723184936,121905.254815975,TRUE,NA,upper,WID HH_B5n_wid (2000+),3333721,adults,WID
SLV,2007,0.99,20144.1422298307,21314.6723184936,121905.254815975,TRUE,8677185967.4209,lower,BFM,3333721,adults,WID
SLV,2007,0.999,201467.763019616,211372.719025769,745120.893203699,TRUE,NA,upper,WID HH_B5n_wid (2000+),3333721,adults,WID
SLV,2007,0.999,201467.763019616,211372.719025769,745120.893203699,TRUE,8677185967.4209,lower,BFM,3333721,adults,WID
SLV,2007,0.9999,1380659.55367265,3439126.05332622,3439126.05332622,TRUE,NA,upper,WID HH_B5n_wid (2000+),3333721,adults,WID
SLV,2007,0.9999,1380659.55367265,3439126.05332622,3439126.05332622,TRUE,8677185967.4209,lower,BFM,3333721,adults,WID
SLV,2009,0.9,0,0,14128.1843653243,FALSE,NA,upper,WID HH_B5n_wid (2000+),3400429,adults,WID
SLV,2009,0.9,0,0,14128.1843653243,FALSE,9470498192.3335,lower,BFM,3400429,adults,WID
SLV,2009,0.99,19411.8765365177,20517.836058167,115244.375336882,TRUE,NA,upper,WID HH_B5n_wid (2000+),3400429,adults,WID
SLV,2009,0.99,19411.8765365177,20517.836058167,115244.375336882,TRUE,9470498192.3335,lower,BFM,3400429,adults,WID
SLV,2009,0.999,186621.898446282,196252.521688935,708139.869364025,TRUE,NA,upper,WID HH_B5n_wid (2000+),3400429,adults,WID
SLV,2009,0.999,186621.898446282,196252.521688935,708139.869364025,TRUE,9470498192.3335,lower,BFM,3400429,adults,WID
SLV,2009,0.9999,1385928.32775909,3256572.71671698,3256572.71671698,TRUE,NA,upper,WID HH_B5n_wid (2000+),3400429,adults,WID
SLV,2009,0.9999,1385928.32775909,3256572.71671698,3256572.71671698,TRUE,9470498192.3335,lower,BFM,3400429,adults,WID
SLV,2010,0.9,0,0,14996.0950454182,FALSE,NA,upper,WID HH_B5n_wid (2000+),3440683,adults,WID
SLV,2010,0.9,0,0,14996.0950454182,FALSE,9338658553.11353,lower,BFM,3440683,adults,WID
SLV,2010,0.99,20538.6749014498,21686.1240600794,121366.198452654,TRUE,NA,upper,WID HH_B5n_wid (2000+),3440683,adults,WID
SLV,2010,0.99,20538.6749014498,21686.1240600794,121366.198452654,TRUE,9338658553.11353,lower,BFM,3440683,adults,WID
SLV,2010,0.999,189727.140657461,198919.484484224,751587.927048747,TRUE,NA,upper,WID HH_B5n_wid (2000+),3440683,adults,WID
SLV,2010,0.999,189727.140657461,198919.484484224,751587.927048747,TRUE,9338658553.11353,lower,BFM,3440683,adults,WID
SLV,2010,0.9999,1406300.57831106,3620067.22127825,3620067.22127825,TRUE,NA,upper,WID HH_B5n_wid (2000+),3440683,adults,WID
SLV,2010,0.9999,1406300.57831106,3620067.22127825,3620067.22127825,TRUE,9338658553.11353,lower,BFM,3440683,adults,WID
SLV,2012,0.9,0,0,16985.9485113295,FALSE,NA,upper,WID HH_B5n_wid (2000+),3536632,adults,WID
SLV,2012,0.9,0,0,16985.9485113295,FALSE,10034792497.1118,lower,BFM,3536632,adults,WID
SLV,2012,0.99,21927.8617886648,23170.5458875228,142404.192497221,TRUE,NA,upper,WID HH_B5n_wid (2000+),3536632,adults,WID
SLV,2012,0.99,21927.8617886648,23170.5458875228,142404.192497221,TRUE,10034792497.1118,lower,BFM,3536632,adults,WID
SLV,2012,0.999,206221.794057441,216777.313825575,922827.114201816,TRUE,NA,upper,WID HH_B5n_wid (2000+),3536632,adults,WID
SLV,2012,0.999,206221.794057441,216777.313825575,922827.114201816,TRUE,10034792497.1118,lower,BFM,3536632,adults,WID
SLV,2012,0.9999,1623196.1195512,4934374.17943281,4934374.17943281,TRUE,NA,upper,WID HH_B5n_wid (2000+),3536632,adults,WID
SLV,2012,0.9999,1623196.1195512,4934374.17943281,4934374.17943281,TRUE,10034792497.1118,lower,BFM,3536632,adults,WID
SLV,2013,0.9,0,0,16438.5735335692,FALSE,NA,upper,WID HH_B5n_wid (2000+),3592265,adults,WID
SLV,2013,0.9,0,0,16438.5735335692,FALSE,12264041483.2363,lower,BFM,3592265,adults,WID
SLV,2013,0.99,22185.2095814092,23422.9070001634,136223.204957211,TRUE,NA,upper,WID HH_B5n_wid (2000+),3592265,adults,WID
SLV,2013,0.99,22185.2095814092,23422.9070001634,136223.204957211,TRUE,12264041483.2363,lower,BFM,3592265,adults,WID
SLV,2013,0.999,207490.792534127,217530.078480226,858437.450743498,TRUE,NA,upper,WID HH_B5n_wid (2000+),3592265,adults,WID
SLV,2013,0.999,207490.792534127,217530.078480226,858437.450743498,TRUE,12264041483.2363,lower,BFM,3592265,adults,WID
SLV,2013,0.9999,1566102.63442529,4383848.63200656,4383848.63200656,TRUE,NA,upper,WID HH_B5n_wid (2000+),3592265,adults,WID
SLV,2013,0.9999,1566102.63442529,4383848.63200656,4383848.63200656,TRUE,12264041483.2363,lower,BFM,3592265,adults,WID
SLV,2014,0.9,0,0,16165.4565471554,FALSE,20375609978,upper,WID HH_B5n_wid (2000+),3650716,adults,WID
SLV,2014,0.9,0,0,16165.4565471554,FALSE,11769436365.0762,lower,BFM,3650716,adults,WID
SLV,2014,0.99,21940.0931541548,23162.8057359595,132658.88567354,TRUE,20375609978,upper,WID HH_B5n_wid (2000+),3650716,adults,WID
SLV,2014,0.99,21940.0931541548,23162.8057359595,132658.88567354,TRUE,11769436365.0762,lower,BFM,3650716,adults,WID
SLV,2014,0.999,203410.949021659,213096.683299001,834234.933707419,TRUE,20375609978,upper,WID HH_B5n_wid (2000+),3650716,adults,WID
SLV,2014,0.999,203410.949021659,213096.683299001,834234.933707419,TRUE,11769436365.0762,lower,BFM,3650716,adults,WID
SLV,2014,0.9999,1562186.28973125,4260291.84291536,4260291.84291536,TRUE,20375609978,upper,WID HH_B5n_wid (2000+),3650716,adults,WID
SLV,2014,0.9999,1562186.28973125,4260291.84291536,4260291.84291536,TRUE,11769436365.0762,lower,BFM,3650716,adults,WID
SLV,2015,0.9,0,0,15766.3477019129,FALSE,20406996656,upper,WID HH_B5n_wid (2000+),3709244,adults,WID
SLV,2015,0.9,0,0,15766.3477019129,FALSE,11682529928.915,lower,BFM,3709244,adults,WID
SLV,2015,0.99,22281.3673972547,23519.4722491196,127649.289733953,TRUE,20406996656,upper,WID HH_B5n_wid (2000+),3709244,adults,WID
SLV,2015,0.99,22281.3673972547,23519.4722491196,127649.289733953,TRUE,11682529928.915,lower,BFM,3709244,adults,WID
SLV,2015,0.999,200713.611992553,210583.17908594,780299.346035329,TRUE,20406996656,upper,WID HH_B5n_wid (2000+),3709244,adults,WID
SLV,2015,0.999,200713.611992553,210583.17908594,780299.346035329,TRUE,11682529928.915,lower,BFM,3709244,adults,WID
SLV,2015,0.9999,1468089.77997979,3827968.1909854,3827968.1909854,TRUE,20406996656,upper,WID HH_B5n_wid (2000+),3709244,adults,WID
SLV,2015,0.9999,1468089.77997979,3827968.1909854,3827968.1909854,TRUE,11682529928.915,lower,BFM,3709244,adults,WID
SLV,2016,0.9,0,0,15835.8709536172,FALSE,21296610436,upper,WID HH_B5n_wid (2000+),3768152,adults,WID
SLV,2016,0.9,0,0,15835.8709536172,FALSE,12675152397.6094,lower,BFM,3768152,adults,WID
SLV,2016,0.99,22483.0956954774,23732.591938307,127439.038959916,TRUE,21296610436,upper,WID HH_B5n_wid (2000+),3768152,adults,WID
SLV,2016,0.99,22483.0956954774,23732.591938307,127439.038959916,TRUE,12675152397.6094,lower,BFM,3768152,adults,WID
SLV,2016,0.999,200662.406466993,210587.461388331,773377.444047245,TRUE,21296610436,upper,WID HH_B5n_wid (2000+),3768152,adults,WID
SLV,2016,0.999,200662.406466993,210587.461388331,773377.444047245,TRUE,12675152397.6094,lower,BFM,3768152,adults,WID
SLV,2016,0.9999,1412324.60917814,3778626.23743509,3778626.23743509,TRUE,21296610436,upper,WID HH_B5n_wid (2000+),3768152,adults,WID
SLV,2016,0.9999,1412324.60917814,3778626.23743509,3778626.23743509,TRUE,12675152397.6094,lower,BFM,3768152,adults,WID
SLV,2017,0.9,0,0,16186.1707036119,FALSE,21179714350,upper,WID HH_B5n_wid (2000+),3826498,adults,WID
SLV,2017,0.9,0,0,16186.1707036119,FALSE,12031113622.7417,lower,BFM,3826498,adults,WID
SLV,2017,0.99,22828.9052624391,24088.3622450611,129768.141464645,TRUE,21179714350,upper,WID HH_B5n_wid (2000+),3826498,adults,WID
SLV,2017,0.99,22828.9052624391,24088.3622450611,129768.141464645,TRUE,12031113622.7417,lower,BFM,3826498,adults,WID
SLV,2017,0.999,202301.992170468,211907.465183678,788028.733170561,TRUE,21179714350,upper,WID HH_B5n_wid (2000+),3826498,adults,WID
SLV,2017,0.999,202301.992170468,211907.465183678,788028.733170561,TRUE,12031113622.7417,lower,BFM,3826498,adults,WID
SLV,2017,0.9999,1381710.54614746,3928418.48220269,3928418.48220269,TRUE,21179714350,upper,WID HH_B5n_wid (2000+),3826498,adults,WID
SLV,2017,0.9999,1381710.54614746,3928418.48220269,3928418.48220269,TRUE,12031113622.7417,lower,BFM,3826498,adults,WID
COL,2014,0.9,0,0,53525175.5723018,FALSE,478073434669056,upper,SNA_CEI + SNA_WID,30643643,adults,WID
COL,2014,0.9,0,0,53525175.5723018,FALSE,348946333437186,lower,BFM,30643643,adults,WID
COL,2014,0.9,0,0,53525175.5723018,FALSE,450676433879040,middle,SNA_CEI + SNA_WID,30643643,adults,WID
COL,2014,0.99,133312788.32407,137822799.547801,288115229.931301,TRUE,478073434669056,upper,SNA_CEI + SNA_WID,30643643,adults,WID
COL,2014,0.99,133312788.32407,137822799.547801,288115229.931301,TRUE,348946333437186,lower,BFM,30643643,adults,WID
COL,2014,0.99,133312788.32407,137822799.547801,288115229.931301,TRUE,450676433879040,middle,SNA_CEI + SNA_WID,30643643,adults,WID
COL,2014,0.999,496518704.892265,498359165.22425,874014735.02285,TRUE,478073434669056,upper,SNA_CEI + SNA_WID,30643643,adults,WID
COL,2014,0.999,496518704.892265,498359165.22425,874014735.02285,TRUE,348946333437186,lower,BFM,30643643,adults,WID
COL,2014,0.999,496518704.892265,498359165.22425,874014735.02285,TRUE,450676433879040,middle,SNA_CEI + SNA_WID,30643643,adults,WID
COL,2014,0.9999,1642063285.94416,1679235887.23459,1679235887.23459,TRUE,478073434669056,upper,SNA_CEI + SNA_WID,30643643,adults,WID
COL,2014,0.9999,1642063285.94416,1679235887.23459,1679235887.23459,TRUE,348946333437186,lower,BFM,30643643,adults,WID
COL,2014,0.9999,1642063285.94416,1679235887.23459,1679235887.23459,TRUE,450676433879040,middle,SNA_CEI + SNA_WID,30643643,adults,WID
COL,2015,0.9,0,0,60701991.9635961,FALSE,523339684642816,upper,SNA_CEI + SNA_WID,31247746,adults,WID
COL,2015,0.9,0,0,60701991.9635961,FALSE,383218538933000,lower,BFM,31247746,adults,WID
COL,2015,0.9,0,0,60701991.9635961,FALSE,493622682189824,middle,SNA_CEI + SNA_WID,31247746,adults,WID
COL,2015,0.99,140603781.856096,144710036.495742,315826819.758555,TRUE,523339684642816,upper,SNA_CEI + SNA_WID,31247746,adults,WID
COL,2015,0.99,140603781.856096,144710036.495742,315826819.758555,TRUE,383218538933000,lower,BFM,31247746,adults,WID
COL,2015,0.99,140603781.856096,144710036.495742,315826819.758555,TRUE,493622682189824,middle,SNA_CEI + SNA_WID,31247746,adults,WID
COL,2015,0.999,506433444.091029,520849243.93641,1079358588.14048,TRUE,523339684642816,upper,SNA_CEI + SNA_WID,31247746,adults,WID
COL,2015,0.999,506433444.091029,520849243.93641,1079358588.14048,TRUE,383218538933000,lower,BFM,31247746,adults,WID
COL,2015,0.999,506433444.091029,520849243.93641,1079358588.14048,TRUE,493622682189824,middle,SNA_CEI + SNA_WID,31247746,adults,WID
COL,2015,0.9999,2137155392.5338,3479195498.84632,3479195498.84632,TRUE,523339684642816,upper,SNA_CEI + SNA_WID,31247746,adults,WID
COL,2015,0.9999,2137155392.5338,3479195498.84632,3479195498.84632,TRUE,383218538933000,lower,BFM,31247746,adults,WID
COL,2015,0.9999,2137155392.5338,3479195498.84632,3479195498.84632,TRUE,493622682189824,middle,SNA_CEI + SNA_WID,31247746,adults,WID
COL,2016,0.9,0,0,64823660.5754182,FALSE,556492985991168,upper,SNA_CEI + SNA_WID,31890754,adults,WID
COL,2016,0.9,0,0,64823660.5754182,FALSE,408863253002060,lower,BFM,31890754,adults,WID
COL,2016,0.9,0,0,64823660.5754182,FALSE,526579988955136,middle,SNA_CEI + SNA_WID,31890754,adults,WID
COL,2016,0.99,148308611.992378,152793128.897977,308252557.395544,TRUE,556492985991168,upper,SNA_CEI + SNA_WID,31890754,adults,WID
COL,2016,0.99,148308611.992378,152793128.897977,308252557.395544,TRUE,408863253002060,lower,BFM,31890754,adults,WID
COL,2016,0.99,148308611.992378,152793128.897977,308252557.395544,TRUE,526579988955136,middle,SNA_CEI + SNA_WID,31890754,adults,WID
COL,2016,0.999,529574603.568877,545977694.206532,905696667.764787,TRUE,556492985991168,upper,SNA_CEI + SNA_WID,31890754,adults,WID
COL,2016,0.999,529574603.568877,545977694.206532,905696667.764787,TRUE,408863253002060,lower,BFM,31890754,adults,WID
COL,2016,0.999,529574603.568877,545977694.206532,905696667.764787,TRUE,526579988955136,middle,SNA_CEI + SNA_WID,31890754,adults,WID
COL,2016,0.9999,1655719946.5526,1745283118.79799,1745283118.79799,TRUE,556492985991168,upper,SNA_CEI + SNA_WID,31890754,adults,WID
COL,2016,0.9999,1655719946.5526,1745283118.79799,1745283118.79799,TRUE,408863253002060,lower,BFM,31890754,adults,WID
COL,2016,0.9999,1655719946.5526,1745283118.79799,1745283118.79799,TRUE,526579988955136,middle,SNA_CEI + SNA_WID,31890754,adults,WID
COL,2017,0.9,0,0,117535481.034831,FALSE,601419065327616,upper,SNA_CEI + SNA_WID,32705576,adults,WID
COL,2017,0.9,0,0,117535481.034831,FALSE,488069133087616,lower,BFM,32705576,adults,WID
COL,2017,0.9,0,0,117535481.034831,FALSE,569293060177920,middle,SNA_CEI + SNA_WID,32705576,adults,WID
COL,2017,0.99,202182113.136481,208666198.47624,594241765.718231,TRUE,601419065327616,upper,SNA_CEI + SNA_WID,32705576,adults,WID
COL,2017,0.99,202182113.136481,208666198.47624,594241765.718231,TRUE,488069133087616,lower,BFM,32705576,adults,WID
COL,2017,0.99,202182113.136481,208666198.47624,594241765.718231,TRUE,569293060177920,middle,SNA_CEI + SNA_WID,32705576,adults,WID
COL,2017,0.999,795420852.415579,804046492.948853,2667833446.79599,TRUE,601419065327616,upper,SNA_CEI + SNA_WID,32705576,adults,WID
COL,2017,0.999,795420852.415579,804046492.948853,2667833446.79599,TRUE,488069133087616,lower,BFM,32705576,adults,WID
COL,2017,0.999,795420852.415579,804046492.948853,2667833446.79599,TRUE,569293060177920,middle,SNA_CEI + SNA_WID,32705576,adults,WID
COL,2017,0.9999,11890186514.342,11890186514.342,11890186514.342,TRUE,601419065327616,upper,SNA_CEI + SNA_WID,32705576,adults,WID
COL,2017,0.9999,11890186514.342,11890186514.342,11890186514.342,TRUE,488069133087616,lower,BFM,32705576,adults,WID
COL,2017,0.9999,11890186514.342,11890186514.342,11890186514.342,TRUE,569293060177920,middle,SNA_CEI + SNA_WID,32705576,adults,WID
COL,2018,0.9,0,0,104615397.279421,FALSE,637918381080576,upper,SNA_CEI + SNA_WID,33679875,adults,WID
COL,2018,0.9,0,0,104615397.279421,FALSE,524239629447600,lower,BFM,33679875,adults,WID
COL,2018,0.9,0,0,104615397.279421,FALSE,601435378024448,middle,SNA_CEI + SNA_WID,33679875,adults,WID
COL,2018,0.99,209873975.520182,216776069.317629,425040189.941038,TRUE,637918381080576,upper,SNA_CEI + SNA_WID,33679875,adults,WID
COL,2018,0.99,209873975.520182,216776069.317629,425040189.941038,TRUE,524239629447600,lower,BFM,33679875,adults,WID
COL,2018,0.99,209873975.520182,216776069.317629,425040189.941038,TRUE,601435378024448,middle,SNA_CEI + SNA_WID,33679875,adults,WID
COL,2018,0.999,805219845.13448,811746262.678688,858574745.334407,TRUE,637918381080576,upper,SNA_CEI + SNA_WID,33679875,adults,WID
COL,2018,0.999,805219845.13448,811746262.678688,858574745.334407,TRUE,524239629447600,lower,BFM,33679875,adults,WID
COL,2018,0.999,805219845.13448,811746262.678688,858574745.334407,TRUE,601435378024448,middle,SNA_CEI + SNA_WID,33679875,adults,WID
COL,2018,0.9999,891542032.95232,893279093.057206,893279093.057211,TRUE,637918381080576,upper,SNA_CEI + SNA_WID,33679875,adults,WID
COL,2018,0.9999,891542032.95232,893279093.057206,893279093.057211,TRUE,524239629447600,lower,BFM,33679875,adults,WID
COL,2018,0.9999,891542032.95232,893279093.057206,893279093.057211,TRUE,601435378024448,middle,SNA_CEI + SNA_WID,33679875,adults,WID
COL,2019,0.9,11595022.9584833,21647279.6881119,112944030.727905,TRUE,687401085173760,upper,SNA_CEI + SNA_WID,34643402,adults,WID
COL,2019,0.9,11595022.9584833,21647279.6881119,112944030.727905,TRUE,574765242576224,lower,BFM,34643402,adults,WID
COL,2019,0.9,11595022.9584833,21647279.6881119,112944030.727905,TRUE,645290088464384,middle,SNA_CEI + SNA_WID,34643402,adults,WID
COL,2019,0.99,221380083.83083,228311541.799182,436924133.665345,TRUE,687401085173760,upper,SNA_CEI + SNA_WID,34643402,adults,WID
COL,2019,0.99,221380083.83083,228311541.799182,436924133.665345,TRUE,574765242576224,lower,BFM,34643402,adults,WID
COL,2019,0.99,221380083.83083,228311541.799182,436924133.665345,TRUE,645290088464384,middle,SNA_CEI + SNA_WID,34643402,adults,WID
COL,2019,0.999,810460506.56991,817762595.385916,875596620.975558,TRUE,687401085173760,upper,SNA_CEI + SNA_WID,34643402,adults,WID
COL,2019,0.999,810460506.56991,817762595.385916,875596620.975558,TRUE,574765242576224,lower,BFM,34643402,adults,WID
COL,2019,0.999,810460506.56991,817762595.385916,875596620.975558,TRUE,645290088464384,middle,SNA_CEI + SNA_WID,34643402,adults,WID
COL,2019,0.9999,920817511.440954,924378462.811479,924378462.811476,TRUE,687401085173760,upper,SNA_CEI + SNA_WID,34643402,adults,WID
COL,2019,0.9999,920817511.440954,924378462.811479,924378462.811476,TRUE,574765242576224,lower,BFM,34643402,adults,WID
COL,2019,0.9999,920817511.440954,924378462.811479,924378462.811476,TRUE,645290088464384,middle,SNA_CEI + SNA_WID,34643402,adults,WID
COL,2020,0.9,23235488.8411263,30221914.3218364,113311477.879572,TRUE,668044321882112,upper,SNA_CEI + SNA_WID,35465230,adults,WID
COL,2020,0.9,23235488.8411263,30221914.3218364,113311477.879572,TRUE,544414613879752,lower,BFM,35465230,adults,WID
COL,2020,0.9,23235488.8411263,30221914.3218364,113311477.879572,TRUE,626675314327552,middle,SNA_CEI + SNA_WID,35465230,adults,WID
COL,2020,0.99,214217600.781507,220947141.125233,423718374.762997,TRUE,668044321882112,upper,SNA_CEI + SNA_WID,35465230,adults,WID
COL,2020,0.99,214217600.781507,220947141.125233,423718374.762997,TRUE,544414613879752,lower,BFM,35465230,adults,WID
COL,2020,0.99,214217600.781507,220947141.125233,423718374.762997,TRUE,626675314327552,middle,SNA_CEI + SNA_WID,35465230,adults,WID
COL,2020,0.999,797960014.872024,804935562.353919,857689915.880497,TRUE,668044321882112,upper,SNA_CEI + SNA_WID,35465230,adults,WID
COL,2020,0.999,797960014.872024,804935562.353919,857689915.880497,TRUE,544414613879752,lower,BFM,35465230,adults,WID
COL,2020,0.999,797960014.872024,804935562.353919,857689915.880497,TRUE,626675314327552,middle,SNA_CEI + SNA_WID,35465230,adults,WID
COL,2020,0.9999,896983644.401616,899561472.332438,899561472.332442,TRUE,668044321882112,upper,SNA_CEI + SNA_WID,35465230,adults,WID
COL,2020,0.9999,896983644.401616,899561472.332438,899561472.332442,TRUE,544414613879752,lower,BFM,35465230,adults,WID
COL,2020,0.9999,896983644.401616,899561472.332438,899561472.332442,TRUE,626675314327552,middle,SNA_CEI + SNA_WID,35465230,adults,WID
COL,2021,0.9,38264316.4982381,42950855.9590604,133301381.785987,TRUE,771022047412224,upper,SNA_CEI + SNA_WID,36138867,adults,WID
COL,2021,0.9,38264316.4982381,42950855.9590604,133301381.785987,TRUE,592335598895520,lower,BFM,36138867,adults,WID
COL,2021,0.9,38264316.4982381,42950855.9590604,133301381.785987,TRUE,726014049124352,middle,SNA_CEI + SNA_WID,36138867,adults,WID
COL,2021,0.99,256128124.327504,264121346.58059,496997447.952909,TRUE,771022047412224,upper,SNA_CEI + SNA_WID,36138867,adults,WID
COL,2021,0.99,256128124.327504,264121346.58059,496997447.952909,TRUE,592335598895520,lower,BFM,36138867,adults,WID
COL,2021,0.99,256128124.327504,264121346.58059,496997447.952909,TRUE,726014049124352,middle,SNA_CEI + SNA_WID,36138867,adults,WID
COL,2021,0.999,923181637.877882,929653268.398731,972108899.718825,TRUE,771022047412224,upper,SNA_CEI + SNA_WID,36138867,adults,WID
COL,2021,0.999,923181637.877882,929653268.398731,972108899.718825,TRUE,592335598895520,lower,BFM,36138867,adults,WID
COL,2021,0.999,923181637.877882,929653268.398731,972108899.718825,TRUE,726014049124352,middle,SNA_CEI + SNA_WID,36138867,adults,WID
COL,2021,0.9999,999209095.29917,1000163043.99242,1000163043.99242,TRUE,771022047412224,upper,SNA_CEI + SNA_WID,36138867,adults,WID
COL,2021,0.9999,999209095.29917,1000163043.99242,1000163043.99242,TRUE,592335598895520,lower,BFM,36138867,adults,WID
COL,2021,0.9999,999209095.29917,1000163043.99242,1000163043.99242,TRUE,726014049124352,middle,SNA_CEI + SNA_WID,36138867,adults,WID
COL,2022,0.9,53605291.8970138,56554069.3312366,161664662.830211,TRUE,985341485907968,upper,SNA_CEI + SNA_WID,36806211,adults,WID
COL,2022,0.9,53605291.8970138,56554069.3312366,161664662.830211,TRUE,942262484729856,middle,SNA_CEI + SNA_WID,36806211,adults,WID
COL,2022,0.99,296777551.807949,304773391.152901,641573460.60289,TRUE,985341485907968,upper,SNA_CEI + SNA_WID,36806211,adults,WID
COL,2022,0.99,296777551.807949,304773391.152901,641573460.60289,TRUE,942262484729856,middle,SNA_CEI + SNA_WID,36806211,adults,WID
COL,2022,0.999,1536902386.97481,1600633411.17299,1648448420.99476,TRUE,985341485907968,upper,SNA_CEI + SNA_WID,36806211,adults,WID
COL,2022,0.999,1536902386.97481,1600633411.17299,1648448420.99476,TRUE,942262484729856,middle,SNA_CEI + SNA_WID,36806211,adults,WID
COL,2022,0.9999,1653761200.23661,1653761200.2366,1653761200.23661,TRUE,985341485907968,upper,SNA_CEI + SNA_WID,36806211,adults,WID
COL,2022,0.9999,1653761200.23661,1653761200.2366,1653761200.23661,TRUE,942262484729856,middle,SNA_CEI + SNA_WID,36806211,adults,WID
COL,2023,0.9,61323240.0252348,64273446.3978808,165512294.362277,TRUE,1094567860371456,upper,SNA_CEI + SNA_WID,37511547,adults,WID
COL,2023,0.9,61323240.0252348,64273446.3978808,165512294.362277,TRUE,1037592864751616,middle,SNA_CEI + SNA_WID,37511547,adults,WID
COL,2023,0.99,300334014.157228,308572181.991664,602567016.217908,TRUE,1094567860371456,upper,SNA_CEI + SNA_WID,37511547,adults,WID
COL,2023,0.99,300334014.157228,308572181.991664,602567016.217908,TRUE,1037592864751616,middle,SNA_CEI + SNA_WID,37511547,adults,WID
COL,2023,0.999,1161265238.11897,1181340630.80212,1441966359.01559,TRUE,1094567860371456,upper,SNA_CEI + SNA_WID,37511547,adults,WID
COL,2023,0.999,1161265238.11897,1181340630.80212,1441966359.01559,TRUE,1037592864751616,middle,SNA_CEI + SNA_WID,37511547,adults,WID
COL,2023,0.9999,1752406407.01805,1863839978.66369,1863839978.66369,TRUE,1094567860371456,upper,SNA_CEI + SNA_WID,37511547,adults,WID
COL,2023,0.9999,1752406407.01805,1863839978.66369,1863839978.66369,TRUE,1037592864751616,middle,SNA_CEI + SNA_WID,37511547,adults,WID
CRI,2010,0.99,10000000,10722327,50934524,TRUE,NA,upper,SNA_CEI + SNA_WID,3012554,adults,WID
CRI,2010,0.99,10000000,10722327,50934524,TRUE,10783251493927.5,lower,BFM,3012554,adults,WID
CRI,2010,0.99,10000000,10722327,50934524,TRUE,NA,middle,SNA_CEI + SNA_WID,3012554,adults,WID
CRI,2010,0.999,102440072,106407744,250188896,TRUE,NA,upper,SNA_CEI + SNA_WID,3012554,adults,WID
CRI,2010,0.999,102440072,106407744,250188896,TRUE,10783251493927.5,lower,BFM,3012554,adults,WID
CRI,2010,0.999,102440072,106407744,250188896,TRUE,NA,middle,SNA_CEI + SNA_WID,3012554,adults,WID
CRI,2010,0.9999,449530304,463827360,849140608,TRUE,NA,upper,SNA_CEI + SNA_WID,3012554,adults,WID
CRI,2010,0.9999,449530304,463827360,849140608,TRUE,10783251493927.5,lower,BFM,3012554,adults,WID
CRI,2010,0.9999,449530304,463827360,849140608,TRUE,NA,middle,SNA_CEI + SNA_WID,3012554,adults,WID
CRI,2011,0.99,11381596,12160343,56199792,TRUE,NA,upper,SNA_CEI + SNA_WID,3078616,adults,WID
CRI,2011,0.99,11381596,12160343,56199792,TRUE,12609012821170.5,lower,BFM,3078616,adults,WID
CRI,2011,0.99,11381596,12160343,56199792,TRUE,NA,middle,SNA_CEI + SNA_WID,3078616,adults,WID
CRI,2011,0.999,110450512,115112248,275849664,TRUE,NA,upper,SNA_CEI + SNA_WID,3078616,adults,WID
CRI,2011,0.999,110450512,115112248,275849664,TRUE,12609012821170.5,lower,BFM,3078616,adults,WID
CRI,2011,0.999,110450512,115112248,275849664,TRUE,NA,middle,SNA_CEI + SNA_WID,3078616,adults,WID
CRI,2011,0.9999,467409984,481670272,995933440,TRUE,NA,upper,SNA_CEI + SNA_WID,3078616,adults,WID
CRI,2011,0.9999,467409984,481670272,995933440,TRUE,12609012821170.5,lower,BFM,3078616,adults,WID
CRI,2011,0.9999,467409984,481670272,995933440,TRUE,NA,middle,SNA_CEI + SNA_WID,3078616,adults,WID
CRI,2012,0.99,12554216,13424640,58705520,TRUE,16031531761664,upper,SNA_CEI + SNA_WID,3143485,adults,WID
CRI,2012,0.99,12554216,13424640,58705520,TRUE,13895717661341,lower,BFM,3143485,adults,WID
CRI,2012,0.99,12554216,13424640,58705520,TRUE,12708029366272,middle,SNA_CEI + SNA_WID,3143485,adults,WID
CRI,2012,0.999,117282376,121758328,279083680,TRUE,16031531761664,upper,SNA_CEI + SNA_WID,3143485,adults,WID
CRI,2012,0.999,117282376,121758328,279083680,TRUE,13895717661341,lower,BFM,3143485,adults,WID
CRI,2012,0.999,117282376,121758328,279083680,TRUE,12708029366272,middle,SNA_CEI + SNA_WID,3143485,adults,WID
CRI,2012,0.9999,491926944,505645568,950887488,TRUE,16031531761664,upper,SNA_CEI + SNA_WID,3143485,adults,WID
CRI,2012,0.9999,491926944,505645568,950887488,TRUE,13895717661341,lower,BFM,3143485,adults,WID
CRI,2012,0.9999,491926944,505645568,950887488,TRUE,12708029366272,middle,SNA_CEI + SNA_WID,3143485,adults,WID
CRI,2013,0.99,13480000,14386082,64024224,TRUE,17183492988928,upper,SNA_CEI + SNA_WID,3207677,adults,WID
CRI,2013,0.99,13480000,14386082,64024224,TRUE,15354655870459,lower,BFM,3207677,adults,WID
CRI,2013,0.99,13480000,14386082,64024224,TRUE,13539413123072,middle,SNA_CEI + SNA_WID,3207677,adults,WID
CRI,2013,0.999,126650848,131784520,308041984,TRUE,17183492988928,upper,SNA_CEI + SNA_WID,3207677,adults,WID
CRI,2013,0.999,126650848,131784520,308041984,TRUE,15354655870459,lower,BFM,3207677,adults,WID
CRI,2013,0.999,126650848,131784520,308041984,TRUE,13539413123072,middle,SNA_CEI + SNA_WID,3207677,adults,WID
CRI,2013,0.9999,525822208,540535040,1093755648,TRUE,17183492988928,upper,SNA_CEI + SNA_WID,3207677,adults,WID
CRI,2013,0.9999,525822208,540535040,1093755648,TRUE,15354655870459,lower,BFM,3207677,adults,WID
CRI,2013,0.9999,525822208,540535040,1093755648,TRUE,13539413123072,middle,SNA_CEI + SNA_WID,3207677,adults,WID
CRI,2014,0.99,15291200,16273959,69995152,TRUE,18580061757440,upper,SNA_CEI + SNA_WID,3271024,adults,WID
CRI,2014,0.99,15291200,16273959,69995152,TRUE,16688529707535,lower,BFM,3271024,adults,WID
CRI,2014,0.99,15291200,16273959,69995152,TRUE,14824293146624,middle,SNA_CEI + SNA_WID,3271024,adults,WID
CRI,2014,0.999,138596912,143702272,331479040,TRUE,18580061757440,upper,SNA_CEI + SNA_WID,3271024,adults,WID
CRI,2014,0.999,138596912,143702272,331479040,TRUE,16688529707535,lower,BFM,3271024,adults,WID
CRI,2014,0.999,138596912,143702272,331479040,TRUE,14824293146624,middle,SNA_CEI + SNA_WID,3271024,adults,WID
CRI,2014,0.9999,559635904,575364096,1144678272,TRUE,18580061757440,upper,SNA_CEI + SNA_WID,3271024,adults,WID
CRI,2014,0.9999,559635904,575364096,1144678272,TRUE,16688529707535,lower,BFM,3271024,adults,WID
CRI,2014,0.9999,559635904,575364096,1144678272,TRUE,14824293146624,middle,SNA_CEI + SNA_WID,3271024,adults,WID
CRI,2015,0.99,16033167,17080986,73289480,TRUE,19856353304576,upper,SNA_CEI + SNA_WID,3333366,adults,WID
CRI,2015,0.99,16033167,17080986,73289480,TRUE,16488990173520,lower,BFM,3333366,adults,WID
CRI,2015,0.99,16033167,17080986,73289480,TRUE,15746836176896,middle,SNA_CEI + SNA_WID,3333366,adults,WID
CRI,2015,0.999,143460448,149332032,348918368,TRUE,19856353304576,upper,SNA_CEI + SNA_WID,3333366,adults,WID
CRI,2015,0.999,143460448,149332032,348918368,TRUE,16488990173520,lower,BFM,3333366,adults,WID
CRI,2015,0.999,143460448,149332032,348918368,TRUE,15746836176896,middle,SNA_CEI + SNA_WID,3333366,adults,WID
CRI,2015,0.9999,595235712,609221248,1233275904,TRUE,19856353304576,upper,SNA_CEI + SNA_WID,3333366,adults,WID
CRI,2015,0.9999,595235712,609221248,1233275904,TRUE,16488990173520,lower,BFM,3333366,adults,WID
CRI,2015,0.9999,595235712,609221248,1233275904,TRUE,15746836176896,middle,SNA_CEI + SNA_WID,3333366,adults,WID
CRI,2016,0.99,17924006,19001588,80287320,TRUE,21542607151104,upper,SNA_CEI + SNA_WID,3393875,adults,WID
CRI,2016,0.99,17924006,19001588,80287320,TRUE,17238948618129.5,lower,BFM,3393875,adults,WID
CRI,2016,0.99,17924006,19001588,80287320,TRUE,17429426823168,middle,SNA_CEI + SNA_WID,3393875,adults,WID
CRI,2016,0.999,156626336,162637472,379096416,TRUE,21542607151104,upper,SNA_CEI + SNA_WID,3393875,adults,WID
CRI,2016,0.999,156626336,162637472,379096416,TRUE,17238948618129.5,lower,BFM,3393875,adults,WID
CRI,2016,0.999,156626336,162637472,379096416,TRUE,17429426823168,middle,SNA_CEI + SNA_WID,3393875,adults,WID
CRI,2016,0.9999,622191488,642251328,1355539456,TRUE,21542607151104,upper,SNA_CEI + SNA_WID,3393875,adults,WID
CRI,2016,0.9999,622191488,642251328,1355539456,TRUE,17238948618129.5,lower,BFM,3393875,adults,WID
CRI,2016,0.9999,622191488,642251328,1355539456,TRUE,17429426823168,middle,SNA_CEI + SNA_WID,3393875,adults,WID
MEX,2009,0.99,467466,485583.40625,1498368.5,TRUE,8195532259328,upper,SNA_CEI + SNA_WID,67155547,adults,WID
MEX,2009,0.99,467466,485583.40625,1498368.5,TRUE,6619891892224,middle,SNA_CEI + SNA_WID,67155547,adults,WID
MEX,2009,0.999,2242826.5,2326312,7332971,TRUE,8195532259328,upper,SNA_CEI + SNA_WID,67155547,adults,WID
MEX,2009,0.999,2242826.5,2326312,7332971,TRUE,6619891892224,middle,SNA_CEI + SNA_WID,67155547,adults,WID
MEX,2009,0.9999,12057506,12517297,35424616,TRUE,8195532259328,upper,SNA_CEI + SNA_WID,67155547,adults,WID
MEX,2009,0.9999,12057506,12517297,35424616,TRUE,6619891892224,middle,SNA_CEI + SNA_WID,67155547,adults,WID
MEX,2010,0.99,488251,506643.8125,1551484.375,TRUE,9069488373760,upper,SNA_CEI + SNA_WID,68704977,adults,WID
MEX,2010,0.99,488251,506643.8125,1551484.375,TRUE,4776064612971.75,lower,BFM,68704977,adults,WID
MEX,2010,0.99,488251,506643.8125,1551484.375,TRUE,7395484237824,middle,SNA_CEI + SNA_WID,68704977,adults,WID
MEX,2010,0.999,2255903.5,2342071.25,7660661,TRUE,9069488373760,upper,SNA_CEI + SNA_WID,68704977,adults,WID
MEX,2010,0.999,2255903.5,2342071.25,7660661,TRUE,4776064612971.75,lower,BFM,68704977,adults,WID
MEX,2010,0.999,2255903.5,2342071.25,7660661,TRUE,7395484237824,middle,SNA_CEI + SNA_WID,68704977,adults,WID
MEX,2010,0.9999,12452984,12973899,38118560,TRUE,9069488373760,upper,SNA_CEI + SNA_WID,68704977,adults,WID
MEX,2010,0.9999,12452984,12973899,38118560,TRUE,4776064612971.75,lower,BFM,68704977,adults,WID
MEX,2010,0.9999,12452984,12973899,38118560,TRUE,7395484237824,middle,SNA_CEI + SNA_WID,68704977,adults,WID
MEX,2011,0.99,531862,551676.75,1740466.875,TRUE,9760099139584,upper,SNA_CEI + SNA_WID,70271578,adults,WID
MEX,2011,0.99,531862,551676.75,1740466.875,TRUE,8140799631360,middle,SNA_CEI + SNA_WID,70271578,adults,WID
MEX,2011,0.999,2405369.5,2495026.75,8953270,TRUE,9760099139584,upper,SNA_CEI + SNA_WID,70271578,adults,WID
MEX,2011,0.999,2405369.5,2495026.75,8953270,TRUE,8140799631360,middle,SNA_CEI + SNA_WID,70271578,adults,WID
MEX,2011,0.9999,13519742,14049006,48244308,TRUE,9760099139584,upper,SNA_CEI + SNA_WID,70271578,adults,WID
MEX,2011,0.9999,13519742,14049006,48244308,TRUE,8140799631360,middle,SNA_CEI + SNA_WID,70271578,adults,WID
MEX,2012,0.99,577373,598339.5625,1843552.75,TRUE,10505780461568,upper,SNA_CEI + SNA_WID,71807570,adults,WID
MEX,2012,0.99,577373,598339.5625,1843552.75,TRUE,6064047540028,lower,BFM,71807570,adults,WID
MEX,2012,0.99,577373,598339.5625,1843552.75,TRUE,8507010646016,middle,SNA_CEI + SNA_WID,71807570,adults,WID
MEX,2012,0.999,2584499,2684170.25,9352564,TRUE,10505780461568,upper,SNA_CEI + SNA_WID,71807570,adults,WID
MEX,2012,0.999,2584499,2684170.25,9352564,TRUE,6064047540028,lower,BFM,71807570,adults,WID
MEX,2012,0.999,2584499,2684170.25,9352564,TRUE,8507010646016,middle,SNA_CEI + SNA_WID,71807570,adults,WID
MEX,2012,0.9999,14955662,15520114,48487936,TRUE,10505780461568,upper,SNA_CEI + SNA_WID,71807570,adults,WID
MEX,2012,0.9999,14955662,15520114,48487936,TRUE,6064047540028,lower,BFM,71807570,adults,WID
MEX,2012,0.9999,14955662,15520114,48487936,TRUE,8507010646016,middle,SNA_CEI + SNA_WID,71807570,adults,WID
MEX,2013,0.99,650326,673949.625,2433458.25,TRUE,10834417549312,upper,SNA_CEI + SNA_WID,73303281,adults,WID
MEX,2013,0.99,650326,673949.625,2433458.25,TRUE,9132247678976,middle,SNA_CEI + SNA_WID,73303281,adults,WID
MEX,2013,0.999,3044915,3169004.75,14017698,TRUE,10834417549312,upper,SNA_CEI + SNA_WID,73303281,adults,WID
MEX,2013,0.999,3044915,3169004.75,14017698,TRUE,9132247678976,middle,SNA_CEI + SNA_WID,73303281,adults,WID
MEX,2013,0.9999,19513100,20331044,84490960,TRUE,10834417549312,upper,SNA_CEI + SNA_WID,73303281,adults,WID
MEX,2013,0.9999,19513100,20331044,84490960,TRUE,9132247678976,middle,SNA_CEI + SNA_WID,73303281,adults,WID
MEX,2014,0.99,684287,709015.875,2137875,TRUE,11798537961472,upper,SNA_CEI + SNA_WID,74754188,adults,WID
MEX,2014,0.99,684287,709015.875,2137875,TRUE,6781956940313.5,lower,BFM,74754188,adults,WID
MEX,2014,0.99,684287,709015.875,2137875,TRUE,9767053393920,middle,SNA_CEI + SNA_WID,74754188,adults,WID
MEX,2014,0.999,3256828,3385724,10413099,TRUE,11798537961472,upper,SNA_CEI + SNA_WID,74754188,adults,WID
MEX,2014,0.999,3256828,3385724,10413099,TRUE,6781956940313.5,lower,BFM,74754188,adults,WID
MEX,2014,0.999,3256828,3385724,10413099,TRUE,9767053393920,middle,SNA_CEI + SNA_WID,74754188,adults,WID
MEX,2014,0.9999,17575308,18245088,47941452,TRUE,11798537961472,upper,SNA_CEI + SNA_WID,74754188,adults,WID
MEX,2014,0.9999,17575308,18245088,47941452,TRUE,6781956940313.5,lower,BFM,74754188,adults,WID
MEX,2014,0.9999,17575308,18245088,47941452,TRUE,9767053393920,middle,SNA_CEI + SNA_WID,74754188,adults,WID
