"","country","year","p","thr","avg","topavg"
"1","BRA","2000",0.9,10694.4422017127,11601.7575649351,39624.2768910302
"2","BRA","2000",0.91,12411.2032157359,13247.3138676558,42737.8901494852
"3","BRA","2000",0.92,14073.2225519133,14728.6316413227,46424.2121847139
"4","BRA","2000",0.93,15293.4062320141,15961.741833608,50952.1522623412
"5","BRA","2000",0.94,16840.3480699729,18673.0931054899,56783.8873337967
"6","BRA","2000",0.95,20828.4429141361,23211.527806938,64406.0461794581
"7","BRA","2000",0.96,25568.133954783,28405.3906343639,74704.675772588
"8","BRA","2000",0.97,31763.7457825995,37201.5091495815,90137.7708186627
"9","BRA","2000",0.98,44744.8723467495,54457.9620131316,116605.901653203
"10","BRA","2000",0.99,67085.937434172,69505.1611118765,178753.841293275
"11","BRA","2000",0.991,72134.1971072751,75164.3114953773,190892.583535653
"12","BRA","2000",0.992,78338.6718589597,81755.2550288121,205358.617540687
"13","BRA","2000",0.993,85242.5208084328,88800.4919353633,223016.240756669
"14","BRA","2000",0.994,92289.7770017436,95926.7455536182,245385.532226887
"15","BRA","2000",0.995,99773.1639318808,104315.306131122,275277.289561541
"16","BRA","2000",0.996,109481.393552244,116845.320290903,318017.785419145
"17","BRA","2000",0.997,125989.005187416,140926.507807658,385075.273795226
"18","BRA","2000",0.998,157968.742605453,171833.48468386,507149.65678901
"19","BRA","2000",0.999,192400.568998,198142.853580622,842465.82889416
"20","BRA","2000",0.9991,204703.893290561,213083.626276508,914057.270595655
"21","BRA","2000",0.9992,222474.336172999,230655.557804357,1001678.97613554
"22","BRA","2000",0.9993,237381.994158244,244708.400422962,1111825.17875426
"23","BRA","2000",0.9994,252240.331896839,262216.493190387,1256344.64180945
"24","BRA","2000",0.9995,274151.058681296,290904.078355856,1455170.27153322
"25","BRA","2000",0.9996,311704.768563135,344067.274132332,1746236.81982748
"26","BRA","2000",0.9997,384600.997978821,449064.591264879,2213626.66839304
"27","BRA","2000",0.9998,535965.838184556,711736.64509908,3095907.70695712
"28","BRA","2000",0.9999,998180.378807143,5480078.76881517,5480078.76881517
"29","BRA","2002",0.9,13472.2,13822.7300000004,44305.376499992
"30","BRA","2002",0.91,14421.56,15275.7299999997,47692.3372222133
"31","BRA","2002",0.92,16190.85,17271.9199999999,51744.41312499
"32","BRA","2002",0.93,18458.85,19871.18,56669.0549999886
"33","BRA","2002",0.94,21421.55,22585.3399999996,62802.0341666534
"34","BRA","2002",0.95,23898.5900000001,25923.7400000006,70845.3729999842
"35","BRA","2002",0.96,28527.67,32325.7599999998,82075.7812499799
"36","BRA","2002",0.97,37093.59,43652.5000000001,98659.12166664
"37","BRA","2002",0.98,49473.6,61988.9600000001,126162.43249996
"38","BRA","2002",0.99,81610.8900000001,83606.6299999985,190335.90499992
"39","BRA","2002",0.991,85495.64,87337.4400000006,202194.713333244
"40","BRA","2002",0.992,89273.59,91518.0300000005,216551.8724999
"41","BRA","2002",0.993,94044.5799999999,97393.2100000001,234413.849999885
"42","BRA","2002",0.994,101522.6,106634.299999999,257250.6233332
"43","BRA","2002",0.995,112195.7,119129.800000001,287373.88799984
"44","BRA","2002",0.996,127212.1,139171.099999999,329434.9099998
"45","BRA","2002",0.997,154418.1,169595.6,392856.179999733
"46","BRA","2002",0.998,184542.3,215346.3,504486.469999599
"47","BRA","2002",0.999,269244,280913.499999999,793626.639999199
"48","BRA","2002",0.9991,293887,309723.1,850594.766665769
"49","BRA","2002",0.9992,327254.6,334887.199999995,918203.724998981
"50","BRA","2002",0.9993,335610.200000001,338093.200000003,1001534.65714168
"51","BRA","2002",0.9994,342220.3,354530.399999985,1112108.23333194
"52","BRA","2002",0.9995,371061.199999956,393481.699999941,1263623.7999983
"53","BRA","2002",0.9996,420478.299999929,459988.799999959,1481159.32499783
"54","BRA","2002",0.9997,507648.2,577444.299999998,1821549.49999749
"55","BRA","2002",0.9998,666671.700000001,829485.100000001,2443602.09999624
"56","BRA","2002",0.9999,1071471,4057719.09999248,4057719.09999247
"57","BRA","2006",0.9,19628.3957457111,20310.6994864569,66023.9851790835
"58","BRA","2006",0.91,21080.781645313,22119.9558259821,71103.2391449309
"59","BRA","2006",0.92,23311.0473214955,24814.211955542,77226.1495597995
"60","BRA","2006",0.93,26476.1278366101,28457.4297256398,84713.5692175506
"61","BRA","2006",0.94,30599.3278164711,33076.866739582,94089.5924662024
"62","BRA","2006",0.95,35743.2202690897,38952.4528491063,106292.137611527
"63","BRA","2006",0.96,42614.820300329,47749.8447930622,123127.058802131
"64","BRA","2006",0.97,53801.2397895425,62121.6214825719,148252.796805154
"65","BRA","2006",0.98,72068.9744747986,90141.7881550857,191318.384466446
"66","BRA","2006",0.99,116720.964135526,120872.069058958,292494.980777806
"67","BRA","2006",0.991,125255.783765875,130175.223277315,311564.193191011
"68","BRA","2006",0.992,135403.830966269,141357.137370115,334237.814430223
"69","BRA","2006",0.993,147736.36358644,155136.84091999,361792.196867381
"70","BRA","2006",0.994,163151.841954032,172685.596542664,396234.756191946
"71","BRA","2006",0.995,183162.650106775,196072.251181174,440944.588121803
"72","BRA","2006",0.996,210562.067331831,229397.241430959,502162.67235696
"73","BRA","2006",0.997,251256.000286921,282386.644150824,593084.482665627
"74","BRA","2006",0.998,320785.615716318,387264.287416685,748433.401923029
"75","BRA","2006",0.999,482434.307941811,497245.604217576,1109602.51642937
"76","BRA","2006",0.9991,512886.860825232,530439.603398288,1177642.17334179
"77","BRA","2006",0.9992,549095.469491606,570337.087469053,1258542.49458471
"78","BRA","2006",0.9993,593098.403129098,619503.580639951,1356857.55274408
"79","BRA","2006",0.9994,648101.401498619,682118.191350318,1479749.88142808
"80","BRA","2006",0.9995,719500.706920889,765562.642198811,1639276.21944359
"81","BRA","2006",0.9996,817262.843457869,884467.442988373,1857704.61375473
"82","BRA","2006",0.9997,962460.305035598,1073535.59656133,2182117.00401054
"83","BRA","2006",0.9998,1210544.55081143,1447742.91624335,2736407.70773514
"84","BRA","2006",0.9999,1787313.07806052,4025072.49922694,4025072.49922694
"85","BRA","2007",0.9,21161.2277216229,22461.7704274615,68940.296852745
"86","BRA","2007",0.91,23410.3011991443,24123.4849814263,74104.5775666654
"87","BRA","2007",0.92,24836.6687637085,25549.8525459914,80352.2141398203
"88","BRA","2007",0.93,26263.0363282727,26976.2201105541,88181.1229389388
"89","BRA","2007",0.94,27689.403892837,30037.82723547,98381.9400770029
"90","BRA","2007",0.95,35427.0675732145,41947.7880305639,112050.76264531
"91","BRA","2007",0.96,46796.1827483633,49166.6724111914,129576.506298996
"92","BRA","2007",0.97,51537.1620740203,56055.4172558851,156379.784261597
"93","BRA","2007",0.98,72928.8705669495,93687.4699433031,206541.967764453
"94","BRA","2007",0.99,100759.080995332,103302.443307024,319396.465585603
"95","BRA","2007",0.991,107563.339343963,115490.106693674,343406.912505445
"96","BRA","2007",0.992,125297.248795507,138553.849652232,371896.513231917
"97","BRA","2007",0.993,153141.882805049,168353.493261089,405231.179457586
"98","BRA","2007",0.994,182160.258161254,188780.380199777,444710.793823669
"99","BRA","2007",0.995,192089.046499085,193273.847239976,495896.876548447
"100","BRA","2007",0.996,194677.158058599,195707.070197064,571552.633875565
"101","BRA","2007",0.997,200623.531765328,248788.42681036,696834.488435065
"102","BRA","2007",0.998,315725.436312026,369791.928581988,920857.519247419
"103","BRA","2007",0.999,401364.540309157,404057.957583442,1471923.10991285
"104","BRA","2007",0.9991,406751.374857717,409444.792131991,1590574.79350499
"105","BRA","2007",0.9992,412138.209406276,415469.157320709,1738216.04367659
"106","BRA","2007",0.9993,432970.746746612,529216.426337753,1927179.88458455
"107","BRA","2007",0.9994,625462.105928884,709996.424110493,2160173.7942923
"108","BRA","2007",0.9995,767894.434711345,818949.432280753,2450209.2683286
"109","BRA","2007",0.9996,877026.750995603,954872.503186055,2858024.22734045
"110","BRA","2007",0.9997,1046789.4920852,1183263.01762631,3492408.13539262
"111","BRA","2007",0.9998,1355756.03410334,1674812.5263419,4646980.69427578
"112","BRA","2007",0.9999,2151115.76622033,7619148.86220966,7619148.86220966
"113","BRA","2008",0.9,23925.4192770911,25159.2071209679,87065.0042908899
"114","BRA","2008",0.91,26446.0926475069,27861.1912622964,93943.426198659
"115","BRA","2008",0.92,29361.7110860274,31091.5303356262,102203.705565704
"116","BRA","2008",0.93,32971.2490428588,35242.1451595449,112362.58774143
"117","BRA","2008",0.94,37761.7051654865,40901.4865814446,125215.994838411
"118","BRA","2008",0.95,44412.3986150839,48728.3431480697,142078.896489804
"119","BRA","2008",0.96,53447.123619843,59424.4693144933,165416.534825237
"120","BRA","2008",0.97,66507.5758220422,77570.124719732,200747.223328818
"121","BRA","2008",0.98,91769.8333163714,114432.693615795,262335.772633362
"122","BRA","2008",0.99,145949.248863353,151106.29686999,410238.851650928
"123","BRA","2008",0.991,156602.88126911,162861.619134632,439031.357737699
"124","BRA","2008",0.992,169541.771059469,177126.811775039,473552.575063082
"125","BRA","2008",0.993,185180.58191701,194108.396704521,515899.11267566
"126","BRA","2008",0.994,203387.17891301,213387.817004288,569530.89867085
"127","BRA","2008",0.995,223932.26564776,236301.408486582,640759.515004162
"128","BRA","2008",0.996,250117.872963753,268731.905627651,741874.041633557
"129","BRA","2008",0.997,291141.017303245,325900.691321042,899588.08696886
"130","BRA","2008",0.998,369843.430755839,439170.890835435,1186431.78479277
"131","BRA","2008",0.999,541250.379155937,560064.853955303,1933692.6787501
"132","BRA","2008",0.9991,580491.203321388,604639.428463186,2086317.99261617
"133","BRA","2008",0.9992,630905.268417781,661879.588113459,2271527.81313527
"134","BRA","2008",0.9993,695393.160799048,733951.628920424,2501477.55956692
"135","BRA","2008",0.9994,774735.221042844,819905.523494559,2796065.21467461
"136","BRA","2008",0.9995,869531.844786644,932358.984011787,3191297.15291054
"137","BRA","2008",0.9996,1003984.85694036,1100475.6764413,3756031.69513507
"138","BRA","2008",0.9997,1214731.36936386,1385537.74669128,4641217.03470064
"139","BRA","2008",0.9998,1602290.34986738,2007610.17493096,6269056.67870532
"140","BRA","2008",0.9999,2616863.17253808,10530503.1824797,10530503.1824797
"141","BRA","2009",0.9,25745.039198356,27226.749214876,91354.6881128631
"142","BRA","2009",0.91,28774.686783886,30401.431776866,98480.0146570839
"143","BRA","2009",0.92,32083.8402212496,33947.186927882,106989.837517111
"144","BRA","2009",0.93,35944.2750218624,38325.8798580855,117424.501887001
"145","BRA","2009",0.94,40969.6547518433,44307.8070274201,130607.605558487
"146","BRA","2009",0.95,48081.7362529717,52838.7772465077,147867.5652647
"147","BRA","2009",0.96,58070.4736821468,64518.6773460049,171624.762269248
"148","BRA","2009",0.97,72063.4954634216,83838.9428876932,207326.790576996
"149","BRA","2009",0.98,99132.3575852203,123922.061636108,269070.714421648
"150","BRA","2009",0.99,157592.687120652,163044.704588101,414219.367207187
"151","BRA","2009",0.991,168865.077223247,175523.382625652,442127.663053752
"152","BRA","2009",0.992,182651.764995309,190810.318905843,475453.198107265
"153","BRA","2009",0.993,199516.899132236,209299.232961957,516116.466564611
"154","BRA","2009",0.994,219551.943268446,230433.689417025,567252.672165053
"155","BRA","2009",0.995,241628.641372171,254142.14791438,634616.468714659
"156","BRA","2009",0.996,267843.829274787,285908.652639501,729735.048914729
"157","BRA","2009",0.997,307669.395892766,342468.249030385,877677.181006471
"158","BRA","2009",0.998,387804.255346798,462148.122324342,1145281.64699451
"159","BRA","2009",0.999,563254.374158932,581006.651030889,1828415.17166469
"160","BRA","2009",0.9991,600373.767490222,623616.376527254,1967016.11840176
"161","BRA","2009",0.9992,649154.032855006,680075.721087389,2134941.08613605
"162","BRA","2009",0.9993,714093.397178515,754978.480992663,2342778.99542868
"163","BRA","2009",0.9994,799493.08381036,850554.064372005,2607412.4145013
"164","BRA","2009",0.9995,903912.51493024,967476.134792785,2958784.08452708
"165","BRA","2009",0.9996,1039754.22255053,1136547.40820636,3456611.07196052
"166","BRA","2009",0.9997,1250778.94789225,1420176.96364098,4229965.6265461
"167","BRA","2009",0.9998,1634131.49772986,2029109.65712977,5634859.95799865
"168","BRA","2009",0.9999,2618030.10203746,9240610.25886754,9240610.25886754
"169","BRA","2010",0.9,29443.9938514234,30548.6735304659,102756.543545095
"170","BRA","2010",0.91,31782.7212162904,33392.0192429406,110779.640213387
"171","BRA","2010",0.92,35208.3115898875,37468.0897707937,120453.092834693
"172","BRA","2010",0.93,39964.2023280136,42961.6655984646,132308.093272393
"173","BRA","2010",0.94,46224.4680845425,50055.340799932,147199.164551381
"174","BRA","2010",0.95,54197.3780623924,59094.1602673965,166627.929301671
"175","BRA","2010",0.96,64500.1468272218,71613.9595135804,193511.37156024
"176","BRA","2010",0.97,80130.2806150583,93396.0632882127,234143.84224246
"177","BRA","2010",0.98,110306.785574914,137059.776729492,304517.731719583
"178","BRA","2010",0.99,174230.244983101,180419.765250881,471975.686709675
"179","BRA","2010",0.991,187037.83107412,194617.190807518,504370.789093985
"180","BRA","2010",0.992,202726.387032043,211962.495005636,543089.988879793
"181","BRA","2010",0.993,221772.718668365,232607.761041211,590393.916576101
"182","BRA","2010",0.994,243802.576112511,255290.243826669,650024.942498583
"183","BRA","2010",0.995,267002.821639594,280114.925264827,728971.882232966
"184","BRA","2010",0.996,294647.073476989,314712.417911985,841186.121475001
"185","BRA","2010",0.997,339568.758998707,381036.36761798,1016677.35599601
"186","BRA","2010",0.998,435191.287493891,516223.295841842,1334497.85018502
"187","BRA","2010",0.999,626474.005104695,647893.709234115,2152772.4045282
"188","BRA","2010",0.9991,671581.386146318,700639.616187601,2319981.14844974
"189","BRA","2010",0.9992,732816.785759599,772040.666243158,2522398.83998248
"190","BRA","2010",0.9993,815106.639364249,865803.151423765,2772450.00765949
"191","BRA","2010",0.9994,919802.461740116,977442.956431226,3090224.48369871
"192","BRA","2010",0.9995,1037790.15503412,1112766.43455615,3512780.78915212
"193","BRA","2010",0.9996,1198058.38351389,1312391.68321389,4112784.37780095
"194","BRA","2010",0.9997,1447397.99008765,1647871.07074072,5046248.609331
"195","BRA","2010",0.9998,1901271.89861028,2370066.65340282,6745437.37862614
"196","BRA","2010",0.9999,3069986.4335565,11120808.1038495,11120808.1038495
"197","BRA","2011",0.9,32640.2050385306,34169.3475960256,117072.538547389
"198","BRA","2011",0.91,35816.4928772506,37739.8993662985,126284.004208651
"199","BRA","2011",0.92,39824.5803751454,42288.7778789627,137352.017313946
"200","BRA","2011",0.93,44975.3184528937,48185.1434332572,150932.480090372
"201","BRA","2011",0.94,51700.3753176062,55923.1347715964,168057.036199891
"202","BRA","2011",0.95,60547.2572486978,66049.4930360587,190483.81648555
"203","BRA","2011",0.96,72073.9234778154,79978.0011138815,221592.397347922
"204","BRA","2011",0.97,89501.6289824746,104543.768637484,268797.196092602
"205","BRA","2011",0.98,123648.303950097,153054.011123789,350923.909820162
"206","BRA","2011",0.99,194992.418563202,202095.91975196,548793.808516534
"207","BRA","2011",0.991,209677.64463348,218301.628973821,587315.796157043
"208","BRA","2011",0.992,227479.462620239,237762.791747859,633442.567054946
"209","BRA","2011",0.993,248555.108488314,260045.637081465,689968.249241672
"210","BRA","2011",0.994,271664.409209818,283758.192883761,761622.01793504
"211","BRA","2011",0.995,296429.901195506,311528.857304263,857194.782945295
"212","BRA","2011",0.996,328770.576325824,353566.295554313,993611.264355554
"213","BRA","2011",0.997,384473.30857263,434486.84236102,1206959.5872893
"214","BRA","2011",0.998,497091.066977926,585331.297230766,1593195.95975344
"215","BRA","2011",0.999,722639.388768785,750933.769760133,2601060.62227612
"216","BRA","2011",0.9991,781939.217751221,818995.540821577,2806630.27255564
"217","BRA","2011",0.9992,859335.265864778,906339.175113246,3055084.61402237
"218","BRA","2011",0.9993,956446.181625311,1010683.65300024,3362048.24815219
"219","BRA","2011",0.9994,1065537.78175574,1128516.11373293,3753942.34734411
"220","BRA","2011",0.9995,1198548.07860103,1287137.14179453,4279027.59406623
"221","BRA","2011",0.9996,1388018.37874246,1523567.81594314,5027000.20713395
"222","BRA","2011",0.9997,1683838.65125325,1922590.31039361,6194811.00419885
"223","BRA","2011",0.9998,2224940.64013882,2787151.21787323,8330921.35110147
"224","BRA","2011",0.9999,3629243.11419586,13874691.4843297,13874691.4843297
"225","BRA","2012",0.9,36304.8144389642,38269.1254411558,124629.141292527
"226","BRA","2012",0.91,40280.057347241,42428.3855429288,134224.698609346
"227","BRA","2012",0.92,44675.9134453804,47205.8347917644,145699.237742648
"228","BRA","2012",0.93,49928.3068401202,53171.8131433427,159769.723878489
"229","BRA","2012",0.94,56756.0045393324,61213.0550187705,177536.042334347
"230","BRA","2012",0.95,66205.0500063837,72389.7923773887,200800.639797462
"231","BRA","2012",0.96,79174.9646619173,87708.4489673137,232903.35165248
"232","BRA","2012",0.97,97750.9171598205,113281.535073804,281301.652547535
"233","BRA","2012",0.98,133269.803220901,165709.642007881,365311.711284401
"234","BRA","2012",0.99,209697.198491407,216687.427824669,564913.780560921
"235","BRA","2012",0.991,224131.077651362,232615.155430113,603605.597531615
"236","BRA","2012",0.992,241690.296280396,252091.717237389,649979.402794303
"237","BRA","2012",0.993,263222.982072921,275889.586350764,706820.500731005
"238","BRA","2012",0.994,289317.702613945,304051.773314538,778642.319794379
"239","BRA","2012",0.995,319422.000878542,336992.449063269,873560.429090347
"240","BRA","2012",0.996,356398.395602161,382203.170123098,1007702.42409712
"241","BRA","2012",0.997,413273.15837635,462545.147442557,1216202.17542179
"242","BRA","2012",0.998,526399.969445775,633465.152797651,1593030.6894114
"243","BRA","2012",0.999,786321.176782719,813580.907617031,2552596.22602516
"244","BRA","2012",0.9991,843165.809893802,878200.775947994,2745820.15029271
"245","BRA","2012",0.9992,916389.167827155,961767.061261009,2979272.57208576
"246","BRA","2012",0.9993,1011150.29716132,1069001.1802564,3267487.64506068
"247","BRA","2012",0.9994,1131029.08830588,1200480.26057799,3633902.05586133
"248","BRA","2012",0.9995,1275347.1245773,1368973.89281727,4120586.41491789
"249","BRA","2012",0.9996,1475295.80788919,1617248.17004389,4808489.54544285
"250","BRA","2012",0.9997,1784488.81430139,2031475.02985342,5872236.67057702
"251","BRA","2012",0.9998,2342674.40679277,2913414.91848632,7792617.49093881
"252","BRA","2012",0.9999,3760882.99850154,12671820.0633913,12671820.0633913
"253","BRA","2013",0.9,39633.207367856,41232.7637631664,133702.91959739
"254","BRA","2013",0.91,43093.2021457684,45521.1717242193,143977.381356748
"255","BRA","2013",0.92,48231.6664425579,51486.3234030828,156284.407560814
"256","BRA","2013",0.93,54996.7041440561,58971.5126371134,171255.56244049
"257","BRA","2013",0.94,63154.4881406991,67746.7935606141,189969.570741053
"258","BRA","2013",0.95,72584.9188522395,78387.2704961744,214414.126177141
"259","BRA","2013",0.96,85187.9192843228,95123.0919332112,248420.840097382
"260","BRA","2013",0.97,106979.159868883,123549.848603717,299520.089485439
"261","BRA","2013",0.98,143294.200669592,177669.237027674,387505.209926299
"262","BRA","2013",0.99,228139.554148689,235729.372329807,597341.182824925
"263","BRA","2013",0.991,243651.849549655,252310.469289764,637520.272879938
"264","BRA","2013",0.992,261380.219291853,271393.483203859,685671.49832871
"265","BRA","2013",0.993,281957.06314419,293866.362993875,744854.071917974
"266","BRA","2013",0.994,306618.685126608,321645.586407799,820018.690071991
"267","BRA","2013",0.995,338224.82923044,358901.116478683,919693.310804829
"268","BRA","2013",0.996,382204.750336396,412601.34137456,1059891.35938637
"269","BRA","2013",0.997,447869.024413362,498100.72877106,1275654.69872363
"270","BRA","2013",0.998,560324.511744904,674782.217440909,1664431.68369992
"271","BRA","2013",0.999,850084.516468722,879611.072056238,2654081.14995893
"272","BRA","2013",0.9991,911089.342179941,947073.070337472,2851244.4919481
"273","BRA","2013",0.9992,985655.773072936,1030294.07278069,3089265.91964939
"274","BRA","2013",0.9993,1078455.31009033,1134889.32314293,3383404.7549163
"275","BRA","2013",0.9994,1196164.13870144,1268855.48894266,3758157.32687847
"276","BRA","2013",0.9995,1348511.58850814,1448047.03986392,4256017.69446552
"277","BRA","2013",0.9996,1560977.91075402,1711445.7973831,4958010.35811572
"278","BRA","2013",0.9997,1888514.87225952,2149289.98686555,6040198.5450278
"279","BRA","2013",0.9998,2477329.45277748,3076299.14148224,7985652.82410892
"280","BRA","2013",0.9999,3963202.98901674,12895006.5067356,12895006.5067356
"281","BRA","2014",0.9,43901.7469229877,46012.0187244236,147011.453821285
"282","BRA","2014",0.91,48211.793020342,50732.6215585134,158233.613276492
"283","BRA","2014",0.92,53478.3345163612,56726.3278081108,171671.237241239
"284","BRA","2014",0.93,60193.570885621,63918.473664459,188091.938588829
"285","BRA","2014",0.94,67873.7110937924,72885.5030232817,208787.516076224
"286","BRA","2014",0.95,78694.5793199184,86013.804426648,235967.918686813
"287","BRA","2014",0.96,93754.2781959239,103747.500933903,273456.447251854
"288","BRA","2014",0.97,116130.014409246,133338.153660834,330026.096024504
"289","BRA","2014",0.98,153993.503931953,192073.350992325,428370.067206339
"290","BRA","2014",0.99,246760.221836909,255289.537286484,664666.783420354
"291","BRA","2014",0.991,263594.649239937,271358.245467298,710153.144101895
"292","BRA","2014",0.992,279260.750407995,288654.139021385,765002.506431219
"293","BRA","2014",0.993,299416.796743993,313862.561309972,833052.273204053
"294","BRA","2014",0.994,330285.321089444,348502.490184278,919583.891853067
"295","BRA","2014",0.995,365993.417810493,384182.703493147,1033800.17218682
"296","BRA","2014",0.996,405132.659490323,438358.440322503,1196204.53936024
"297","BRA","2014",0.997,480714.94087705,534112.743328289,1448819.90570616
"298","BRA","2014",0.998,593989.316521814,724186.080612005,1906173.48689509
"299","BRA","2014",0.999,899781.743087995,929851.046983907,3088160.89317818
"300","BRA","2014",0.9991,962752.90130962,1002460.12083996,3327973.09831084
"301","BRA","2014",0.9992,1046176.23428758,1099114.22693185,3618662.22049466
"302","BRA","2014",0.9993,1157187.31557698,1225832.85689,3978597.64814644
"303","BRA","2014",0.9994,1299359.7048999,1378488.28954128,4437391.78002242
"304","BRA","2014",0.9995,1458260.63995158,1559063.29679653,5049172.47811852
"305","BRA","2014",0.9996,1686569.65399125,1887483.11128148,5921699.77344877
"306","BRA","2014",0.9997,2107143.54936957,2402895.63352972,7266438.66083937
"307","BRA","2014",0.9998,2849340.96003892,3597593.52409602,9698210.17449418
"308","BRA","2014",0.9999,4705146.28608461,15798826.8248923,15798826.8248923
"309","BRA","2015",0.9,46708.4134041129,48732.6578637225,157520.310213789
"310","BRA","2015",0.91,51057.377808763,53921.3953179088,169607.827141574
"311","BRA","2015",0.92,57015.5656953004,60488.8971453145,184068.631119532
"312","BRA","2015",0.93,64120.7160306524,68120.0123729717,201722.878830134
"313","BRA","2015",0.94,72423.9301960911,77814.1123204869,223990.023239661
"314","BRA","2015",0.95,83985.6269808728,91838.2300697058,253225.205423496
"315","BRA","2015",0.96,100325.868003856,111095.603103091,293571.949261944
"316","BRA","2015",0.97,124203.954579212,142860.52552682,354397.397981561
"317","BRA","2015",0.98,165009.736955122,205457.940776491,460165.834208932
"318","BRA","2015",0.99,262842.157713781,272115.026727979,714873.727641373
"319","BRA","2015",0.991,281442.267343217,290277.520193346,764069.138853973
"320","BRA","2015",0.992,299005.026604647,308818.171943524,823293.091186551
"321","BRA","2015",0.993,319884.508017158,334774.230619205,896789.508221269
"322","BRA","2015",0.994,352007.61034153,372710.053865122,990458.721154946
"323","BRA","2015",0.995,393439.626681212,414663.099827052,1114008.45461291
"324","BRA","2015",0.996,438299.501839706,473626.388396598,1288844.79330938
"325","BRA","2015",0.997,518212.240273846,576890.413382173,1560584.26161364
"326","BRA","2015",0.998,642713.206497769,781607.930541031,2052431.18572937
"327","BRA","2015",0.999,971695.479687175,1004443.96711858,3323254.4409177
"328","BRA","2015",0.9991,1040291.88954738,1083592.91772695,3580900.04911757
"329","BRA","2015",0.9992,1131289.31417684,1189116.58489456,3893063.44054136
"330","BRA","2015",0.9993,1252600.65987373,1327799.77730623,4279341.56277655
"331","BRA","2015",0.9994,1408469.02333153,1495679.89061069,4771265.19368818
"332","BRA","2015",0.9995,1583664.653874,1695304.88691935,5426382.25430354
"333","BRA","2015",0.9996,1837479.55815999,2063095.5246078,6359151.59614932
"334","BRA","2015",0.9997,2308801.0764967,2646324.36461452,7791170.28666476
"335","BRA","2015",0.9998,3137220.91756377,3966335.30316399,10363593.2476899
"336","BRA","2015",0.9999,5188871.14612963,16760851.1922157,16760851.1922157
"337","BRA","2016",0.9,49498.3776819699,51798.5070852166,164404.680707797
"338","BRA","2016",0.91,54216.441222744,57027.1538182431,176916.477776973
"339","BRA","2016",0.92,60082.2843471276,63699.6495717736,191902.643271814
"340","BRA","2016",0.93,67624.4285466115,72137.8125474034,210217.356657535
"341","BRA","2016",0.94,76898.9419929523,82475.5602006122,233230.614009223
"342","BRA","2016",0.95,88786.6242384131,97129.7203885542,263381.624770945
"343","BRA","2016",0.96,106490.161385624,117706.091065839,304944.600866543
"344","BRA","2016",0.97,130948.083710383,150969.340457163,367357.437466777
"345","BRA","2016",0.98,174281.720684068,216590.256146273,475551.485971584
"346","BRA","2016",0.99,274554.369774341,284075.028218004,734512.715796896
"347","BRA","2016",0.991,294145.116201569,305051.244333293,784561.347750106
"348","BRA","2016",0.992,316115.939233431,327044.119660116,844500.110677208
"349","BRA","2016",0.993,338272.70489069,351807.784363659,918422.395108221
"350","BRA","2016",0.994,367388.796643698,388313.801163604,1012858.16356565
"351","BRA","2016",0.995,411881.298264997,437135.108269863,1137767.03604606
"352","BRA","2016",0.996,462670.087402631,496098.359098304,1312925.01799011
"353","BRA","2016",0.997,538444.634533011,604351.643330068,1585200.57095404
"354","BRA","2016",0.998,676807.718984806,816605.586857288,2075625.03476602
"355","BRA","2016",0.999,1015361.46484292,1046053.46651954,3334644.48267476
"356","BRA","2016",0.9991,1079470.34671135,1119809.67891035,3588932.37335864
"357","BRA","2016",0.9992,1164446.46826352,1219626.2807359,3897572.71016464
"358","BRA","2016",0.9993,1281112.25270542,1357164.30549043,4280136.48579725
"359","BRA","2016",0.9994,1441235.97078276,1540607.44526522,4767298.5158483
"360","BRA","2016",0.9995,1645567.09148267,1754853.30812524,5412636.72996478
"361","BRA","2016",0.9996,1875759.9312239,2081433.02609981,6327082.58542441
"362","BRA","2016",0.9997,2351771.47847873,2672683.64652821,7742299.10520084
"363","BRA","2016",0.9998,3114362.90785935,3966389.41084219,10277106.8345372
"364","BRA","2016",0.9999,5166095.99939165,16587824.2582321,16587824.2582321
"365","BRA","2017",0.9,51858.1020978778,54384.011526842,172477.331794645
"366","BRA","2017",0.91,57007.6605347024,59932.8056510247,185598.8118244
"367","BRA","2017",0.92,63080.219149685,66823.8226367317,201307.062596072
"368","BRA","2017",0.93,70930.7422033881,75782.6861432782,220518.954018835
"369","BRA","2017",0.94,80940.0302763496,86874.572048278,244641.665331428
"370","BRA","2017",0.95,93522.6609367698,102278.617206928,276195.083988058
"371","BRA","2017",0.96,112187.562628862,124147.487169253,319674.200683341
"372","BRA","2017",0.97,138202.327750875,159567.524307307,384849.771854703
"373","BRA","2017",0.98,184476.543352895,228932.007352692,497490.895628401
"374","BRA","2017",0.99,290198.851199268,300490.46829524,766049.783904111
"375","BRA","2017",0.991,311420.097204867,323341.187846184,817778.596749541
"376","BRA","2017",0.992,335470.442964367,347330.283215701,879583.27286246
"377","BRA","2017",0.993,359285.719790253,373049.808870105,955619.414240568
"378","BRA","2017",0.994,388602.489719957,409243.257228648,1052714.34846898
"379","BRA","2017",0.995,432729.368343502,459174.863152054,1181408.56671705
"380","BRA","2017",0.996,486017.06031924,520472.385356062,1361966.99260829
"381","BRA","2017",0.997,563871.359602315,633116.712836272,1642465.1950257
"382","BRA","2017",0.998,710697.688291473,855344.271654511,2147139.43612042
"383","BRA","2017",0.999,1065279.13960008,1096933.51227082,3438934.60058633
"384","BRA","2017",0.9991,1131285.9944557,1172594.8899273,3699156.94373246
"385","BRA","2017",0.9992,1218277.59439647,1274843.05514036,4014977.20045807
"386","BRA","2017",0.9993,1338010.81743854,1416735.64172445,4406424.93550339
"387","BRA","2017",0.9994,1504246.58080555,1609463.38009256,4904706.48446645
"388","BRA","2017",0.9995,1722077.3545861,1840502.48802394,5563755.10534109
"389","BRA","2017",0.9996,1965888.17711076,2168981.75367007,6494568.25967012
"390","BRA","2017",0.9997,2441867.1648015,2789229.15662081,7936430.4283384
"391","BRA","2017",0.9998,3217148.75609532,4095732.14200032,10510031.0641972
"392","BRA","2017",0.9999,5318430.26996735,16924329.9863941,16924329.9863941
"393","BRA","2018",0.9,53990.0327004517,56539.7226259729,177591.534612703
"394","BRA","2018",0.91,59213.0122975118,62259.056344225,191041.735944562
"395","BRA","2018",0.92,65553.1729514718,69458.3016177356,207139.570894605
"396","BRA","2018",0.93,73713.1228968567,78645.7868656769,226808.323648443
"397","BRA","2018",0.94,83862.4661436407,90008.655571347,251502.079778904
"398","BRA","2018",0.95,96963.456743446,106076.131611194,283800.764620416
"399","BRA","2018",0.96,116215.079440738,128360.930879025,328231.922872721
"400","BRA","2018",0.97,142763.819492635,164475.315396505,394855.586870619
"401","BRA","2018",0.98,189747.5543949,234930.475544315,510045.722607676
"402","BRA","2018",0.99,296746.099692876,307245.438081718,785160.969671038
"403","BRA","2018",0.991,318386.665235186,330478.686345916,838262.695403184
"404","BRA","2018",0.992,342721.44443566,354584.316550775,901735.696535343
"405","BRA","2018",0.993,366513.844782178,380104.805117618,979900.179390281
"406","BRA","2018",0.994,395370.367688781,415495.076628942,1079866.07510239
"407","BRA","2018",0.995,438419.357150661,464534.626433231,1212740.27479708
"408","BRA","2018",0.996,490974.588393702,524602.644129632,1399791.68688804
"409","BRA","2018",0.997,567112.564352813,636770.228771481,1691521.36780751
"410","BRA","2018",0.998,715802.116516823,862297.709713415,2218896.93732553
"411","BRA","2018",0.999,1078367.93573167,1110573.68444288,3575496.16493765
"412","BRA","2018",0.9991,1145587.46057938,1187946.5783662,3849376.44054815
"413","BRA","2018",0.9992,1234970.23810924,1293675.8155249,4182055.17332084
"414","BRA","2018",0.9993,1359492.04833027,1442030.33833157,4594680.79586305
"415","BRA","2018",0.9994,1533943.57019999,1644230.12550714,5120122.53878487
"416","BRA","2018",0.9995,1761616.82112972,1882444.97294526,5815301.02144026
"417","BRA","2018",0.9996,2010790.87236988,2224845.86924401,6798515.03356374
"418","BRA","2018",0.9997,2512667.7873279,2866258.79860782,8323071.42167201
"419","BRA","2018",0.9998,3326658.01597583,4247891.33045775,11051477.7332041
"420","BRA","2018",0.9999,5535063.13868435,17855064.1359505,17855064.1359504
"421","BRA","2019",0.9,54802.9984239652,58062.5821443096,189817.458567776
"422","BRA","2019",0.91,61343.9745041092,64522.1161090712,204456.889281494
"423","BRA","2019",0.92,67786.548411723,71620.0997895407,221948.735928047
"424","BRA","2019",0.93,75915.0099652185,81206.4529908874,243424.255376405
"425","BRA","2019",0.94,86839.2395840801,93255.8719210194,270460.555773992
"426","BRA","2019",0.95,100465.316374812,110026.155748346,305901.492544586
"427","BRA","2019",0.96,120767.304968079,133459.503805491,354870.326743646
"428","BRA","2019",0.97,148394.995845609,171147.865422975,428673.934389697
"429","BRA","2019",0.98,197658.949316301,244565.395682737,557436.968873058
"430","BRA","2019",0.99,308371.084362715,319145.065597055,870308.54206338
"431","BRA","2019",0.991,330616.14435895,343205.266651445,931548.928337416
"432","BRA","2019",0.992,356063.677770396,368649.482541384,1005091.88604816
"433","BRA","2019",0.993,381255.961663301,395634.006167688,1096012.22940627
"434","BRA","2019",0.994,411860.372367088,433484.94560832,1212741.93327937
"435","BRA","2019",0.995,458193.260304698,486011.791328625,1368593.33081358
"436","BRA","2019",0.996,513697.745439181,548154.246973898,1589238.71568482
"437","BRA","2019",0.997,591847.658223945,664675.522302302,1936266.8719218
"438","BRA","2019",0.998,747110.972921156,897367.837679241,2572062.54673154
"439","BRA","2019",0.999,1122225.85901507,1155161.85210399,4246757.25578384
"440","BRA","2019",0.9991,1190864.17403146,1233906.12273675,4590267.85619267
"441","BRA","2019",0.9992,1281666.39320872,1341405.53847772,5009813.07287461
"442","BRA","2019",0.9993,1408533.498194,1493340.04969983,5533871.29207407
"443","BRA","2019",0.9994,1588258.92715427,1703729.59922389,6207293.16580299
"444","BRA","2019",0.9995,1827781.15343901,1957308.83375214,7108005.87911861
"445","BRA","2019",0.9996,2092927.62868455,2314386.51815936,8395680.14045987
"446","BRA","2019",0.9997,2613785.89187568,2980218.50726265,10422778.0145623
"447","BRA","2019",0.9998,3443876.61555408,4414030.5575485,14144057.7682121
"448","BRA","2019",0.9999,5783298.55288731,23874084.9788757,23874084.9788757
"449","BRA","2020",0.9,56498.9159949663,59445.1627646317,190815.788157295
"450","BRA","2020",0.91,62509.382154655,65783.3537544494,205412.524312035
"451","BRA","2020",0.92,69226.5015360171,73247.8032250632,222866.170631734
"452","BRA","2020",0.93,77673.3683276349,83026.5066144756,244240.223118401
"453","BRA","2020",0.94,88805.1776231067,95442.2961629636,271109.175869055
"454","BRA","2020",0.95,102841.048516292,112614.619413897,306242.551810274
"455","BRA","2020",0.96,123741.40581245,136934.520540814,354649.534909367
"456","BRA","2020",0.97,152068.528333054,175156.461320563,427221.206365552
"457","BRA","2020",0.98,202582.499000834,249673.960253158,553253.578888046
"458","BRA","2020",0.99,313424.165547208,323867.333127727,856833.197522934
"459","BRA","2020",0.991,335075.235438185,347776.224542191,916051.626900179
"460","BRA","2020",0.992,361110.629880451,375005.072593603,987086.052194928
"461","BRA","2020",0.993,388774.38817798,403328.961957871,1074526.19213797
"462","BRA","2020",0.994,419222.996205155,439945.914491886,1186392.39716799
"463","BRA","2020",0.995,463982.65809192,493690.806332947,1335681.69370321
"464","BRA","2020",0.996,524077.450440039,559342.418631325,1546179.41554578
"465","BRA","2020",0.997,603018.949278448,678743.265779166,1875125.08118393
"466","BRA","2020",0.998,770032.747157719,930930.500984214,2473315.98888631
"467","BRA","2020",0.999,1175426.91663907,1212485.29473402,4015701.47678841
"468","BRA","2020",0.9991,1252834.34663164,1301824.40172325,4327169.94146108
"469","BRA","2020",0.9992,1356309.27518751,1424526.33481181,4705338.13392826
"470","BRA","2020",0.9993,1501062.87198024,1596929.06662528,5174025.53380196
"471","BRA","2020",0.9994,1703420.39675856,1829618.22056111,5770208.2783313
"472","BRA","2020",0.9995,1962266.33203236,2097758.09380662,6558326.28988516
"473","BRA","2020",0.9996,2248227.76196482,2505867.18601709,7673468.33890449
"474","BRA","2020",0.9997,2840917.41234833,3237180.57769854,9396002.05653553
"475","BRA","2020",0.9998,3797970.09815733,4815440.29462629,12475412.795954
"476","BRA","2020",0.9999,6278503.20345276,20135385.2972818,20135385.2972818
"477","BRA","2021",0.9,62169.6308778562,63493.1410294753,230177.995103537
"478","BRA","2021",0.91,64816.6511810948,68952.9497811123,248698.534445099
"479","BRA","2021",0.92,78760.2524528311,85994.4841952833,271166.732528098
"480","BRA","2021",0.93,90367.3777129125,90662.3157663546,297619.910861357
"481","BRA","2021",0.94,91038.875651977,105795.850180115,332112.843377191
"482","BRA","2021",0.95,122245.483955578,126031.155119604,377376.242016606
"483","BRA","2021",0.96,129816.82628363,151665.04154711,440212.513740856
"484","BRA","2021",0.97,179725.945283588,193583.062878526,536395.004472105
"485","BRA","2021",0.98,244554.356069287,286307.260342735,707800.975268895
"486","BRA","2021",0.99,380614.241583917,380728.577640257,1129294.69019505
"487","BRA","2021",0.991,380941.534798747,382313.672409949,1212468.70270114
"488","BRA","2021",0.992,383786.887593672,396090.965255874,1316238.08148754
"489","BRA","2021",0.993,424577.155203406,470977.834160434,1447687.66952064
"490","BRA","2021",0.994,509864.295783785,527266.998429827,1610472.64208067
"491","BRA","2021",0.995,550665.974706936,600493.246578813,1827113.77081084
"492","BRA","2021",0.996,655907.103511078,695619.73754594,2133768.90186885
"493","BRA","2021",0.997,716677.488027615,803679.453533521,2613151.95664315
"494","BRA","2021",0.998,1005662.13520224,1175520.58233268,3517888.20819796
"495","BRA","2021",0.999,1707493.31718225,1780525.61525679,5860255.83406324
"496","BRA","2021",0.9991,1844896.9424138,1887256.27840587,6313559.19170835
"497","BRA","2021",0.9992,1917290.03210062,1927056.92210132,6866847.05587108
"498","BRA","2021",0.9993,1933468.86349124,1974507.32713589,7572531.36069522
"499","BRA","2021",0.9994,2070875.7575739,2367602.62603606,8505535.36628827
"500","BRA","2021",0.9995,2725446.72587592,2958425.97409257,9733121.91433844
"501","BRA","2021",0.9996,3048423.95707522,3403517.7988894,11426795.8993994
"502","BRA","2021",0.9997,3996659.76986318,4235907.71484076,14101221.9329058
"503","BRA","2021",0.9998,4746502.81809293,6012427.9939611,19033879.0419382
"504","BRA","2021",0.9999,7913036.89602125,32055330.0899154,32055330.0899154
"505","BRA","2022",0.9,73132.1760995563,76509.5709349521,253331.85406594
"506","BRA","2022",0.91,80077.2631377873,84170.0394358019,272978.774413827
"507","BRA","2022",0.92,88598.1766614622,93811.7145393851,296579.86628608
"508","BRA","2022",0.93,99445.1641134671,105879.519675,325546.745107037
"509","BRA","2022",0.94,112824.959350838,121449.255433201,362157.94934571
"510","BRA","2022",0.95,131223.213363393,143310.566006141,410299.688128212
"511","BRA","2022",0.96,156251.448224879,172768.785622877,477046.968658728
"512","BRA","2022",0.97,192868.476977558,221808.464815047,578473.029670679
"513","BRA","2022",0.98,256448.964575144,317243.560428297,756805.312098495
"514","BRA","2022",0.99,403639.543825192,417629.964036255,1196367.06376869
"515","BRA","2022",0.991,431924.677227505,446195.87680059,1282893.40818341
"516","BRA","2022",0.992,460622.8982171,476988.270065357,1387480.59960626
"517","BRA","2022",0.993,495213.601250261,518795.150134312,1517550.93239782
"518","BRA","2022",0.994,545575.575307251,577157.1915332,1684010.22944174
"519","BRA","2022",0.995,609296.726100181,646010.322633471,1905380.83702344
"520","BRA","2022",0.996,689277.56155796,756163.458817875,2220223.46562094
"521","BRA","2022",0.997,837801.359559664,939178.964281336,2708243.46788862
"522","BRA","2022",0.998,1074593.19149412,1334503.67616443,3592775.71969227
"523","BRA","2022",0.999,1718253.91092281,1790276.7078316,5851047.76322011
"524","BRA","2022",0.9991,1868145.77336981,1958525.59350442,6302244.54715212
"525","BRA","2022",0.9992,2055317.40656641,2163720.40971276,6845209.416358
"526","BRA","2022",0.9993,2276400.18886094,2393354.3953178,7513993.56016436
"527","BRA","2022",0.9994,2516344.11747112,2680354.83093716,8367433.42097196
"528","BRA","2022",0.9995,2880134.17893208,3162541.70554011,9504849.13897866
"529","BRA","2022",0.9996,3468291.49362875,3785584.1410998,11090425.9973379
"530","BRA","2022",0.9997,4230035.22272864,4940497.03527065,13525373.2827533
"531","BRA","2022",0.9998,5769148.86604742,7244599.15033304,17817811.4064946
"532","BRA","2022",0.9999,9408302.67930857,28391023.6626561,28391023.6626561
"533","BRA","2023",0.9,80049.9421502108,83636.2876787078,302377.780789407
"534","BRA","2023",0.91,87524.2203747053,92085.0096608367,326682.39113504
"535","BRA","2023",0.92,97015.9233156048,102738.51047471,356007.063819315
"536","BRA","2023",0.93,108870.238365115,115861.382343376,392188.285725688
"537","BRA","2023",0.94,123430.712316831,132769.480962388,438242.769622739
"538","BRA","2023",0.95,143287.562363881,156259.757056009,499337.42735481
"539","BRA","2023",0.96,170264.334510379,188281.440943288,585106.844929509
"540","BRA","2023",0.97,210078.679949849,241134.578734136,717381.979591583
"541","BRA","2023",0.98,278031.370590226,343540.096896672,955505.680020306
"542","BRA","2023",0.99,437275.475215611,452482.26538773,1567471.26314394
"543","BRA","2023",0.991,468084.766442591,483751.329854496,1691358.9295613
"544","BRA","2023",0.992,499497.167060317,517082.249132318,1842309.87952465
"545","BRA","2023",0.993,536553.327617592,561701.772860012,2031628.11243784
"546","BRA","2023",0.994,590388.412834025,624932.524769627,2276615.83570081
"547","BRA","2023",0.995,660454.513840827,700857.744267528,2606952.49788705
"548","BRA","2023",0.996,748289.994315392,821744.975674518,3083476.18629192
"549","BRA","2023",0.997,911787.831092177,1024048.79555033,3837386.58983106
"550","BRA","2023",0.998,1174452.04068947,1463147.73368626,5244055.48697142
"551","BRA","2023",0.999,1895690.30072942,1978452.09093353,9024963.24025659
"552","BRA","2023",0.9991,2068005.44731711,2171810.57993781,9807908.92351461
"553","BRA","2023",0.9992,2282677.14097587,2405177.84992034,10762421.2164616
"554","BRA","2023",0.9993,2530834.47565003,2661194.46510367,11956313.1259673
"555","BRA","2023",0.9994,2802985.05355155,3001189.90093389,13505499.5694443
"556","BRA","2023",0.9995,3243700.82174165,3572764.74763677,15606361.5031459
"557","BRA","2023",0.9996,3909956.61917072,4334846.14857491,18614760.6920223
"558","BRA","2023",0.9997,4928825.35599587,5760464.97246336,23374732.20651
"559","BRA","2023",0.9998,6808384.73289737,8786092.58708296,32181865.8235334
"560","BRA","2023",0.9999,11776714.0453975,55577639.0599838,55577639.0599838
"561","CHL","2005",0.9,5203289.17111208,5504820.91524269,13941577.0022462
"562","CHL","2005",0.91,5833478.93384955,6210710.78183709,14878994.3452466
"563","CHL","2005",0.92,6608425.7372265,7036306.8009459,15962529.7906728
"564","CHL","2005",0.93,7472809.99472149,7911439.03217654,17237704.5034909
"565","CHL","2005",0.94,8343683.01531477,8755770.68945509,18792082.0820433
"566","CHL","2005",0.95,9161472.85366414,9622631.27442603,20799344.360561
"567","CHL","2005",0.96,10192640.8035054,11468190.3230439,23593522.6320947
"568","CHL","2005",0.97,13387776.0341398,15615377.6062245,27635300.0684449
"569","CHL","2005",0.98,17240382.3748567,21106838.1899413,33645261.2995552
"570","CHL","2005",0.99,25682107.1276002,25964666.7783132,46183684.409169
"571","CHL","2005",0.991,26247226.429025,27355404.8266147,48430241.9237086
"572","CHL","2005",0.992,30000346.7905024,32066635.1437488,51064596.5608453
"573","CHL","2005",0.993,32742133.4838345,33043859.404705,53778591.0490019
"574","CHL","2005",0.994,33345585.3255752,33647311.2464456,57234379.6563848
"575","CHL","2005",0.995,33949037.1673158,37787102.9385861,61951793.3383726
"576","CHL","2005",0.996,42752331.1048559,43525620.1954133,67992965.9383192
"577","CHL","2005",0.997,44298909.285971,47556556.0019829,76148747.8526211
"578","CHL","2005",0.998,56511456.5747494,57514591.2000131,90444843.7779403
"579","CHL","2005",0.999,63277140.6447573,64813468.8620347,123375096.355868
"580","CHL","2005",0.9991,66433747.6244875,68246966.0738933,129881943.855182
"581","CHL","2005",0.9992,70171298.7404546,72355467.8520839,137586316.077841
"582","CHL","2005",0.9993,74691990.230125,77392824.5546773,146905008.681519
"583","CHL","2005",0.9994,80312291.141695,83770370.874315,158490372.702658
"584","CHL","2005",0.9995,87561936.3599553,92210174.8949106,173434373.068323
"585","CHL","2005",0.9996,97412823.0952045,104132601.93512,193740422.61167
"586","CHL","2005",0.9997,111903028.59109,122873900.952144,223609696.170554
"587","CHL","2005",0.9998,136337542.718603,159328745.557549,273977593.779758
"588","CHL","2005",0.9999,191956082.196349,388626442.001969,388626442.001968
"589","CHL","2006",0.9,5632233.37238405,5966647.64002494,14899192.4314536
"590","CHL","2006",0.91,6323827.88113867,6719031.34513075,15891697.4082791
"591","CHL","2006",0.92,7128566.83711886,7554692.74163359,17038280.6661726
"592","CHL","2006",0.93,7982366.45555229,8399588.44319608,18393078.9411067
"593","CHL","2006",0.94,8806240.6700227,9196302.86173018,20058660.6907585
"594","CHL","2006",0.95,9592549.07844368,10120912.4345368,22231132.2565642
"595","CHL","2006",0.96,10841974.7852485,12499532.66251,25258687.212071
"596","CHL","2006",0.97,14679128.4608539,16564204.5623418,29511738.7285914
"597","CHL","2006",0.98,17916497.1625146,22842962.1684112,35985505.8117162
"598","CHL","2006",0.99,26668122.1383084,28480967.5769144,49128049.4550211
"599","CHL","2006",0.991,31178115.640175,32818556.7891157,51422169.6636996
"600","CHL","2006",0.992,33340936.9765373,33607573.7592312,53747621.2730226
"601","CHL","2006",0.993,33874210.5419259,34140847.3246206,56624770.9178499
"602","CHL","2006",0.994,34407484.1073143,35150613.6516267,60372091.5167214
"603","CHL","2006",0.995,38151583.1736201,42359082.4783861,65416387.0897404
"604","CHL","2006",0.996,44112453.8905303,44840250.8364049,71180713.2425789
"605","CHL","2006",0.997,45568047.7822791,50944137.3095235,79960867.3779703
"606","CHL","2006",0.998,57722063.477379,59360556.3877981,94469232.4121937
"607","CHL","2006",0.999,66735745.3004597,68346834.9767582,129577908.436589
"608","CHL","2006",0.9991,70045875.9184892,71947035.1502749,136381361.043236
"609","CHL","2006",0.9992,73964585.4201542,76254287.3943188,144435651.779856
"610","CHL","2006",0.9993,78703549.482755,81534317.5779701,154175846.692073
"611","CHL","2006",0.9994,84594013.3291581,88217617.6743063,166282768.211088
"612","CHL","2006",0.9995,92190328.3160623,97059708.4533966,181895798.318441
"613","CHL","2006",0.9996,102509299.976927,109546336.328236,203104820.784697
"614","CHL","2006",0.9997,117682517.747443,129166035.332479,234290982.270218
"615","CHL","2006",0.9998,143256099.69886,167304568.722497,286853455.739087
"616","CHL","2006",0.9999,201421042.43372,406402342.755678,406402342.755677
"617","CHL","2007",0.9,6411972.18975557,6783309.75781927,16484850.1948743
"618","CHL","2007",0.91,7172215.08799441,7587488.15208278,17562799.1323248
"619","CHL","2007",0.92,8010810.17179685,8438285.42059907,18809713.0048551
"620","CHL","2007",0.93,8861765.27838025,9268359.20378384,20291345.5168916
"621","CHL","2007",0.94,9665391.71262535,10066880.0738389,22128509.9024096
"622","CHL","2007",0.95,10500957.5051889,11189569.1326498,24540835.8681238
"623","CHL","2007",0.96,12190752.2003971,14221332.9921267,27878652.5519922
"624","CHL","2007",0.97,16511100.5778158,18185736.1424626,32431092.4052807
"625","CHL","2007",0.98,19773425.5413528,25251505.0145589,39553770.5366898
"626","CHL","2007",0.99,29899764.115183,32629104.3500853,53856036.0588206
"627","CHL","2007",0.991,34980606.1484458,35276235.7959451,56214584.0264579
"628","CHL","2007",0.992,35571865.4434463,35867495.0909465,58831877.555272
"629","CHL","2007",0.993,36163124.7384467,36458754.3859469,62112503.6216042
"630","CHL","2007",0.994,36754384.0334471,39367194.8286626,66388128.4942138
"631","CHL","2007",0.995,44446519.6337213,46465831.0788355,71792315.227324
"632","CHL","2007",0.996,47300502.2872342,48040768.9881897,78123936.2644462
"633","CHL","2007",0.997,48781035.6891443,57019964.5316781,88151658.689865
"634","CHL","2007",0.998,61453335.526206,64229230.7514166,103717505.768958
"635","CHL","2007",0.999,73788011.0956452,75578813.1656668,143205780.7865
"636","CHL","2007",0.9991,77467171.7781997,79579683.3208909,150719888.299925
"637","CHL","2007",0.9992,81821252.4963703,84364531.9485607,159612413.922304
"638","CHL","2007",0.9993,87084667.2191556,90227567.326758,170362111.347122
"639","CHL","2007",0.9994,93624096.844195,97645217.4828978,183717868.683847
"640","CHL","2007",0.9995,102052911.93836,107453194.688275,200932398.924033
"641","CHL","2007",0.9996,113495555.400879,121293920.791942,224302199.982966
"642","CHL","2007",0.9997,130307665.603834,143020696.100356,258638293.046679
"643","CHL","2007",0.9998,158612804.712929,185194825.074374,316447091.51984
"644","CHL","2007",0.9999,222878344.877159,447699357.965306,447699357.965305
"645","CHL","2008",0.9,7114947.47900706,7521615.25171363,18120314.0883382
"646","CHL","2008",0.91,7946888.9082795,8400134.81237521,19297947.2924076
"647","CHL","2008",0.92,8861978.4696389,9328590.87501602,20660173.8524117
"648","CHL","2008",0.93,9791330.73732773,10237543.8579722,22278971.4206111
"649","CHL","2008",0.94,10674778.9992651,11120707.2137116,24285876.0143842
"650","CHL","2008",0.95,11604368.9585743,12368460.5338358,26918909.7745187
"651","CHL","2008",0.96,13472256.2904986,15668112.7533089,30556522.0846894
"652","CHL","2008",0.97,18138917.5289668,19961980.213972,35519325.1951496
"653","CHL","2008",0.98,21594466.510577,27425436.1961438,43297997.6857384
"654","CHL","2008",0.99,31401773.2721405,33243388.5952588,59170559.175333
"655","CHL","2008",0.991,35974484.5351862,38715231.0804572,62051355.9064524
"656","CHL","2008",0.992,40035760.8490556,40035762.2890531,64968371.5097018
"657","CHL","2008",0.993,40035762.9705592,40078696.2171859,68530172.8269373
"658","CHL","2008",0.994,40161045.9545059,42653548.8012038,73272085.5952292
"659","CHL","2008",0.995,48084044.0757443,50917030.7360373,79395792.9540343
"660","CHL","2008",0.996,51972847.3499147,52810326.4591129,86515483.5085336
"661","CHL","2008",0.997,53647805.5683117,62590626.101842,97750535.8583404
"662","CHL","2008",0.998,67575054.23788,70719354.3079107,115330490.73659
"663","CHL","2008",0.999,81370575.0452182,83359984.7447883,159941627.165269
"664","CHL","2008",0.9991,85458449.9415931,87807618.6270474,168450698.545321
"665","CHL","2008",0.9992,90301205.5026907,93132609.5347383,178531083.535104
"666","CHL","2008",0.9993,96162148.5306412,99665635.8852022,190730865.535154
"667","CHL","2008",0.9994,103453646.619204,107942877.424339,205908403.810143
"668","CHL","2008",0.9995,112866443.812594,118906289.848604,225501509.087299
"669","CHL","2008",0.9996,125668896.08197,134410529.089923,252150313.896966
"670","CHL","2008",0.9997,144523499.955906,158817277.517576,291396908.83269
"671","CHL","2008",0.9998,176370038.926904,206395629.674991,357686724.490247
"672","CHL","2008",0.9999,249052361.229451,508977819.305504,508977819.305504
"673","CHL","2009",0.9,7436431.86054116,7844560.32756654,18491191.8672996
"674","CHL","2009",0.91,8264020.21954104,8696253.68174781,19674150.9272699
"675","CHL","2009",0.92,9129453.61193606,9553604.48015625,21046388.0829602
"676","CHL","2009",0.93,9968516.1502279,10363447.8030125,22688214.3119322
"677","CHL","2009",0.94,10753649.6503639,11185629.4927756,24742342.0634188
"678","CHL","2009",0.95,11691619.58736,12631718.8259939,27453684.5775474
"679","CHL","2009",0.96,14037987.9135832,16316304.7422447,31159176.0154357
"680","CHL","2009",0.97,18567396.5288114,20088828.7508182,36106799.7731661
"681","CHL","2009",0.98,22335820.1441896,28371063.9358488,44115785.28434
"682","CHL","2009",0.99,35635044.1771032,38119244.5492992,59860506.6328313
"683","CHL","2009",0.991,39272780.2458044,39272781.326277,62276202.4198904
"684","CHL","2009",0.992,39272781.8529317,39293436.6598489,65151630.0565921
"685","CHL","2009",0.993,39347984.3351747,40034262.2234613,68845657.6846983
"686","CHL","2009",0.994,42964867.8568561,47623654.5556945,73647556.9282378
"687","CHL","2009",0.995,50084316.1218458,50797217.6187905,78852337.4027464
"688","CHL","2009",0.996,51510119.1157342,52223020.6126781,85866117.3487354
"689","CHL","2009",0.997,52935922.1096225,64363847.5283793,97080482.9274212
"690","CHL","2009",0.998,66195634.7580214,70643380.1782624,113438800.626942
"691","CHL","2009",0.999,82355189.7366616,84333924.534296,156234221.075622
"692","CHL","2009",0.9991,86419057.7168617,88748398.1609622,164223142.913546
"693","CHL","2009",0.9992,91218194.0198624,94015950.2199501,173657486.007618
"694","CHL","2009",0.9993,97005720.6857615,100453857.79118,185034848.262997
"695","CHL","2009",0.9994,104176608.612095,108574533.237161,199131680.008297
"696","CHL","2009",0.9995,113389673.819327,119273989.368766,217243109.36252
"697","CHL","2009",0.9996,125848600.6266,134306426.769664,241735389.360952
"698","CHL","2009",0.9997,144064538.900391,157767036.105373,277545043.558088
"699","CHL","2009",0.9998,174529351.242685,202908266.12435,337434047.284445
"700","CHL","2009",0.9999,242960990.162055,471959828.44454,471959828.44454
"701","CHL","2010",0.9,8278257.01423811,8688825.40699326,19903309.8713768
"702","CHL","2010",0.91,9102682.21170602,9513825.38348409,21149363.7007528
"703","CHL","2010",0.92,9919088.66665873,10306336.807233,22603805.9904114
"704","CHL","2010",0.93,10683782.2836365,11055821.9672469,24360587.302294
"705","CHL","2010",0.94,11442608.2172091,11957646.2986771,26578048.1914686
"706","CHL","2010",0.95,12627038.7120798,13982757.3318479,29502128.5700269
"707","CHL","2010",0.96,15812422.2638668,17928489.4963801,33381971.3795716
"708","CHL","2010",0.97,19738272.4816133,21363577.2377841,38533132.007302
"709","CHL","2010",0.98,25069439.8544822,30703495.4936198,47117909.392061
"710","CHL","2010",0.99,38792337.5393291,39094301.0410632,63532323.2905023
"711","CHL","2010",0.991,39396264.5427972,39698228.0445316,66247659.0959955
"712","CHL","2010",0.992,40000191.5462654,40302155.0479992,69566337.9774285
"713","CHL","2010",0.993,40604118.5497335,45292649.3445593,73746935.5387756
"714","CHL","2010",0.994,50118114.5062591,51086611.4516247,78489316.571145
"715","CHL","2010",0.995,51767976.8563769,52443999.8730032,83969857.595049
"716","CHL","2010",0.996,53120022.8896287,55935218.787476,91851322.0255604
"717","CHL","2010",0.997,66629409.7442231,67067868.1622343,103823356.438255
"718","CHL","2010",0.998,67506326.5802459,74513252.6681954,122201100.576266
"719","CHL","2010",0.999,87926803.5625474,90040878.8285322,169888948.484336
"720","CHL","2010",0.9991,92270127.6833453,94764008.8507329,178760956.223869
"721","CHL","2010",0.9992,97410254.6183886,100412699.377286,189260574.645509
"722","CHL","2010",0.9993,103623941.065266,107334304.088463,201953128.255254
"723","CHL","2010",0.9994,111344106.807342,116091318.675604,217722932.283049
"724","CHL","2010",0.9995,121294933.086491,127670441.514177,238049255.004533
"725","CHL","2010",0.9996,134804021.928957,144010858.023369,265643958.377115
"726","CHL","2010",0.9997,154652666.270584,169662202.948354,306188325.161742
"727","CHL","2010",0.9998,188071099.681444,219456205.563779,374451386.268436
"728","CHL","2010",0.9999,263949562.226319,529446566.973093,529446566.973094
"729","CHL","2011",0.9,9158940.20275202,9564488.8806589,21716493.0054014
"730","CHL","2011",0.91,9967908.49268863,10359599.8668643,23066715.6859284
"731","CHL","2011",0.92,10742512.8508312,11108219.6897451,24655105.1633114
"732","CHL","2011",0.93,11469625.0016228,11855883.2492984,26590374.516678
"733","CHL","2011",0.94,12286639.1290897,12960744.8962003,29046123.0612413
"734","CHL","2011",0.95,13889475.3235911,15620534.3422605,32263198.6942495
"735","CHL","2011",0.96,17642317.2746212,19508721.9760162,36423864.7822467
"736","CHL","2011",0.97,20988652.6093629,23357194.7048236,42062245.7176568
"737","CHL","2011",0.98,28392319.4002162,33353828.259442,51414771.2240734
"738","CHL","2011",0.99,40602803.1536276,40914266.7335384,69475714.1887049
"739","CHL","2011",0.991,41225730.313449,41537193.8933598,72649208.35039
"740","CHL","2011",0.992,41848657.4732704,43378485.9317623,76538210.1575188
"741","CHL","2011",0.993,47086615.8432412,50981053.81961,81275313.6183412
"742","CHL","2011",0.994,52905041.5244431,53596171.7850601,86324356.9181297
"743","CHL","2011",0.995,54287302.0456767,54978432.3062935,92869993.9447436
"744","CHL","2011",0.996,55669562.5669107,63479818.7187517,102342884.354356
"745","CHL","2011",0.997,69528818.7012261,69915519.3011969,115297239.566224
"746","CHL","2011",0.998,70954015.7018291,82036129.6604564,137988099.698738
"747","CHL","2011",0.999,97783570.6019569,100213741.089686,193940069.737019
"748","CHL","2011",0.9991,102777210.044084,105647129.258119,204354106.253389
"749","CHL","2011",0.9992,108693588.53913,112153026.772067,216692478.377796
"750","CHL","2011",0.9993,115854697.188377,120135836.59506,231626685.75004
"751","CHL","2011",0.9994,124764868.585435,130251362.574973,250208493.942534
"752","CHL","2011",0.9995,136269008.43783,143651886.658158,274199920.216041
"753","CHL","2011",0.9996,151918795.349031,162606596.981509,306836928.605502
"754","CHL","2011",0.9997,174972112.911256,192453306.445891,354913705.813553
"755","CHL","2011",0.9998,213922843.340847,250660559.2607,436143905.497383
"756","CHL","2011",0.9999,302864048.047522,621627251.734066,621627251.734067
"757","CHL","2012",0.9,10003965.6243358,10382889.6736623,23608835.1771988
"758","CHL","2012",0.91,10758185.6919386,11124598.2267449,25078384.6775917
"759","CHL","2012",0.92,11487695.1423538,11857659.7691138,26822607.9839476
"760","CHL","2012",0.93,12244471.7775174,12728692.080541,28960457.7289238
"761","CHL","2012",0.94,13315058.3220375,14326689.9466941,31665752.0036543
"762","CHL","2012",0.95,15687520.7093229,17558565.3773247,35133564.4150463
"763","CHL","2012",0.96,19446602.8252818,20909865.8050101,39527314.1744767
"764","CHL","2012",0.97,22182396.3074103,25836382.0698528,45733130.2976322
"765","CHL","2012",0.98,31181728.5390695,35911877.1867086,55681504.4115219
"766","CHL","2012",0.99,42602001.8495385,42952757.8428405,75451131.6363352
"767","CHL","2012",0.991,43303513.8361436,46074651.9546458,79062062.0578346
"768","CHL","2012",0.992,49834359.7796246,52863002.7800583,83185488.3207332
"769","CHL","2012",0.993,54305779.6849957,54992862.024606,87517271.969401
"770","CHL","2012",0.994,55679944.3642159,56367026.7038265,92938006.9602003
"771","CHL","2012",0.995,57054109.0434361,60374755.9678463,100252203.011475
"772","CHL","2012",0.996,70143908.4603236,70821601.2482373,110221564.772382
"773","CHL","2012",0.997,71499294.0361511,72977724.2871859,123354885.947097
"774","CHL","2012",0.998,77558422.7437582,88972224.218127,148543466.777053
"775","CHL","2012",0.999,105246674.515541,107767970.964138,208114709.335979
"776","CHL","2012",0.9991,110428939.643566,113411277.199466,219264346.932848
"777","CHL","2012",0.9992,116578900.429373,120180365.115888,232495980.649519
"778","CHL","2012",0.9993,124036532.926466,128502653.633241,248541068.582892
"779","CHL","2012",0.9994,133335353.723887,139072704.536135,268547471.074498
"780","CHL","2012",0.9995,145371127.295204,153113867.044275,294442424.382164
"781","CHL","2012",0.9996,161793231.778934,173042422.902881,329774563.716627
"782","CHL","2012",0.9997,186075859.823238,204564027.547967,382018610.654601
"783","CHL","2012",0.9998,227315617.162972,266457171.33386,470745902.207916
"784","CHL","2012",0.9999,322267435.718439,675034633.081973,675034633.081972
"785","CHL","2013",0.9,10840935.2086106,11183935.4985685,25146054.0798144
"786","CHL","2013",0.91,11517899.8543125,11837968.996446,26697400.5888418
"787","CHL","2013",0.92,12156856.140968,12504693.7334951,28554829.5378913
"788","CHL","2013",0.93,12893879.9379431,13479307.5455393,30847706.0813764
"789","CHL","2013",0.94,14253641.8675651,15660391.1973238,33742439.1706826
"790","CHL","2013",0.95,17379550.128513,19253795.1938298,37358848.7653544
"791","CHL","2013",0.96,20936362.5547448,22033766.5272696,41885112.1582354
"792","CHL","2013",0.97,23248784.5295295,28045683.3322304,48502227.3685574
"793","CHL","2013",0.98,32722427.6291769,37765641.2720385,58730499.3867209
"794","CHL","2013",0.99,43675248.1527728,44466963.6150912,79695357.5014032
"795","CHL","2013",0.991,47050659.9186237,51187129.1361874,83609623.4887712
"796","CHL","2013",0.992,54825315.3613613,55397633.936623,87662435.2828442
"797","CHL","2013",0.993,55969952.5118848,56542271.0871465,92271692.6180187
"798","CHL","2013",0.994,57114589.6624083,57686908.2376699,98226596.2064974
"799","CHL","2013",0.995,58259226.8129318,64679965.2009015,106334533.800263
"800","CHL","2013",0.996,71811713.0147002,72377542.2995041,116748175.950103
"801","CHL","2013",0.997,72943371.584308,75932194.257005,131538387.16697
"802","CHL","2013",0.998,82694221.2833744,95623129.1548424,159341483.621952
"803","CHL","2013",0.999,113947877.247722,116767565.212097,223059838.089061
"804","CHL","2013",0.9991,119740769.623601,123066687.376947,234870090.630945
"805","CHL","2013",0.9992,126595672.598903,130599361.986435,248845516.037693
"806","CHL","2013",0.9993,134881297.335924,139828323.870942,265737823.759298
"807","CHL","2013",0.9994,145174334.104432,151502814.80146,286722740.407354
"808","CHL","2013",0.9995,158439325.235337,166936908.167514,313766725.528526
"809","CHL","2013",0.9996,176444218.156248,188712698.919394,350474179.868769
"810","CHL","2013",0.9997,202892053.666975,222886701.704361,404394673.518621
"811","CHL","2013",0.9998,247406603.307437,289195887.382485,495148659.425752
"812","CHL","2013",0.9999,348425801.561629,701101431.469017,701101431.469015
"813","CHL","2014",0.9,11542732.1944655,11900492.5170542,27262677.9263085
"814","CHL","2014",0.91,12251492.7668033,12595761.0657603,28969587.4162256
"815","CHL","2014",0.92,12944171.4804395,13337669.0801191,31016315.7100338
"816","CHL","2014",0.93,13784335.6613916,14463119.6542543,33541836.6571645
"817","CHL","2014",0.94,15357272.4907649,16899356.1622846,36721622.8243162
"818","CHL","2014",0.95,18709343.4385469,20584397.2453865,40686076.1567225
"819","CHL","2014",0.96,22243799.3362693,23449739.9267403,45711495.8845564
"820","CHL","2014",0.97,25043155.7606184,30317778.2904313,53132081.2038285
"821","CHL","2014",0.98,34857016.7272645,40705011.7554894,64539232.6605271
"822","CHL","2014",0.99,46641065.9921201,50424416.0820553,88373453.5655648
"823","CHL","2014",0.991,54344171.5683559,57195882.8054044,92590013.2859548
"824","CHL","2014",0.992,58446718.6125143,59098427.9618717,97014279.5960236
"825","CHL","2014",0.993,59750137.3112319,60401846.6605911,102430829.829474
"826","CHL","2014",0.994,61053556.0099494,61932464.1257312,109435660.357621
"827","CHL","2014",0.995,66257217.5536804,74385431.7085266,118936299.603999
"828","CHL","2014",0.996,76200849.0747326,76940599.9757578,130074016.577867
"829","CHL","2014",0.997,77680350.8767828,84248350.8212054,147785155.445237
"830","CHL","2014",0.998,92918339.0954778,107686450.180334,179553557.757253
"831","CHL","2014",0.999,128589480.874309,131800912.226575,251420665.334171
"832","CHL","2014",0.9991,135186492.306652,138972058.234381,264711749.012791
"833","CHL","2014",0.9992,142987833.017668,147541560.27341,280429210.36009
"834","CHL","2014",0.9993,152410490.96573,158032532.642127,299413160.372471
"835","CHL","2014",0.9994,164106171.568873,171291285.671332,322976598.327524
"836","CHL","2014",0.9995,179163931.581638,188800706.42613,353313660.858755
"837","CHL","2014",0.9996,199577877.265128,213471176.228482,394441899.4669
"838","CHL","2014",0.9997,229519401.949204,252118843.044721,454765473.879773
"839","CHL","2014",0.9998,279811092.704831,326906255.348496,556088789.297298
"840","CHL","2014",0.9999,393565533.886002,785271323.246101,785271323.246102
"841","CHL","2015",0.9,12184325.5307999,12547384.7332155,29048790.0335194
"842","CHL","2015",0.91,12905212.7821623,13262964.5368453,30882279.5113309
"843","CHL","2015",0.92,13630714.7081108,14063752.3575553,33084693.8831416
"844","CHL","2015",0.93,14566063.4294254,15353140.078506,35801971.2439396
"845","CHL","2015",0.94,16396127.6985525,18075460.5778607,39210109.7715119
"846","CHL","2015",0.95,19958342.2344972,21789659.1675809,43437039.6102422
"847","CHL","2015",0.96,23371750.3186805,24615173.6621941,48848884.7209074
"848","CHL","2015",0.97,26499038.8327087,32082010.4685985,56926788.4071452
"849","CHL","2015",0.98,36312372.6378306,42762742.9979343,69349177.3764186
"850","CHL","2015",0.99,50915789.1134816,55048486.6975514,95935611.7549029
"851","CHL","2015",0.991,59181184.2816222,60551706.7940358,100478625.650164
"852","CHL","2015",0.992,61277520.4566844,61965714.3550008,105469490.50718
"853","CHL","2015",0.993,62653908.2533169,63342102.1516328,111684315.671777
"854","CHL","2015",0.994,64030296.0499494,68481568.6663756,119741351.258468
"855","CHL","2015",0.995,78316105.7956278,79026396.5378581,129993307.776887
"856","CHL","2015",0.996,79736687.280088,80595623.0785365,142735035.586644
"857","CHL","2015",0.997,82957981.4569954,90668428.9926554,163448173.089346
"858","CHL","2015",0.998,100147196.834449,116409274.615254,199838045.137692
"859","CHL","2015",0.999,139555829.634288,143134606.045235,283266815.660129
"860","CHL","2015",0.9991,146910631.63093,151140310.780773,298837061.172893
"861","CHL","2015",0.9992,155631434.666686,160734431.149752,317299154.971905
"862","CHL","2015",0.9993,166196480.876383,172517904.931175,339665544.089352
"863","CHL","2015",0.9994,179355530.393904,187466226.995293,367523483.949044
"864","CHL","2015",0.9995,196365993.997287,207295415.965458,403534935.339785
"865","CHL","2015",0.9996,219540047.478507,235389686.649322,452594815.183353
"866","CHL","2015",0.9997,253739908.825487,279724564.383446,524996524.694779
"867","CHL","2015",0.9998,311668561.971625,366472707.624212,647632504.850444
"868","CHL","2015",0.9999,444477941.009348,928792302.076675,928792302.076674
"869","CHL","2016",0.9,12585214.1542806,12950881.0111998,29883657.8449687
"870","CHL","2016",0.91,13312096.042683,13676448.5843962,31765077.4931653
"871","CHL","2016",0.92,14053540.9852613,14505074.2837143,34026156.1067614
"872","CHL","2016",0.93,15032992.830259,15868170.8661503,36814882.0814824
"873","CHL","2016",0.94,16975221.5402857,18715392.1986337,40306000.6173711
"874","CHL","2016",0.95,20643206.7911982,22483929.4281591,44624122.3011186
"875","CHL","2016",0.96,24059226.2093375,25293670.4990093,50159170.5193584
"876","CHL","2016",0.97,27204831.6409787,32949467.5746459,58447670.5261415
"877","CHL","2016",0.98,37264252.5943625,44073283.6668191,71196772.0018892
"878","CHL","2016",0.99,53210227.2968878,57390251.056171,98320260.3369594
"879","CHL","2016",0.991,61570274.8154538,62365046.3225969,102868039.145936
"880","CHL","2016",0.992,63058471.4743145,63751138.1091634,107930913.248853
"881","CHL","2016",0.993,64443804.7440111,65136471.3788588,114242309.69738
"882","CHL","2016",0.994,65829138.0137081,70738074.1368714,122426616.083801
"883","CHL","2016",0.995,80504163.3810385,81229126.0615228,132764324.473186
"884","CHL","2016",0.996,81954088.7420054,82873741.2816083,145648124.076102
"885","CHL","2016",0.997,85496487.1162429,93449031.3680337,166572918.340934
"886","CHL","2016",0.998,103209399.315408,119880708.106652,203134861.827384
"887","CHL","2016",0.999,143542964.067449,147189776.225494,286389015.548116
"888","CHL","2016",0.9991,151035952.2805,155340334.15256,301855597.695072
"889","CHL","2016",0.9992,159908606.984726,165094004.651549,320170005.637883
"890","CHL","2016",0.9993,170641263.980093,177053859.626725,342323720.064499
"891","CHL","2016",0.9994,183985788.58661,192197196.505322,369868696.804123
"892","CHL","2016",0.9995,201200845.473573,212239775.873914,405402996.863875
"893","CHL","2016",0.9996,224595958.309755,240557081.448067,453693802.111352
"894","CHL","2016",0.9997,259014916.5628,285079032.704565,524739375.665859
"895","CHL","2016",0.9998,317068211.98005,371707697.761267,644569547.146506
"896","CHL","2016",0.9999,449259707.283189,917431396.531747,917431396.531746
"897","CHL","2017",0.9,13040986.2716842,13401487.6545743,31685775.1718494
"898","CHL","2017",0.91,13758681.7061841,14124156.8440565,33717362.6737688
"899","CHL","2017",0.92,14506896.3068689,14979486.7616318,36166513.4024829
"900","CHL","2017",0.93,15540605.1169616,16447382.0474911,39193231.494033
"901","CHL","2017",0.94,17646327.4163834,19417048.3093828,42984206.40179
"902","CHL","2017",0.95,21328181.7468487,23091076.3262627,47697638.0202715
"903","CHL","2017",0.96,24582978.5649365,25812386.364006,53849278.4437736
"904","CHL","2017",0.97,27829161.3445499,33632895.0816804,63194909.1370295
"905","CHL","2017",0.98,37772998.6887339,45088801.6365321,77975916.164704
"906","CHL","2017",0.99,54800534.8243535,60741545.9960507,110863030.692876
"907","CHL","2017",0.991,66074129.2550974,66221116.3643939,116432084.548079
"908","CHL","2017",0.992,66225030.2867911,66242969.5554444,122708455.571039
"909","CHL","2017",0.993,66344075.1499073,66777269.1372228,130774953.573267
"910","CHL","2017",0.994,68232126.1434292,71585489.335353,141441234.312608
"911","CHL","2017",0.995,75258266.1553451,79750071.3739116,155412383.308059
"912","CHL","2017",0.996,84770976.9110543,91236418.7394821,174327961.291596
"913","CHL","2017",0.997,98699986.662204,109194447.620442,202025142.1423
"914","CHL","2017",0.998,122042428.193904,143840273.915541,248440489.40323
"915","CHL","2017",0.999,174646244.782816,179370890.286948,353040704.890918
"916","CHL","2017",0.9991,184350596.019211,189915910.122386,372337350.958024
"917","CHL","2017",0.9992,195818144.115146,202507366.668834,395140031.062475
"918","CHL","2017",0.9993,209657521.978143,217908453.925219,422658983.118705
"919","CHL","2017",0.9994,226819148.962621,237352755.030827,456784071.317613
"920","CHL","2017",0.9995,248889705.245882,262999392.744526,500670334.574961
"921","CHL","2017",0.9996,278771093.573496,299080381.109556,560088070.032554
"922","CHL","2017",0.9997,322524988.765143,355490257.155539,647090633.006982
"923","CHL","2017",0.9998,395848416.527835,464319949.978278,792890820.932702
"924","CHL","2017",0.9999,561087864.186333,1121461691.88713,1121461691.88713
"925","CHL","2018",0.9,13628370.2472281,13990083.3275434,33015620.2141703
"926","CHL","2018",0.91,14349438.8288495,14722668.4923313,35129568.7571289
"927","CHL","2018",0.92,15118629.6440809,15624630.2651969,37680431.2902286
"928","CHL","2018",0.93,16235899.7284984,17245742.6564286,40831260.0080903
"929","CHL","2018",0.94,18567507.6953218,20400908.6978244,44762179.5667005
"930","CHL","2018",0.95,22328169.3533064,24028715.444213,49634433.7404758
"931","CHL","2018",0.96,25443685.2650235,26747125.0252365,56035863.3145414
"932","CHL","2018",0.97,29108041.6280343,35097315.2524262,65798776.077643
"933","CHL","2018",0.98,38948422.6203702,47234198.1770282,81149506.4902514
"934","CHL","2018",0.99,61360884.9714573,64269685.9721206,115064814.803475
"935","CHL","2018",0.991,65489947.891697,66206696.8266725,120708718.006958
"936","CHL","2018",0.992,66923445.7616481,67640194.696623,127521470.654494
"937","CHL","2018",0.993,68356943.6315991,69103101.055325,136075938.648476
"938","CHL","2018",0.994,70313751.9347235,73678023.2363302,147238078.247334
"939","CHL","2018",0.995,77367997.1833335,81895134.2824733,161950089.249535
"940","CHL","2018",0.996,86964361.7731169,93518092.9391295,181963827.9913
"941","CHL","2018",0.997,101100609.726309,111820106.231288,211445739.675357
"942","CHL","2018",0.998,124985299.972172,147513171.424026,261258556.397392
"943","CHL","2018",0.999,179524943.898463,184465080.52252,375003941.370759
"944","CHL","2018",0.9991,189676194.945523,195510282.157834,396174925.909449
"945","CHL","2018",0.9992,201703252.374458,208735756.257382,421258006.378397
"946","CHL","2018",0.9993,216260688.014878,224963609.941024,451618327.824252
"947","CHL","2018",0.9994,234373756.383113,245527024.952976,489394114.138117
"948","CHL","2018",0.9995,257760066.452062,272768480.278612,538167531.975134
"949","CHL","2018",0.9996,289574038.028334,311301038.402653,604517294.899246
"950","CHL","2018",0.9997,336438679.984244,371976070.621162,702256047.064886
"951","CHL","2018",0.9998,415621463.160202,490306106.009905,867396035.286746
"952","CHL","2018",0.9999,596431880.002739,1244485964.56359,1244485964.56359
"953","CHL","2019",0.9,14178375.3267145,14539783.6054007,34434954.5488371
"954","CHL","2019",0.91,14901098.2116347,15284376.8558387,36645529.0981078
"955","CHL","2019",0.92,15696835.458861,16239858.7597996,39315673.1283915
"956","CHL","2019",0.93,16903624.6283037,18005677.3712862,42612218.0381903
"957","CHL","2019",0.94,19418700.5622028,21279112.7782086,46713308.149341
"958","CHL","2019",0.95,23202186.5062438,24862170.6072133,51800147.2235675
"959","CHL","2019",0.96,26235280.6832388,27528856.648012,58534641.377656
"960","CHL","2019",0.97,29902832.638706,35953419.4588049,68869902.954204
"961","CHL","2019",0.98,39917335.6346573,48046109.3162851,85328144.7019035
"962","CHL","2019",0.99,61981987.2392585,65482549.3990213,122610180.087522
"963","CHL","2019",0.991,67084228.0134502,67856515.1320021,128957694.608466
"964","CHL","2019",0.992,68628802.2505546,69401089.3691072,136595342.043024
"965","CHL","2019",0.993,70173376.4876588,71014395.5613697,146194520.996441
"966","CHL","2019",0.994,72539709.986891,76129348.4927323,158724541.902286
"967","CHL","2019",0.995,80072139.0663373,84924839.6728566,175243580.584197
"968","CHL","2019",0.996,90368130.309528,97433682.3722326,197823265.812033
"969","CHL","2019",0.997,105626835.373754,117272639.713829,231286460.291966
"970","CHL","2019",0.998,131621114.887184,156385711.438132,288293370.581035
"971","CHL","2019",0.999,191768990.720762,197263467.064091,420201029.723937
"972","CHL","2019",0.9991,203064115.174264,209569575.932451,444971870.019472
"973","CHL","2019",0.9992,216481596.054151,224346094.978203,474397156.780346
"974","CHL","2019",0.9993,232770090.504471,242534802.66498,510118737.03779
"975","CHL","2019",0.9994,253105787.668547,265667996.368407,554716059.433249
"976","CHL","2019",0.9995,279466087.169157,296448476.253138,612525672.046206
"977","CHL","2019",0.9996,315497679.363865,340224107.790314,691544970.994449
"978","CHL","2019",0.9997,368896660.123273,409652024.308203,808651925.395958
"979","CHL","2019",0.9998,459865587.41747,546531147.120691,1008151875.93984
"980","CHL","2019",0.9999,670357582.041831,1469772604.75898,1469772604.75898
"981","CHL","2020",0.9,13950381.2772445,14341591.5141105,31775919.4711272
"982","CHL","2020",0.91,14722036.5307688,15089692.3654836,33713067.0219069
"983","CHL","2020",0.92,15460291.7633345,15881559.7786447,36040988.8539598
"984","CHL","2020",0.93,16365126.7886473,17123814.7009566,38920907.2932905
"985","CHL","2020",0.94,18138407.8799233,19935691.4467293,42553756.0586795
"986","CHL","2020",0.95,22079392.7147227,24395007.4493751,47077368.9810695
"987","CHL","2020",0.96,26490112.8930061,27771991.3420671,52747959.3639931
"988","CHL","2020",0.97,28906181.8934773,33685271.6143696,61073282.0379684
"989","CHL","2020",0.98,40112192.5831719,45577793.350469,74767287.2497678
"990","CHL","2020",0.99,54450887.5006162,54540279.1735578,103956781.149067
"991","CHL","2020",0.991,54733026.9873413,58384058.958089,109447503.59079
"992","CHL","2020",0.992,63818799.748603,67731115.3460578,115830434.169877
"993","CHL","2020",0.993,69358754.7045804,70257714.1551336,122701765.430423
"994","CHL","2020",0.994,71156673.6056872,72055633.0562406,131442440.642971
"995","CHL","2020",0.995,72954592.5067941,74113436.4589738,143319802.160317
"996","CHL","2020",0.996,76559957.876459,83795636.6485974,160621393.585653
"997","CHL","2020",0.997,93935846.9626825,110426675.327925,186229979.231339
"998","CHL","2020",0.998,129919268.454695,151320627.495678,224131631.183045
"999","CHL","2020",0.999,169312456.887742,170412903.858751,296942634.870413
"1000","CHL","2020",0.9991,171459841.470795,172476817.691201,311001493.871707
"1001","CHL","2020",0.9992,173538624.024129,174913208.846608,328317078.394267
"1002","CHL","2020",0.9993,176610437.478493,179559129.821444,350231916.901073
"1003","CHL","2020",0.9994,183585508.20913,191020584.741664,378677381.414338
"1004","CHL","2020",0.9995,200020513.616149,211294497.20275,416208740.748866
"1005","CHL","2020",0.9996,223930450.397192,240302311.577724,467437301.635381
"1006","CHL","2020",0.9997,259267400.196727,286157683.296444,543148964.988017
"1007","CHL","2020",0.9998,319240247.297946,376114752.450105,671644605.833803
"1008","CHL","2020",0.9999,457173072.05499,967174459.217501,967174459.217499
"1009","CHL","2021",0.9,15483055.7904763,15826813.2360506,37042799.4497502
"1010","CHL","2021",0.91,16166627.8705703,16530094.1386933,39400131.2512724
"1011","CHL","2021",0.92,16931173.0021402,17509315.8847966,42258885.8903448
"1012","CHL","2021",0.93,18254025.4282846,19609930.6028509,45794538.7482803
"1013","CHL","2021",0.94,21405834.3803836,23812077.5564762,50158640.1058518
"1014","CHL","2021",0.95,26269671.2902195,28233968.0948547,55427952.615727
"1015","CHL","2021",0.96,29726228.6196314,31123988.6358465,62226448.745945
"1016","CHL","2021",0.97,34176985.9741839,40284636.2823538,72593935.4493111
"1017","CHL","2021",0.98,43782024.7711206,52740376.9222517,88748585.0327898
"1018","CHL","2021",0.99,65923958.2426373,70236191.2230645,124756793.143328
"1019","CHL","2021",0.991,72838318.7724856,73634949.452949,130814637.801135
"1020","CHL","2021",0.992,74431580.1334127,75228210.8138765,137962098.844658
"1021","CHL","2021",0.993,76024841.4943395,76821472.1748026,146924082.849056
"1022","CHL","2021",0.994,77618102.8552665,81672424.7185014,158607851.294764
"1023","CHL","2021",0.995,87825170.8555366,94315839.1731783,173994936.610017
"1024","CHL","2021",0.996,100806507.49082,107297175.808462,193914710.969227
"1025","CHL","2021",0.997,113787844.126103,123473340.676872,222787222.689481
"1026","CHL","2021",0.998,141180282.224416,163922203.36563,272444163.695786
"1027","CHL","2021",0.999,186664124.506848,188938316.620992,380966124.025942
"1028","CHL","2021",0.9991,191212508.735091,193486700.849202,402302547.070935
"1029","CHL","2021",0.9992,195760892.963333,198035085.077456,428404527.848647
"1030","CHL","2021",0.9993,200309277.191576,205766521.903715,461314448.244526
"1031","CHL","2021",0.9994,213908555.932851,224106469.426977,503905769.301321
"1032","CHL","2021",0.9995,235357287.82817,249341301.517119,559865629.276177
"1033","CHL","2021",0.9996,265112334.82109,285838656.981058,637496711.215919
"1034","CHL","2021",0.9997,310041082.721879,345025578.215975,754716062.627669
"1035","CHL","2021",0.9998,388555765.962313,465714950.133411,959561304.833516
"1036","CHL","2021",0.9999,577841051.240054,1453407659.53362,1453407659.53363
"1037","CHL","2022",0.9,17674857.4257564,18097105.8770927,40271477.31999
"1038","CHL","2022",0.91,18520309.7934054,18972487.5110289,42735296.3692008
"1039","CHL","2022",0.92,19460963.1171081,20106879.9970127,45705647.4764723
"1040","CHL","2022",0.93,20896053.1251756,22197931.2988931,49362614.2592523
"1041","CHL","2022",0.94,23861763.2955475,26068644.4437581,53890061.4193121
"1042","CHL","2022",0.95,28375579.7290283,30445824.7346314,59454344.8144229
"1043","CHL","2022",0.96,32201333.9369627,33616555.5111235,66706474.8343707
"1044","CHL","2022",0.97,35778084.7428837,42782112.0737776,77736447.9421198
"1045","CHL","2022",0.98,48987830.5062467,56554807.0464588,95213615.8762909
"1046","CHL","2022",0.99,65656576.2785775,68213907.6655718,133872424.706123
"1047","CHL","2022",0.991,73632226.3720458,79341452.0567029,141167815.488406
"1048","CHL","2022",0.992,82561309.1738382,83551806.7608642,148896110.917369
"1049","CHL","2022",0.993,84542304.3478899,85532801.9349143,158231011.511156
"1050","CHL","2022",0.994,86523299.5219418,87487369.2921398,170347379.773863
"1051","CHL","2022",0.995,88366793.5951588,92081045.8073209,186919381.870207
"1052","CHL","2022",0.996,98333527.5940354,110456542.499253,210628965.885929
"1053","CHL","2022",0.997,125833091.347045,147385006.2584,244019773.681488
"1054","CHL","2022",0.998,171079643.466457,192414153.195308,292337157.393032
"1055","CHL","2022",0.999,207704436.774822,208650814.935447,392260161.590755
"1056","CHL","2022",0.9991,209694389.156815,211190732.443821,412661200.108009
"1057","CHL","2022",0.9992,213096180.694678,216436509.896369,437845008.566029
"1058","CHL","2022",0.9993,220931378.385274,228819008.23514,469474794.090261
"1059","CHL","2022",0.9994,238154340.308042,249441896.550438,509584091.732774
"1060","CHL","2022",0.9995,261840484.414001,277101903.30804,561612530.769229
"1061","CHL","2022",0.9996,294221619.839756,316446283.286736,632740187.634507
"1062","CHL","2022",0.9997,342219619.50411,378860203.814025,738171489.08388
"1063","CHL","2022",0.9998,424008531.870247,501952645.18812,917827131.718808
"1064","CHL","2022",0.9999,613336968.401955,1333701618.2495,1333701618.2495
"1065","CHL","2023",0.9,18944878.3524773,19368601.6062717,43298034.1794454
"1066","CHL","2023",0.91,19801682.2401295,20295770.2809718,45956860.0209092
"1067","CHL","2023",0.92,20852875.9178614,21656628.5031963,49164496.2384013
"1068","CHL","2023",0.93,22673370.7352195,24347156.7371031,53094191.6291449
"1069","CHL","2023",0.94,26358529.7490811,28729093.1793103,57885364.1111519
"1070","CHL","2023",0.95,31081926.4724222,32980915.3451228,63716618.2975202
"1071","CHL","2023",0.96,34517359.2329912,36160082.8102603,71400544.0356195
"1072","CHL","2023",0.97,39381594.7792346,46790462.4696826,83147364.4440726
"1073","CHL","2023",0.98,51723067.5913819,60948831.4865254,101325815.431268
"1074","CHL","2023",0.99,71879727.5073592,77836221.6789358,141702799.37601
"1075","CHL","2023",0.991,83792715.8505139,86273564.3688994,148799085.786796
"1076","CHL","2023",0.992,87418239.6864902,88434495.7835483,156614775.964033
"1077","CHL","2023",0.993,89450751.8806096,90467007.9776697,166354815.989816
"1078","CHL","2023",0.994,91483264.0747288,94503837.1656886,179002783.991841
"1079","CHL","2023",0.995,101314488.446173,109916858.891649,195902573.357071
"1080","CHL","2023",0.996,118519229.337125,127121599.782601,217399001.973426
"1081","CHL","2023",0.997,135723970.228078,147490760.716607,247491469.370368
"1082","CHL","2023",0.998,167939110.409,194341905.87541,297491823.697249
"1083","CHL","2023",0.999,220744701.341818,223384980.888435,400641741.519089
"1084","CHL","2023",0.9991,226025260.4351,228665539.981749,420336937.144715
"1085","CHL","2023",0.9992,231305819.52838,233946099.075019,444295861.790082
"1086","CHL","2023",0.9993,236586378.621662,241451423.261702,474345827.892229
"1087","CHL","2023",0.9994,249995712.444725,261523578.006039,513161561.99731
"1088","CHL","2023",0.9995,274166876.47566,289676973.419805,563489158.795552
"1089","CHL","2023",0.9996,307043268.691031,329492206.324707,631942205.13947
"1090","CHL","2023",0.9997,355463148.290574,392171909.05831,732758871.411171
"1091","CHL","2023",0.9998,437251112.127109,514367045.202034,903052352.587598
"1092","CHL","2023",0.9999,623927546.507521,1291737659.97317,1291737659.97316
"1093","DOM","2012",0.9,168039.036946007,176905.385368867,613362.207286745
"1094","DOM","2012",0.91,186382.885895971,197404.294449044,661857.409722065
"1095","DOM","2012",0.92,209324.662481941,222869.623462274,719914.049131193
"1096","DOM","2012",0.93,237108.151602977,252643.225004025,790920.395655324
"1097","DOM","2012",0.94,268929.291704001,287789.480002017,880633.257430541
"1098","DOM","2012",0.95,308438.369490622,332374.833984667,999202.012916246
"1099","DOM","2012",0.96,357793.067192517,387360.622728519,1165908.80764914
"1100","DOM","2012",0.97,421434.735133151,475473.941464993,1425424.86928935
"1101","DOM","2012",0.98,542213.897312413,664920.496523232,1900400.33320152
"1102","DOM","2012",0.99,841864.003463999,870251.498135065,3135880.16987981
"1103","DOM","2012",0.991,900076.068288452,932214.064450724,3387616.68896256
"1104","DOM","2012",0.992,964977.590872051,999452.908972474,3694542.01702654
"1105","DOM","2012",0.993,1036658.29329058,1083919.84065657,4079554.74674855
"1106","DOM","2012",0.994,1137677.40840752,1199001.17058296,4578827.23109722
"1107","DOM","2012",0.995,1255259.70802159,1298384.55577754,5254792.44320007
"1108","DOM","2012",0.996,1352153.21405643,1498548.87035194,6243894.4150557
"1109","DOM","2012",0.997,1735463.67303086,2153368.80664692,7825676.26329029
"1110","DOM","2012",0.998,2574499.66795488,3298773.22738529,10661829.991612
"1111","DOM","2012",0.999,4419406.30795967,4599777.15373653,18024886.7558386
"1112","DOM","2012",0.9991,4798854.7225372,5042556.41653178,19516565.6005165
"1113","DOM","2012",0.9992,5307429.16740012,5612210.67435254,21325816.7485143
"1114","DOM","2012",0.9993,5937724.3101905,6315425.67264341,23570617.6162514
"1115","DOM","2012",0.9994,6724695.6143598,7211343.28534083,26446482.9401855
"1116","DOM","2012",0.9995,7748240.15202142,8437328.01209596,30293510.8711535
"1117","DOM","2012",0.9996,9243087.58420826,10411136.7625463,35757556.5859164
"1118","DOM","2012",0.9997,11847131.712686,14051666.5447505,44206363.1937159
"1119","DOM","2012",0.9998,16785818.4744131,21699025.0860789,59283711.5181986
"1120","DOM","2012",0.9999,28939119.591247,96868397.9503182,96868397.9503182
"1121","DOM","2013",0.9,182444.219255945,191047.02620319,697310.911759895
"1122","DOM","2013",0.91,200570.573849733,212252.256266434,753562.454599529
"1123","DOM","2013",0.92,225045.036188576,240003.540028338,821226.229391166
"1124","DOM","2013",0.93,256036.58988163,274418.805751009,904258.042157284
"1125","DOM","2013",0.94,294246.486194708,317963.531734795,1009231.248225
"1126","DOM","2013",0.95,343510.630953875,370609.061242104,1147484.79152304
"1127","DOM","2013",0.96,397334.197708636,423595.429939906,1341703.72409327
"1128","DOM","2013",0.97,453472.047286608,506386.041194733,1647739.82214439
"1129","DOM","2013",0.98,573552.461082714,700887.590638622,2218416.71261922
"1130","DOM","2013",0.99,884144.134493372,912039.659383993,3735945.83459981
"1131","DOM","2013",0.991,941711.342445852,974366.998588937,4049713.18740157
"1132","DOM","2013",0.992,1007658.69123724,1043160.11706756,4434131.46100315
"1133","DOM","2013",0.993,1081854.89871391,1131192.63454032,4918555.93870823
"1134","DOM","2013",0.994,1186907.14236278,1247505.17784222,5549783.15606955
"1135","DOM","2013",0.995,1300175.80380667,1338872.24464029,6410238.75171501
"1136","DOM","2013",0.996,1389994.65670669,1543025.72403567,7678080.3784837
"1137","DOM","2013",0.997,1795405.84241902,2248173.15208558,9723098.59663304
"1138","DOM","2013",0.998,2693977.12284626,3455647.24387115,13460561.3189068
"1139","DOM","2013",0.999,4663862.57541058,4871418.57338419,23465475.3939424
"1140","DOM","2013",0.9991,5096291.04913052,5357847.82321219,25531481.7073375
"1141","DOM","2013",0.9992,5632218.12038157,5933918.54638537,28053185.9428528
"1142","DOM","2013",0.9993,6263117.6570999,6711080.76421756,31213081.2852048
"1143","DOM","2013",0.9994,7219660.02043193,7788962.66280575,35296748.0387019
"1144","DOM","2013",0.9995,8370240.69140963,9082642.45318262,40798305.1138799
"1145","DOM","2013",0.9996,9963102.9405264,11243562.2256899,48727220.779052
"1146","DOM","2013",0.9997,12740408.9296068,14886578.5167333,61221773.6301866
"1147","DOM","2013",0.9998,17662248.9997419,22964345.741102,84389371.1869133
"1148","DOM","2013",0.9999,30973875.720541,145814396.632725,145814396.632725
"1149","DOM","2014",0.9,202329.037723541,212498.903117725,755197.243642516
"1150","DOM","2014",0.91,223518.98833436,236380.429744991,815497.059256382
"1151","DOM","2014",0.92,250209.948163189,266155.228730775,887886.637945306
"1152","DOM","2014",0.93,283314.021168846,303617.862951763,976705.410690239
"1153","DOM","2014",0.94,326088.935785829,353322.708785344,1088886.66864665
"1154","DOM","2014",0.95,382402.903610345,413204.016732198,1235999.46061891
"1155","DOM","2014",0.96,443886.525752701,475619.466817053,1441698.32159059
"1156","DOM","2014",0.97,512637.788660782,570409.894737249,1763724.6065151
"1157","DOM","2014",0.98,642572.462565622,786200.133332407,2360381.96240403
"1158","DOM","2014",0.99,997015.151111072,1030025.34110554,3934563.79147565
"1159","DOM","2014",0.991,1064883.6640018,1104165.6684326,4257290.28596122
"1160","DOM","2014",0.992,1146159.71981643,1194825.94454301,4651430.8631523
"1161","DOM","2014",0.993,1247520.09028952,1309749.89360758,5145231.56581077
"1162","DOM","2014",0.994,1377455.06064483,1458998.66300055,5784478.51117797
"1163","DOM","2014",0.995,1550032.08891937,1668233.97631496,6649574.48081345
"1164","DOM","2014",0.996,1805322.72131481,1994451.18639879,7894909.60693807
"1165","DOM","2014",0.997,2217160.29743296,2539792.58559013,9861729.08045117
"1166","DOM","2014",0.998,2949114.27525468,3784003.73253789,13522697.3278817
"1167","DOM","2014",0.999,5091240.82689446,5319548.18152946,23261390.9232255
"1168","DOM","2014",0.9991,5572941.67980824,5880293.7152646,25254929.0056359
"1169","DOM","2014",0.9992,6211341.51797562,6583212.51877147,27676758.416932
"1170","DOM","2014",0.9993,6974767.66166139,7425091.7928832,30690122.1166687
"1171","DOM","2014",0.9994,7928795.71247397,8593395.96032923,34567627.1706323
"1172","DOM","2014",0.9995,9349852.58700364,10307679.0552687,39762473.4126917
"1173","DOM","2014",0.9996,11381024.7628927,12785858.8298984,47126172.0020454
"1174","DOM","2014",0.9997,14473053.6136227,17043302.7729946,58572943.0594405
"1175","DOM","2014",0.9998,20286481.0973061,26258002.5255949,79337763.2026634
"1176","DOM","2014",0.9999,35146968.0853486,132417523.879732,132417523.879732
"1177","DOM","2015",0.9,224397.985723694,235741.026566749,825762.84060927
"1178","DOM","2015",0.91,247496.631034096,260810.91021229,891320.819947327
"1179","DOM","2015",0.92,275315.065891923,292928.627782517,970134.558664207
"1180","DOM","2015",0.93,312333.338904358,334830.133846719,1066878.26307588
"1181","DOM","2015",0.94,358312.763402145,384104.395269856,1188886.28461407
"1182","DOM","2015",0.95,411582.75010985,443803.550472557,1349842.66248291
"1183","DOM","2015",0.96,479035.329711029,519489.613051554,1576352.4404855
"1184","DOM","2015",0.97,558032.135571521,612685.05777982,1928640.04963015
"1185","DOM","2015",0.98,689371.035493942,845034.052937356,2586617.54555531
"1186","DOM","2015",0.99,1065180.57189912,1097995.17472059,4328201.03817327
"1187","DOM","2015",0.991,1133496.714753,1175377.27746089,4687112.80077913
"1188","DOM","2015",0.992,1220952.05415132,1275017.39290574,5126079.74119391
"1189","DOM","2015",0.993,1333882.44735025,1403277.32792077,5676231.50523507
"1190","DOM","2015",0.994,1478368.25419393,1566903.12901966,6388390.53478746
"1191","DOM","2015",0.995,1663768.8246429,1783590.52321384,7352688.01594101
"1192","DOM","2015",0.996,1920122.85499589,2115085.34290408,8744962.38912281
"1193","DOM","2015",0.997,2354717.24172339,2683849.02936551,10954921.4045291
"1194","DOM","2015",0.998,3106412.22109429,3984412.11642234,15090457.5921108
"1195","DOM","2015",0.999,5367661.85734604,5599618.77922636,26196503.0677993
"1196","DOM","2015",0.9991,5849187.58739544,6138875.98283908,28485045.7665294
"1197","DOM","2015",0.9992,6451347.05977874,6816537.7555007,31278316.9894903
"1198","DOM","2015",0.9993,7212494.56311212,7682683.60480925,34772856.8800596
"1199","DOM","2015",0.9994,8198406.64666707,8831208.45294426,39287885.7592672
"1200","DOM","2015",0.9995,9539516.3017106,10450108.7812883,45379221.2205304
"1201","DOM","2015",0.9996,11496042.9239131,12920600.8230465,54111499.3303385
"1202","DOM","2015",0.9997,14609888.440411,17140617.1979348,67841798.8327844
"1203","DOM","2015",0.9998,20357054.8394124,26397039.7769741,93192389.6502092
"1204","DOM","2015",0.9999,35500054.5890326,159987739.523444,159987739.523445
"1205","DOM","2016",0.9,243674.428576961,255264.672012783,791856.219082235
"1206","DOM","2016",0.91,267879.301673011,282953.204356331,851477.502089952
"1207","DOM","2016",0.92,299450.711900009,319039.30514054,922543.039306654
"1208","DOM","2016",0.93,340184.120598771,364037.624612212,1008757.85847324
"1209","DOM","2016",0.94,389156.118308024,417058.990143276,1116211.23078341
"1210","DOM","2016",0.95,446527.013408107,479768.74628218,1256041.67891144
"1211","DOM","2016",0.96,515432.765470883,558220.082740258,1450109.91206876
"1212","DOM","2016",0.97,605408.084894826,660473.078188435,1747406.52184492
"1213","DOM","2016",0.98,740347.308101103,899749.184913984,2290873.24367316
"1214","DOM","2016",0.99,1127786.34593232,1163142.3098492,3681997.30243234
"1215","DOM","2016",0.991,1200449.96427993,1243123.68140741,3961870.07938603
"1216","DOM","2016",0.992,1289283.63991338,1344107.25520571,4301713.37913335
"1217","DOM","2016",0.993,1404044.20103723,1475295.9429431,4724228.53969445
"1218","DOM","2016",0.994,1552877.52420797,1645589.29837643,5265717.30581967
"1219","DOM","2016",0.995,1747605.65792568,1874798.69967182,5989742.90730832
"1220","DOM","2016",0.996,2019937.81584973,2222252.64347521,7018478.95921745
"1221","DOM","2016",0.997,2462291.83896879,2813988.42277948,8617221.06446486
"1222","DOM","2016",0.998,3257547.7070314,4117076.3986878,11518837.3853075
"1223","DOM","2016",0.999,5477570.82928365,5711326.47815641,18920598.3719273
"1224","DOM","2016",0.9991,5961329.64446044,6249751.18509793,20388295.2490128
"1225","DOM","2016",0.9992,6560612.88350374,6923303.54897391,22155613.2570019
"1226","DOM","2016",0.9993,7315314.83428053,7773999.25380652,24331657.5010055
"1227","DOM","2016",0.9994,8274090.52498834,8887092.99453043,27091267.2088715
"1228","DOM","2016",0.9995,9575614.00877341,10467956.3508222,30732102.0517389
"1229","DOM","2016",0.9996,11493741.4203185,12858587.1546317,35798138.4769667
"1230","DOM","2016",0.9997,14443294.5810914,16728584.4364905,43444655.5844202
"1231","DOM","2016",0.9998,19571856.1984434,24610491.517085,56802691.1583851
"1232","DOM","2016",0.9999,31931433.963028,88994890.7996852,88994890.7996852
"1233","DOM","2017",0.9,258191.784204581,270778.578149958,730073.970057196
"1234","DOM","2017",0.91,284348.592266801,299876.292674643,781106.791380223
"1235","DOM","2017",0.92,316393.497436021,335031.865257221,841260.60371842
"1236","DOM","2017",0.93,354884.115332953,377478.37004562,913578.994927163
"1237","DOM","2017",0.94,401442.695383299,427995.469674434,1002929.09907409
"1238","DOM","2017",0.95,455785.000794347,486334.995170718,1117915.82495402
"1239","DOM","2017",0.96,518810.245893589,558997.7024581,1275811.03239984
"1240","DOM","2017",0.97,601153.758638351,663056.456290861,1514748.80904709
"1241","DOM","2017",0.98,742393.9341119,896583.071558038,1940594.9854252
"1242","DOM","2017",0.99,1114881.29187085,1150007.62267456,2984606.89929236
"1243","DOM","2017",0.991,1186758.1641846,1227137.30662607,3188451.26336101
"1244","DOM","2017",0.992,1269610.99451935,1317305.91906093,3433615.50795288
"1245","DOM","2017",0.993,1368388.66750009,1428294.49606238,3735945.44922316
"1246","DOM","2017",0.994,1493566.40289397,1572010.19274172,4120553.94141662
"1247","DOM","2017",0.995,1658616.88919094,1766463.00382547,4630262.6911516
"1248","DOM","2017",0.996,1888365.46019798,2050033.15361243,5346212.61298313
"1249","DOM","2017",0.997,2233737.10290541,2498616.40075925,6444939.09944003
"1250","DOM","2017",0.998,2823230.83646629,3394224.44317186,8418100.44878041
"1251","DOM","2017",0.999,4194078.76306916,4332809.7199408,13441976.454389
"1252","DOM","2017",0.9991,4480231.99620454,4644466.37998726,14454106.0915498
"1253","DOM","2017",0.9992,4817389.47880153,5012046.68991485,15680311.0554949
"1254","DOM","2017",0.9993,5222159.09576655,5476096.06868006,17204348.8220061
"1255","DOM","2017",0.9994,5756549.98237844,6099735.0455992,19159057.6142267
"1256","DOM","2017",0.9995,6480399.59439046,6954868.38041244,21770922.1279517
"1257","DOM","2017",0.9996,7489641.7217356,8196952.02662763,25474935.5648354
"1258","DOM","2017",0.9997,9031032.29452152,10269283.9688629,31234263.4109111
"1259","DOM","2017",0.9998,11834383.9063698,14729496.8744839,41716753.1319352
"1260","DOM","2017",0.9999,19051635.7560857,68704009.3893865,68704009.3893865
"1261","DOM","2018",0.9,283310.844321516,296836.903167443,852993.991739935
"1262","DOM","2018",0.91,311302.711056165,327645.058207907,914789.223803546
"1263","DOM","2018",0.92,344948.015174762,364387.691742164,988182.244503001
"1264","DOM","2018",0.93,385123.491112293,409676.029857064,1077295.75204026
"1265","DOM","2018",0.94,436975.211598199,471603.383149587,1188565.70573746
"1266","DOM","2018",0.95,510663.592530042,557939.140396124,1331958.17025504
"1267","DOM","2018",0.96,607010.937482234,648798.520221564,1525462.92771977
"1268","DOM","2018",0.97,691038.91879304,750331.054852665,1817684.39688583
"1269","DOM","2018",0.98,827153.777779264,979820.851171894,2351361.06790242
"1270","DOM","2018",0.99,1208666.36986817,1246415.52564415,3722901.28463294
"1271","DOM","2018",0.991,1285895.55787002,1328635.40273748,3998066.36896503
"1272","DOM","2018",0.992,1373102.45671993,1422486.66462013,4331745.23974347
"1273","DOM","2018",0.993,1475771.75378138,1539586.93164373,4747353.60761824
"1274","DOM","2018",0.994,1609481.1584585,1693374.62066362,5281981.38694732
"1275","DOM","2018",0.995,1785495.90542426,1898482.00811061,5999702.74020406
"1276","DOM","2018",0.996,2025463.06880841,2192679.03206218,7025007.92322742
"1277","DOM","2018",0.997,2388271.65326094,2660547.49654903,8635784.2202825
"1278","DOM","2018",0.998,2993420.07888002,3587190.21019519,11623402.5821492
"1279","DOM","2018",0.999,4439799.84379506,4585968.16430944,19659614.9541033
"1280","DOM","2018",0.9991,4738783.07141606,4905114.00024576,21334464.5974135
"1281","DOM","2018",0.9992,5079070.33295846,5274736.35716296,23388133.4220592
"1282","DOM","2018",0.9993,5487145.13993025,5745352.30953754,25975761.5741868
"1283","DOM","2018",0.9994,6031082.11657345,6382731.27068809,29347496.4516277
"1284","DOM","2018",0.9995,6774014.02591503,7263604.65998365,33940449.4878147
"1285","DOM","2018",0.9996,7814906.3267116,8538278.96375373,40609660.6947706
"1286","DOM","2018",0.9997,9395780.82847608,10703658.7901495,51300121.271788
"1287","DOM","2018",0.9998,12383909.2820727,15633539.2883531,71598352.5126073
"1288","DOM","2018",0.9999,20622560.6606874,127563165.736861,127563165.736861
"1289","DOM","2019",0.9,301267.089415718,315328.375003038,943506.120405307
"1290","DOM","2019",0.91,330324.181176706,347369.424969206,1013303.64767223
"1291","DOM","2019",0.92,365570.356177493,386558.711295009,1096545.4255101
"1292","DOM","2019",0.93,409261.404912025,435918.193463245,1197972.0989694
"1293","DOM","2019",0.94,464778.125866589,498510.036937206,1324981.08322043
"1294","DOM","2019",0.95,534910.679645894,577054.169131479,1490275.29247707
"1295","DOM","2019",0.96,622217.073635895,669842.707452188,1718580.57331347
"1296","DOM","2019",0.97,716906.404022203,781482.372655189,2068159.8619339
"1297","DOM","2019",0.98,863109.32447044,1032130.10743131,2711498.60657325
"1298","DOM","2019",0.99,1276600.21497912,1315266.18209154,4390867.1057152
"1299","DOM","2019",0.991,1356439.49084962,1403301.59439377,4732600.54167338
"1300","DOM","2019",0.992,1453280.18462092,1509575.34794141,5148762.91008333
"1301","DOM","2019",0.993,1568960.08235456,1636151.46966924,5668646.84753218
"1302","DOM","2019",0.994,1708644.82291345,1795798.50265281,6340729.41050933
"1303","DOM","2019",0.995,1892795.14480486,2015960.92875657,7249715.59208064
"1304","DOM","2019",0.996,2155694.72298541,2336460.618648,8558154.25791166
"1305","DOM","2019",0.997,2545048.97933221,2843203.59078964,10632052.1376662
"1306","DOM","2019",0.998,3208161.39677652,3841772.28303326,14526476.4111045
"1307","DOM","2019",0.999,4764327.15585886,4909847.96579101,25211180.5391757
"1308","DOM","2019",0.9991,5065046.19994968,5244129.98619249,27466884.1584404
"1309","DOM","2019",0.9992,5437481.78793991,5663400.46899623,30244728.429971
"1310","DOM","2019",0.9993,5907260.83015029,6192807.42274554,33756346.7101097
"1311","DOM","2019",0.9994,6503245.89525195,6874884.40047622,38350269.9246696
"1312","DOM","2019",0.9995,7284385.10949241,7791450.68490715,44645347.0295068
"1313","DOM","2019",0.9996,8362117.39790879,9118668.53145269,53858821.1156542
"1314","DOM","2019",0.9997,10021699.7068326,11411557.6114298,68772205.3104046
"1315","DOM","2019",0.9998,13205902.991983,16723199.8874353,97452529.159892
"1316","DOM","2019",0.9999,22168793.258717,178181858.432349,178181858.432349
"1317","DOM","2020",0.9,282342.75183886,295200.337647276,774417.761119733
"1318","DOM","2020",0.91,309032.699256947,325178.759007501,827664.141505562
"1319","DOM","2020",0.92,342529.245648712,361557.549497625,890474.81431782
"1320","DOM","2020",0.93,380683.775774245,399481.260279456,966034.423577848
"1321","DOM","2020",0.94,418346.622380344,438447.06077621,1060459.95079425
"1322","DOM","2020",0.95,459972.623778797,487216.263700897,1184862.52879785
"1323","DOM","2020",0.96,519415.465728459,567240.499241502,1359274.09507209
"1324","DOM","2020",0.97,622469.784166732,702707.806095636,1623285.29368229
"1325","DOM","2020",0.98,802443.546619074,980227.306093784,2083574.03747561
"1326","DOM","2020",0.99,1242784.16412474,1282158.31881009,3186920.76885744
"1327","DOM","2020",0.991,1323995.43895383,1371883.97526519,3398561.04108493
"1328","DOM","2020",0.992,1423228.44072401,1481392.22941339,3651895.6743124
"1329","DOM","2020",0.993,1542502.84596774,1610733.17848704,3961967.59501225
"1330","DOM","2020",0.994,1684079.8906674,1772097.23150733,4353839.99776645
"1331","DOM","2020",0.995,1870036.9120678,1993340.55268523,4870188.55101828
"1332","DOM","2020",0.996,2131435.85477367,2304710.73939902,5589400.55060154
"1333","DOM","2020",0.997,2505251.86461484,2799066.97198657,6684297.15433571
"1334","DOM","2020",0.998,3157157.38822108,3794647.70853905,8626912.24551028
"1335","DOM","2020",0.999,4717820.9388412,4862992.48957222,13459176.7824815
"1336","DOM","2020",0.9991,5017096.87586507,5193495.07231576,14414308.3705824
"1337","DOM","2020",0.9992,5383783.5661083,5609498.29492491,15566910.0328656
"1338","DOM","2020",0.9993,5857376.60254239,6154704.41281975,16989397.4239998
"1339","DOM","2020",0.9994,6478284.89992692,6858592.42980616,18795179.5925294
"1340","DOM","2020",0.9995,7270728.88382663,7764783.8830274,21182497.0250736
"1341","DOM","2020",0.9996,8317961.4737406,9073087.96764048,24536925.3105842
"1342","DOM","2020",0.9997,9968602.0916136,11283134.8934545,29691537.7582378
"1343","DOM","2020",0.9998,12932409.4973237,15922445.7878279,38895739.1906295
"1344","DOM","2020",0.9999,20329946.1137169,61869032.593431,61869032.593431
"1345","PER","2016",0.9,21030.9046401666,21289.2474457828,64273.5159663027
"1346","PER","2016",0.91,21547.5902513982,21819.2306838817,69049.545801916
"1347","PER","2016",0.92,22508.3509599761,26464.3646209485,74953.3351916703
"1348","PER","2016",0.93,30086.3762890819,30864.9152082501,81880.3309874877
"1349","PER","2016",0.94,31643.4541274185,32421.9930465865,90382.9002840273
"1350","PER","2016",0.95,33200.531965755,34887.1710954299,101975.081731516
"1351","PER","2016",0.96,40697.8795637131,48378.9885828071,118747.059390537
"1352","PER","2016",0.97,51582.7264082559,59209.7829915144,142203.082993113
"1353","PER","2016",0.98,72122.3620072413,86676.8133296897,183699.732993913
"1354","PER","2016",0.99,105187.584812846,106849.902421763,280722.652658136
"1355","PER","2016",0.991,109778.518682148,115876.184269929,300041.847128844
"1356","PER","2016",0.992,123662.286606656,133999.906761127,323062.554986208
"1357","PER","2016",0.993,144513.341843435,151043.839948194,350071.504732648
"1358","PER","2016",0.994,154289.935995503,156267.055047676,383242.782196724
"1359","PER","2016",0.995,161032.528928137,176535.1595145,428637.927626533
"1360","PER","2016",0.996,196817.057676415,210230.308473069,491663.619654542
"1361","PER","2016",0.997,219349.384092782,243336.754987401,585474.723381699
"1362","PER","2016",0.998,285452.532267795,341102.162282314,756543.707578848
"1363","PER","2016",0.999,427311.654142874,436837.855486424,1171985.25287538
"1364","PER","2016",0.9991,447179.373952142,460717.962039214,1253668.2970297
"1365","PER","2016",0.9992,476672.348739004,498909.911196554,1352787.0889035
"1366","PER","2016",0.9993,524774.152934007,556938.468165397,1474769.54286162
"1367","PER","2016",0.9994,590424.143130412,619585.14153088,1627741.38864429
"1368","PER","2016",0.9995,648107.973138164,692349.342452482,1829372.63806693
"1369","PER","2016",0.9996,751931.380934194,833404.064000855,2113628.46197046
"1370","PER","2016",0.9997,917024.314244382,1024436.04637017,2540369.9279608
"1371","PER","2016",0.9998,1162103.10355184,1439076.13278262,3298336.86875612
"1372","PER","2016",0.9999,1855648.25551222,5157597.60472961,5157597.60472961
"1373","PER","2017",0.9,21586.2345387464,21774.2391681018,69733.1480608541
"1374","PER","2017",0.91,22302.2483928131,24110.3538666699,75061.9157156044
"1375","PER","2017",0.92,26565.8322609222,29362.9295544127,81430.8609467212
"1376","PER","2017",0.93,31612.4813295397,32814.2929579243,88869.1368599082
"1377","PER","2017",0.94,33766.4841528508,35025.3109782057,98211.6108435722
"1378","PER","2017",0.95,36915.4821114728,40978.8861522738,110848.870816646
"1379","PER","2017",0.96,46301.3639399932,52020.2031844736,128316.366982738
"1380","PER","2017",0.97,57409.8735759337,66875.4774791417,153748.42158216
"1381","PER","2017",0.98,78659.9043775678,96631.1301506442,197184.893633669
"1382","PER","2017",0.99,121942.951858364,125480.806521452,297738.657116694
"1383","PER","2017",0.991,129147.47430746,133150.677565208,316878.418293943
"1384","PER","2017",0.992,137382.614075464,142298.18280572,339844.385885035
"1385","PER","2017",0.993,147725.484161462,154624.621191213,368065.272039222
"1386","PER","2017",0.994,162269.638236271,170839.717581599,403638.713847224
"1387","PER","2017",0.995,179639.042506075,189387.929524828,450198.513100349
"1388","PER","2017",0.996,200774.141088092,219321.136291359,515401.158994229
"1389","PER","2017",0.997,240882.962436669,264976.306268022,614094.499895186
"1390","PER","2017",0.998,293089.230876921,357296.222898442,788653.596708768
"1391","PER","2017",0.999,444561.549647411,461469.314207325,1220010.9705191
"1392","PER","2017",0.9991,478867.063197571,496506.121018028,1304293.37677595
"1393","PER","2017",0.9992,513948.323124326,530861.493147709,1405266.78374567
"1394","PER","2017",0.9993,547807.751786362,567759.765404701,1530181.82525965
"1395","PER","2017",0.9994,592189.373285777,633621.042215101,1690585.50190211
"1396","PER","2017",0.9995,681021.976445754,724884.547280719,1901978.39383947
"1397","PER","2017",0.9996,765304.240491494,844666.594450747,2196251.85547907
"1398","PER","2017",0.9997,944450.730439025,1034653.02718513,2646780.27582234
"1399","PER","2017",0.9998,1199662.60949553,1502576.17272561,3452843.90014096
"1400","PER","2017",0.9999,1815445.46077136,5403111.6275563,5403111.62755631
"1401","PER","2018",0.9,22941.2354102124,24220.0771857604,75262.2818006314
"1402","PER","2018",0.91,25847.001017075,27975.8655246546,80933.6378689503
"1403","PER","2018",0.92,30106.6576194557,31582.9740780914,87553.3594119873
"1404","PER","2018",0.93,32716.9710567389,33594.5576866161,95549.128745401
"1405","PER","2018",0.94,34612.5371430437,36593.7010679771,105874.890588532
"1406","PER","2018",0.95,39410.8306382094,44193.0999821228,119731.128492643
"1407","PER","2018",0.96,49596.0436872619,54385.6339008568,138615.635620273
"1408","PER","2018",0.97,59922.2238960713,70046.2995046322,166692.302860078
"1409","PER","2018",0.98,81526.502797629,100683.816702429,215015.304537801
"1410","PER","2018",0.99,126381.403765628,130083.707843237,329346.792373173
"1411","PER","2018",0.991,134010.054180221,138505.006643951,351487.135098722
"1412","PER","2018",0.992,143360.524995253,149153.42101689,378109.901155568
"1413","PER","2018",0.993,155521.60687992,162897.197735215,410817.969746808
"1414","PER","2018",0.994,170638.415417071,178988.322646248,452138.098415406
"1415","PER","2018",0.995,187765.84393223,199161.255188663,506768.053569238
"1416","PER","2018",0.996,213376.049964126,232819.961621756,583669.753164382
"1417","PER","2018",0.997,253529.48510778,276581.966746141,700619.683678591
"1418","PER","2018",0.998,307534.645225914,371278.909615133,912638.542144815
"1419","PER","2018",0.999,466680.165932956,483253.854014638,1453998.1746745
"1420","PER","2018",0.9991,499781.516105433,515709.639126345,1561858.6547478
"1421","PER","2018",0.9992,531218.255371651,546569.263676821,1692627.28170047
"1422","PER","2018",0.9993,562781.301818518,586157.116630109,1856349.85570382
"1423","PER","2018",0.9994,617667.49592,663827.779317214,2068048.6455494
"1424","PER","2018",0.9995,710256.953316008,747461.930049005,2348892.81879577
"1425","PER","2018",0.9996,786095.200335604,876314.110491379,2749250.54098235
"1426","PER","2018",0.9997,966936.814827525,1076371.09593227,3373562.68448003
"1427","PER","2018",0.9998,1275746.15819944,1590985.0176922,4522158.47875392
"1428","PER","2018",0.9999,1977217.52138089,7453331.93981563,7453331.93981563
"1429","SLV","2000",0.9,0,0,8559.82851029345
"1430","SLV","2000",0.91,0,0,9510.92056699272
"1431","SLV","2000",0.92,0,0,10699.7856378668
"1432","SLV","2000",0.93,0,0,12228.3264432764
"1433","SLV","2000",0.94,0,0,14266.3808504891
"1434","SLV","2000",0.95,0,0,17119.6570205869
"1435","SLV","2000",0.96,0,0,21399.5712757336
"1436","SLV","2000",0.97,0,15.2153400532565,28532.7617009781
"1437","SLV","2000",0.98,411.470074037445,4738.98848648299,42791.5348814406
"1438","SLV","2000",0.99,10675.6528865919,11617.4799134581,80844.0812763981
"1439","SLV","2000",0.991,12640.8397730418,13840.3934183336,88535.9258722803
"1440","SLV","2000",0.992,15126.1537905182,16574.9175786252,97872.8674290237
"1441","SLV","2000",0.993,18122.3180359966,19941.0718390432,109486.860264795
"1442","SLV","2000",0.994,21941.8994264031,24433.1560401396,124411.158335753
"1443","SLV","2000",0.995,27244.4955638634,30871.9903413203,144406.758794876
"1444","SLV","2000",0.996,35019.791783956,40703.1983667495,172790.450908265
"1445","SLV","2000",0.997,47536.6575789175,58166.1835998972,216819.535088771
"1446","SLV","2000",0.998,71878.1386153202,98028.3725145122,296146.210833207
"1447","SLV","2000",0.999,138586.17125873,145206.447052391,494264.049151902
"1448","SLV","2000",0.9991,152312.126181397,160820.816321946,533048.227162954
"1449","SLV","2000",0.9992,170162.165435073,181405.074231892,579576.653518074
"1450","SLV","2000",0.9993,193734.963643888,208583.811369302,636458.307701805
"1451","SLV","2000",0.9994,224897.845962181,244702.210769912,707770.723757209
"1452","SLV","2000",0.9995,266607.915682481,293826.450411962,800384.426354647
"1453","SLV","2000",0.9996,324492.990982132,365139.289244534,927023.920340284
"1454","SLV","2000",0.9997,413377.981679119,490252.534260967,1114318.79737241
"1455","SLV","2000",0.9998,592847.628382923,766620.070647959,1426351.92892813
"1456","SLV","2000",0.9999,1003164.99412953,2086083.7872083,2086083.7872083
"1457","SLV","2001",0.9,0,0,8992.47140649154
"1458","SLV","2001",0.91,0,0,9991.63489610171
"1459","SLV","2001",0.92,0,0,11240.5892581144
"1460","SLV","2001",0.93,0,0,12846.3877235593
"1461","SLV","2001",0.94,0,0,14987.4523441526
"1462","SLV","2001",0.95,0,0,17984.9428129831
"1463","SLV","2001",0.96,0,0,22481.1785162288
"1464","SLV","2001",0.97,0,412.386614675965,29974.9046883051
"1465","SLV","2001",0.98,1858.24206369635,5822.13353658019,44756.1637251197
"1466","SLV","2001",0.99,11719.3824565468,12656.911381073,83690.1939136591
"1467","SLV","2001",0.991,13656.2231627303,14800.4596622988,91582.7808617242
"1468","SLV","2001",0.992,16028.8044039702,17451.6785170119,101180.571011652
"1469","SLV","2001",0.993,18987.6209034273,20796.3230299656,113141.84136803
"1470","SLV","2001",0.994,22772.9539335126,25192.8537504579,128532.76109104
"1471","SLV","2001",0.995,27914.3312663751,31532.7140630847,149200.742559157
"1472","SLV","2001",0.996,35774.2804171395,41657.5360254837,178617.749683175
"1473","SLV","2001",0.997,48678.2760666792,59815.9930603338,224271.154235738
"1474","SLV","2001",0.998,74707.1614282979,102862.612924959,306498.734823441
"1475","SLV","2001",0.999,146738.203978716,154408.178237722,510134.856721922
"1476","SLV","2001",0.9991,162736.024780603,172557.708306611,549660.043220162
"1477","SLV","2001",0.9992,183222.692871303,195809.289970309,596797.835084349
"1478","SLV","2001",0.9993,209492.33696723,225712.834538772,654081.912957775
"1479","SLV","2001",0.9994,243407.984680914,264614.935930404,725476.759360928
"1480","SLV","2001",0.9995,287936.102775121,316601.003602364,817649.124047013
"1481","SLV","2001",0.9996,348729.778990043,390830.02919249,942911.15415814
"1482","SLV","2001",0.9997,440452.7789556,517284.493119882,1126938.19581356
"1483","SLV","2001",0.9998,616178.833590937,774854.047045144,1431765.0471604
"1484","SLV","2001",0.9999,990405.537647684,2088676.04727566,2088676.04727566
"1485","SLV","2002",0.9,0,0,9963.53679215332
"1486","SLV","2002",0.91,0,0,11070.5964357259
"1487","SLV","2002",0.92,0,0,12454.4209901917
"1488","SLV","2002",0.93,0,0,14233.6239887905
"1489","SLV","2002",0.94,0,0,16605.8946535889
"1490","SLV","2002",0.95,0,0,19927.0735843067
"1491","SLV","2002",0.96,0,9.21127400805697,24908.8419803833
"1492","SLV","2002",0.97,189.912735366863,1554.5135872997,33208.7188825083
"1493","SLV","2002",0.98,3464.44477612974,7670.16035297794,49035.8215301127
"1494","SLV","2002",0.99,13562.8610657838,14514.5307405993,90401.4827072474
"1495","SLV","2002",0.991,15539.0989951107,16733.0538777171,98833.3662590972
"1496","SLV","2002",0.992,18020.9475742767,19519.2176532344,109095.90530677
"1497","SLV","2002",0.993,21137.1181213559,23040.8251901127,121892.57497156
"1498","SLV","2002",0.994,25121.2911439444,27685.5008164034,138367.866601802
"1499","SLV","2002",0.995,30596.0521774433,34513.3864291132,160504.339758881
"1500","SLV","2002",0.996,39093.1705945258,45500.2763329505,192002.078091323
"1501","SLV","2002",0.997,53224.0322980072,65521.5591170138,240836.012010781
"1502","SLV","2002",0.998,81652.2887779371,111991.505614735,328493.238457665
"1503","SLV","2002",0.999,159822.44344234,168677.415401063,544994.971300595
"1504","SLV","2002",0.9991,178174.621359137,189145.796308674,586808.033067204
"1505","SLV","2002",0.9992,200963.607655349,214751.384965153,636515.812662013
"1506","SLV","2002",0.9993,229687.180151074,247343.914386811,696767.873761555
"1507","SLV","2002",0.9994,266617.876950997,289827.239000533,771671.866990666
"1508","SLV","2002",0.9995,315443.900481549,347163.801113242,868040.792588671
"1509","SLV","2002",0.9996,382792.283724083,429064.924221569,998260.040457492
"1510","SLV","2002",0.9997,482736.676147057,560350.653397234,1187991.74586968
"1511","SLV","2002",0.9998,658876.090661178,842426.664240803,1501812.2921059
"1512","SLV","2002",0.9999,1101894.04780691,2161197.91997099,2161197.91997099
"1513","SLV","2003",0.9,0,0,10783.3125541553
"1514","SLV","2003",0.91,0,0,11981.4583935059
"1515","SLV","2003",0.92,0,0,13479.1406926941
"1516","SLV","2003",0.93,0,0,15404.7322202218
"1517","SLV","2003",0.94,0,0,17972.1875902588
"1518","SLV","2003",0.95,0,0,21566.6251083106
"1519","SLV","2003",0.96,0,308.44434748791,26958.2813853882
"1520","SLV","2003",0.97,1085.8937073668,2584.43112602126,35841.5603980216
"1521","SLV","2003",0.98,4793.41535533513,8957.6192007134,52470.1250340217
"1522","SLV","2003",0.99,14950.2394848919,15955.5129845053,95982.6308673301
"1523","SLV","2003",0.991,17030.6257767485,18264.5820556789,104874.532854311
"1524","SLV","2003",0.992,19589.5113666665,21128.3282119667,115700.77670414
"1525","SLV","2003",0.993,22794.5010558623,24777.7845575712,129211.126488736
"1526","SLV","2003",0.994,26962.4559198027,29695.8435326075,146616.683477263
"1527","SLV","2003",0.995,32804.2880351909,36910.728900214,170000.851466194
"1528","SLV","2003",0.996,41671.6593606858,48284.1535177508,203273.382107689
"1529","SLV","2003",0.997,56247.4895178387,68874.5060148503,254936.458304336
"1530","SLV","2003",0.998,85586.9389447437,118934.488695094,347967.434449078
"1531","SLV","2003",0.999,168853.510725759,177395.348926781,577000.380203062
"1532","SLV","2003",0.9991,186587.700575218,197298.874495078,621400.939233754
"1533","SLV","2003",0.9992,208896.821435615,222593.96677523,674413.697326082
"1534","SLV","2003",0.9993,237533.813053388,255464.171265997,738959.37311905
"1535","SLV","2003",0.9994,275194.202995558,299341.123628441,819541.906761211
"1536","SLV","2003",0.9995,326198.357323504,359862.846057084,923582.063387742
"1537","SLV","2003",0.9996,397797.561876543,446712.485494017,1064511.86772037
"1538","SLV","2003",0.9997,502641.005283115,584168.343885729,1270444.99512938
"1539","SLV","2003",0.9998,694224.470022512,915287.034511882,1613583.3207512
"1540","SLV","2003",0.9999,1211797.75705614,2311879.60699052,2311879.60699052
"1541","SLV","2004",0.9,0,0,11881.4026237253
"1542","SLV","2004",0.91,0,0,13201.5584708059
"1543","SLV","2004",0.92,0,0,14851.7532796566
"1544","SLV","2004",0.93,0,0,16973.4323196076
"1545","SLV","2004",0.94,0,0,19802.3377062088
"1546","SLV","2004",0.95,0,8.14551370781166,23762.8052474506
"1547","SLV","2004",0.96,135.469823813038,875.541140150967,29701.4701808863
"1548","SLV","2004",0.97,1809.29565684394,3498.80548537519,39310.1131944647
"1549","SLV","2004",0.98,5892.28397310116,9988.05243148404,57215.7670490095
"1550","SLV","2004",0.99,16028.6379824649,17072.6732821973,104443.481666535
"1551","SLV","2004",0.991,18189.3398486827,19468.5940224009,114151.349264795
"1552","SLV","2004",0.992,20839.8053614637,22426.018786234,125986.693670094
"1553","SLV","2004",0.993,24140.5379915116,26180.7512957686,140781.07579636
"1554","SLV","2004",0.994,28434.0210315851,31290.7989618906,159881.129879791
"1555","SLV","2004",0.995,34558.3435038879,38908.8478160373,185599.196063371
"1556","SLV","2004",0.996,43975.2471208658,51072.6788165408,222271.783125205
"1557","SLV","2004",0.997,59641.5586646709,73136.5487452949,279338.151228093
"1558","SLV","2004",0.998,90848.3786537677,127035.183155689,382438.952469492
"1559","SLV","2004",0.999,184402.468218658,193953.826504785,637842.721783295
"1560","SLV","2004",0.9991,204102.782672121,215656.555436764,687163.710147568
"1561","SLV","2004",0.9992,228037.564659411,242402.545864461,746102.10448641
"1562","SLV","2004",0.9993,257959.694763777,276447.750329615,818059.184289535
"1563","SLV","2004",0.9994,296741.686922671,321617.46780541,908327.756616171
"1564","SLV","2004",0.9995,349407.911752008,384907.128673381,1025669.8143783
"1565","SLV","2004",0.9996,425521.12767207,480458.880200294,1185860.48580448
"1566","SLV","2004",0.9997,545440.187326544,640273.870438661,1420994.35433947
"1567","SLV","2004",0.9998,757733.001769314,962806.625659309,1811354.59628988
"1568","SLV","2004",0.9999,1255103.02410267,2659902.56692045,2659902.56692045
"1569","SLV","2005",0.9,0,0,12542.3894387927
"1570","SLV","2005",0.91,0,0,13935.9882653253
"1571","SLV","2005",0.92,0,0,15677.9867984909
"1572","SLV","2005",0.93,0,0,17917.6991982754
"1573","SLV","2005",0.94,0,0.864624483524757,20903.9823979879
"1574","SLV","2005",0.95,38.4994608116534,558.952913862336,25084.6059526888
"1575","SLV","2005",0.96,1173.08755500719,2042.18273466371,31216.0192123954
"1576","SLV","2005",0.97,3133.77167579868,5084.48246607367,40940.6313716392
"1577","SLV","2005",0.98,7457.74781007559,11520.6950189642,58868.705824422
"1578","SLV","2005",0.99,17896.9665067275,18975.7801143846,106216.71662988
"1579","SLV","2005",0.991,20115.9955734029,21394.8881023507,115910.15402049
"1580","SLV","2005",0.992,22754.1467764909,24312.4747578674,127724.562260258
"1581","SLV","2005",0.993,25998.7091291217,28047.2049242907,142497.717617742
"1582","SLV","2005",0.994,30358.8408376927,33404.101392212,161572.803066651
"1583","SLV","2005",0.995,36888.0748162928,41404.0558782485,187206.543401539
"1584","SLV","2005",0.996,46550.8275449068,53522.2983362768,223657.165282361
"1585","SLV","2005",0.997,61983.6408298275,75546.7590924173,280368.787597723
"1586","SLV","2005",0.998,92787.7219885834,125759.208920551,382779.801850375
"1587","SLV","2005",0.999,176804.057116864,185655.855772555,639800.3947802
"1588","SLV","2005",0.9991,195173.249137672,206250.78593603,690260.899114376
"1589","SLV","2005",0.9992,218242.655350062,232407.772608861,750762.163261661
"1590","SLV","2005",0.9993,247864.261605942,266440.126759151,824812.790497764
"1591","SLV","2005",0.9994,286899.183229534,311991.355569774,917874.901120849
"1592","SLV","2005",0.9995,339929.925651273,375004.764767529,1039051.61023104
"1593","SLV","2005",0.9996,414534.470612726,465340.829733043,1205063.32159687
"1594","SLV","2005",0.9997,523235.265080634,608253.480539385,1451637.48555175
"1595","SLV","2005",0.9998,721533.130336336,942711.749213699,1873329.48805793
"1596","SLV","2005",0.9999,1248639.53450469,2803947.22690217,2803947.22690217
"1597","SLV","2006",0.9,0,0,14173.4542147863
"1598","SLV","2006",0.91,0,0,15748.2824608737
"1599","SLV","2006",0.92,0,0,17716.8177684829
"1600","SLV","2006",0.93,0,0,20247.791735409
"1601","SLV","2006",0.94,0,137.756376042979,23622.4236913106
"1602","SLV","2006",0.95,511.448104601525,1086.69545889833,28319.3571543641
"1603","SLV","2006",0.96,1730.87339328785,2654.11401419252,35127.5225782304
"1604","SLV","2006",0.97,3887.73927279355,5923.25477970008,45951.9920995764
"1605","SLV","2006",0.98,8333.57623342264,12623.036467137,65966.3607595146
"1606","SLV","2006",0.99,19405.8686171594,20557.8664027256,119309.685051892
"1607","SLV","2006",0.991,21778.6545441889,23158.1259321909,130282.109346244
"1608","SLV","2006",0.992,24631.027213704,26336.6514424293,143672.607273001
"1609","SLV","2006",0.993,28191.20016924,30455.4173920276,160434.886677368
"1610","SLV","2006",0.994,32993.862190838,36220.1296559326,182098.131558258
"1611","SLV","2006",0.995,39874.9255934522,44655.1724631251,211273.731938723
"1612","SLV","2006",0.996,50191.2797381836,57992.9070300861,252928.371807623
"1613","SLV","2006",0.997,67524.7735849252,82332.6957015548,317906.860066802
"1614","SLV","2006",0.998,101210.075947763,138249.870105547,435693.942249425
"1615","SLV","2006",0.999,195527.97059066,205230.043492938,733138.014393303
"1616","SLV","2006",0.9991,215602.63336825,227547.61980465,791794.455604447
"1617","SLV","2006",0.9992,240414.754257632,255476.168611532,862325.310079412
"1618","SLV","2006",0.9993,271843.081005671,291368.425544628,949018.044574809
"1619","SLV","2006",0.9994,312803.36764842,338942.646149926,1058626.31441315
"1620","SLV","2006",0.9995,367974.214702234,404249.06878113,1202563.04806577
"1621","SLV","2006",0.9996,445030.419804166,497210.489357034,1402141.54288687
"1622","SLV","2006",0.9997,557214.763173963,651045.986234859,1703785.22739715
"1623","SLV","2006",0.9998,777817.463273073,1016753.32347268,2230154.8479783
"1624","SLV","2006",0.9999,1349910.88379927,3443556.37248391,3443556.37248391
"1625","SLV","2007",0.9,0,0,14672.7114615891
"1626","SLV","2007",0.91,0,0,16303.012735099
"1627","SLV","2007",0.92,0,0,18340.8893269863
"1628","SLV","2007",0.93,0,9.57003867913449,20961.0163736987
"1629","SLV","2007",0.94,115.682259425847,523.777570081086,24452.9240962019
"1630","SLV","2007",0.95,979.168041388176,1534.7317145274,29238.7534014261
"1631","SLV","2007",0.96,2165.21156288227,3163.37164596327,36164.7588231507
"1632","SLV","2007",0.97,4453.90957829014,6401.34116758451,47165.2212155465
"1633","SLV","2007",0.98,8792.03932147094,13189.0676630802,67547.1612395276
"1634","SLV","2007",0.99,20144.1422298307,21314.6723184936,121905.254815975
"1635","SLV","2007",0.991,22552.2733605332,23946.5166670025,133081.986204584
"1636","SLV","2007",0.992,25434.8878459785,27166.5190260653,146723.919896782
"1637","SLV","2007",0.993,29060.2419679055,31411.3578334442,163803.548592598
"1638","SLV","2007",0.994,34057.4533180592,37411.087695614,185868.913719124
"1639","SLV","2007",0.995,41193.8830511318,46089.1674851468,215560.478923826
"1640","SLV","2007",0.996,51735.9767783572,59745.5186695897,257928.306783496
"1641","SLV","2007",0.997,69604.74655348,84719.4923234395,323989.236154798
"1642","SLV","2007",0.998,103755.184663647,142127.322937255,443624.108070477
"1643","SLV","2007",0.999,201467.763019616,211372.719025768,745120.893203699
"1644","SLV","2007",0.9991,221967.54162866,234200.360431842,804426.245890128
"1645","SLV","2007",0.9992,247404.444288897,262943.760300132,875704.481572404
"1646","SLV","2007",0.9993,279884.142536245,300234.900186134,963241.727468429
"1647","SLV","2007",0.9994,322653.944674218,350153.238733546,1073742.86534879
"1648","SLV","2007",0.9995,380749.49960039,418908.811824053,1218460.79067181
"1649","SLV","2007",0.9996,461588.955950051,515005.816426723,1418348.78538369
"1650","SLV","2007",0.9997,576203.735562697,673263.14153332,1719463.10836968
"1651","SLV","2007",0.9998,804674.282912403,1046000.1302495,2242563.09178786
"1652","SLV","2007",0.9999,1380659.55367265,3439126.05332622,3439126.05332622
"1653","SLV","2009",0.9,0,0,14128.1843653243
"1654","SLV","2009",0.91,0,0,15697.9826281381
"1655","SLV","2009",0.92,0,0,17660.2304566554
"1656","SLV","2009",0.93,0,61.6184406977194,20183.1205218918
"1657","SLV","2009",0.94,300.292471140501,735.243606413018,23536.7042020909
"1658","SLV","2009",0.95,1218.98144640573,1824.2435370225,28096.9963212264
"1659","SLV","2009",0.96,2529.3755058861,3607.64512647529,34665.1845172773
"1660","SLV","2009",0.97,4917.78416195547,6767.22410910902,45017.6976475447
"1661","SLV","2009",0.98,9007.53504377338,13041.4934966434,64142.9344167625
"1662","SLV","2009",0.99,19411.8765365177,20517.8360581669,115244.375336882
"1663","SLV","2009",0.991,21695.6820779895,23038.4849293783,125769.54636785
"1664","SLV","2009",0.992,24476.8797054134,26144.2926695961,138610.929047659
"1665","SLV","2009",0.993,27951.0710366605,30115.186178745,154677.591387382
"1666","SLV","2009",0.994,32511.1700057673,35524.635882444,175437.992255488
"1667","SLV","2009",0.995,38945.8741044686,43480.3698697324,203420.663530097
"1668","SLV","2009",0.996,48767.4560167296,56144.3875300695,243405.736945189
"1669","SLV","2009",0.997,64945.2969512787,78374.4695270647,305826.186750228
"1670","SLV","2009",0.998,95824.6478095612,130964.221359595,419552.04536181
"1671","SLV","2009",0.999,186621.898446282,196252.521688934,708139.869364025
"1672","SLV","2009",0.9991,206541.61781403,218355.835206637,765016.241327917
"1673","SLV","2009",0.9992,231054.67956673,245837.553338092,833348.792093068
"1674","SLV","2009",0.9993,261850.794428686,280827.940011444,917278.969058051
"1675","SLV","2009",0.9994,301596.325070965,326814.102178936,1023354.1405658
"1676","SLV","2009",0.9995,354809.704172207,390022.218560305,1162662.14824314
"1677","SLV","2009",0.9996,429963.058753327,483133.056049434,1355822.1306638
"1678","SLV","2009",0.9997,545950.632434748,647010.227218754,1646718.48886891
"1679","SLV","2009",0.9998,783597.91249579,1036572.52267099,2146572.61969398
"1680","SLV","2009",0.9999,1385928.32775909,3256572.71671698,3256572.71671698
"1681","SLV","2010",0.9,0,0,14996.0950454182
"1682","SLV","2010",0.91,0,0,16662.3278282424
"1683","SLV","2010",0.92,0,0,18745.1188067727
"1684","SLV","2010",0.93,0,279.562285900697,21422.992922026
"1685","SLV","2010",0.94,659.637395574044,1123.96025925108,24946.8980280469
"1686","SLV","2010",0.95,1628.40944055995,2250.67194177174,29711.4855818061
"1687","SLV","2010",0.96,2982.22164428562,4034.91643232514,36576.6889918146
"1688","SLV","2010",0.97,5287.09808577737,7141.3857614526,47423.9465116444
"1689","SLV","2010",0.98,9456.7506439519,13764.2553208261,67565.2268867402
"1690","SLV","2010",0.99,20538.6749014498,21686.1240600794,121366.198452654
"1691","SLV","2010",0.991,22903.8897891317,24284.17464976,132441.762274052
"1692","SLV","2010",0.992,25759.6766522202,27467.8292645979,145961.460727088
"1693","SLV","2010",0.993,29320.9004037506,31553.0663491731,162889.122364587
"1694","SLV","2010",0.994,34027.9628277518,37129.9491681551,184778.465033822
"1695","SLV","2010",0.995,40638.1015203263,45247.4363278499,214308.168206956
"1696","SLV","2010",0.996,50606.3925398098,58145.2358877769,256573.351176732
"1697","SLV","2010",0.997,67268.4414524324,81324.5747716214,322716.056273051
"1698","SLV","2010",0.998,99382.0537698848,135235.666998783,443411.797023765
"1699","SLV","2010",0.999,189727.140657461,198919.484484225,751587.927048748
"1700","SLV","2010",0.9991,208785.658110684,220262.776771808,812995.531778131
"1701","SLV","2010",0.9992,232701.515208987,247470.217865287,887087.126153911
"1702","SLV","2010",0.9993,263647.48122362,283284.810103762,978460.970195129
"1703","SLV","2010",0.9994,305039.93308473,332058.450009564,1094323.66354367
"1704","SLV","2010",0.9995,362325.711909204,400670.181356469,1246776.70625046
"1705","SLV","2010",0.9996,443947.072602412,499035.870879977,1458303.33747389
"1706","SLV","2010",0.9997,561951.543867773,661601.755214181,1778059.15967222
"1707","SLV","2010",0.9998,797954.258194271,1052508.50252423,2336287.86190124
"1708","SLV","2010",0.9999,1406300.57831106,3620067.22127825,3620067.22127825
"1709","SLV","2012",0.9,0,0,16985.9485113295
"1710","SLV","2012",0.91,0,0,18873.2761236994
"1711","SLV","2012",0.92,0,0,21232.4356391619
"1712","SLV","2012",0.93,0,5.93057957937239,24265.6407304707
"1713","SLV","2012",0.94,101.089326660046,606.275900770652,28308.9257556193
"1714","SLV","2012",0.95,1176.14841321214,1869.34880503094,33849.455726589
"1715","SLV","2012",0.96,2628.2407333937,3609.4761917886,41844.4824569784
"1716","SLV","2012",0.97,4804.85239783491,6894.88231340294,54589.4845453751
"1717","SLV","2012",0.98,9625.29895357734,14469.378825501,78436.7856613611
"1718","SLV","2012",0.99,21927.8617886648,23170.5458875229,142404.192497221
"1719","SLV","2012",0.991,24486.3348163851,25972.6555656241,155652.375453854
"1720","SLV","2012",0.992,27560.3522242126,29402.3170513134,171862.340439883
"1721","SLV","2012",0.993,31406.847830647,33834.6615417955,192213.772352536
"1722","SLV","2012",0.994,36534.0095372852,39949.7531493276,218610.290820993
"1723","SLV","2012",0.995,43835.9101747613,48997.8352216917,254342.398355326
"1724","SLV","2012",0.996,55016.7515826693,63402.3957862569,305678.539138734
"1725","SLV","2012",0.997,73414.3632172726,88690.7118282462,386437.25358956
"1726","SLV","2012",0.998,108728.988873643,147793.934738618,535310.524470217
"1727","SLV","2012",0.999,206221.794057441,216777.313825575,922827.114201816
"1728","SLV","2012",0.9991,228128.034376827,241309.210462796,1001277.09202139
"1729","SLV","2012",0.9992,255544.211811212,272234.388807353,1096273.0772162
"1730","SLV","2012",0.9993,290355.568213638,311860.76500807,1213992.88984602
"1731","SLV","2012",0.9994,335368.828313485,363704.45042263,1364348.24398565
"1732","SLV","2012",0.9995,394954.389356288,433410.298201155,1564477.0026982
"1733","SLV","2012",0.9996,476334.623462044,532134.872980739,1847243.67882239
"1734","SLV","2012",0.9997,600326.097583927,725389.825606192,2285613.28077009
"1735","SLV","2012",0.9998,898819.424163549,1197075.83727127,3065725.00835204
"1736","SLV","2012",0.9999,1623196.1195512,4934374.17943281,4934374.17943281
"1737","SLV","2013",0.9,0,0,16438.5735335691
"1738","SLV","2013",0.91,0,0,18265.0817039657
"1739","SLV","2013",0.92,0,0,20548.2169169614
"1740","SLV","2013",0.93,0,17.7459450804957,23483.6764765274
"1741","SLV","2013",0.94,175.986321119825,697.498193178032,27394.6648984352
"1742","SLV","2013",0.95,1292.13014428559,2027.02787043213,32734.0982394866
"1743","SLV","2013",0.96,2819.0858478494,3772.73440601693,40410.8658317502
"1744","SLV","2013",0.97,4923.62123648781,6996.81151404554,52623.5763069946
"1745","SLV","2013",0.98,9732.49737859739,14650.7124497276,75436.9587034691
"1746","SLV","2013",0.99,22185.2095814092,23422.9070001633,136223.204957211
"1747","SLV","2013",0.991,24732.1563258352,26211.0875084252,148756.571396883
"1748","SLV","2013",0.992,27792.8939433686,29639.6306175536,164074.75688294
"1749","SLV","2013",0.993,31658.6123914397,34112.6745022458,183279.774920852
"1750","SLV","2013",0.994,36835.595884168,40243.8098427711,208140.958323953
"1751","SLV","2013",0.995,44091.7038847583,49127.3806771261,241720.388020189
"1752","SLV","2013",0.996,54974.3935312054,63222.1180466869,289868.639855955
"1753","SLV","2013",0.997,73236.0322205215,88970.1819295746,365417.480459045
"1754","SLV","2013",0.998,109533.443947747,148844.808704061,503641.12972378
"1755","SLV","2013",0.999,207490.792534127,217530.078480226,858437.450743498
"1756","SLV","2013",0.9991,228275.069691121,240665.422726132,929649.380994964
"1757","SLV","2013",0.9992,254015.5829163,269637.537622093,1015772.37577856
"1758","SLV","2013",0.9993,286604.974805928,306815.227782948,1122363.06694375
"1759","SLV","2013",0.9994,328981.184187485,355964.4312778,1258287.70680386
"1760","SLV","2013",0.9995,385916.131643217,423368.038304142,1438752.36190903
"1761","SLV","2013",0.9996,465553.699982771,520775.841897408,1692598.44281018
"1762","SLV","2013",0.9997,587279.643967064,706033.731689609,2083205.9764482
"1763","SLV","2013",0.9998,871126.683794672,1159735.56564844,2771792.0988275
"1764","SLV","2013",0.9999,1566102.63442529,4383848.63200656,4383848.63200656
"1765","SLV","2014",0.9,0,0,16165.4565471554
"1766","SLV","2014",0.91,0,0,17961.6183857282
"1767","SLV","2014",0.92,0,0,20206.8206839443
"1768","SLV","2014",0.93,0,71.8316033619939,23093.5093530792
"1769","SLV","2014",0.94,355.769175423567,893.66870772909,26930.4556446987
"1770","SLV","2014",0.95,1504.2067948639,2252.67611133091,32137.8130320926
"1771","SLV","2014",0.96,3054.46133937541,3986.2264149629,39609.097262283
"1772","SLV","2014",0.97,5090.73519755659,7143.35328661825,51483.387544723
"1773","SLV","2014",0.98,9864.9295469047,14647.9236740111,73653.4046737754
"1774","SLV","2014",0.99,21940.0931541548,23162.8057359594,132658.88567354
"1775","SLV","2014",0.991,24460.9472227994,25934.1427529424,144825.116777715
"1776","SLV","2014",0.992,27510.0974727554,29336.5214207855,159686.488530812
"1777","SLV","2014",0.993,31317.857672572,33693.9242871662,178307.912403673
"1778","SLV","2014",0.994,36320.3757172166,39601.122928183,202410.243756424
"1779","SLV","2014",0.995,43308.4053398234,48166.9104347983,234972.067922072
"1780","SLV","2014",0.996,53797.6717198445,61590.1999479986,281673.357293891
"1781","SLV","2014",0.997,70956.2420015552,85994.376545681,355034.409742521
"1782","SLV","2014",0.998,105992.016505544,144873.918974464,489554.426340941
"1783","SLV","2014",0.999,203410.949021659,213096.683299002,834234.933707419
"1784","SLV","2014",0.9991,223389.533756951,235082.786484256,903250.294863901
"1785","SLV","2014",0.9992,247586.48452525,262001.525491655,986771.233411345
"1786","SLV","2014",0.9993,277549.380780588,295854.677602157,1090309.76311414
"1787","SLV","2014",0.9994,315850.962698398,340161.445798896,1222718.94403278
"1788","SLV","2014",0.9995,367254.945436621,401984.934720906,1399230.44367952
"1789","SLV","2014",0.9996,442037.727029607,498565.667548232,1648541.8209191
"1790","SLV","2014",0.9997,568352.439052143,688791.091661251,2031867.20537648
"1791","SLV","2014",0.9998,852339.427352276,1146518.68155285,2703405.2622341
"1792","SLV","2014",0.9999,1562186.28973125,4260291.84291536,4260291.84291536
"1793","SLV","2015",0.9,0,0,15766.3477019129
"1794","SLV","2015",0.91,0,0,17518.1641132366
"1795","SLV","2015",0.92,0,0,19707.9346273911
"1796","SLV","2015",0.93,0,128.158374778445,22523.3538598756
"1797","SLV","2015",0.94,477.693205558147,1028.84411110404,26255.8864407251
"1798","SLV","2015",0.95,1652.74941307614,2413.24588772062,31301.2949066493
"1799","SLV","2015",0.96,3225.04715608126,4160.84888448622,38523.3071613814
"1800","SLV","2015",0.97,5276.24745342066,7343.62231969344,49977.4599203465
"1801","SLV","2015",0.98,10082.1440089338,14939.467707393,71294.378720673
"1802","SLV","2015",0.99,22281.3673972547,23519.4722491197,127649.289733953
"1803","SLV","2015",0.991,24837.9887565597,26340.7405847153,139219.26945449
"1804","SLV","2015",0.992,27949.0391597915,29802.0585730927,153329.085563212
"1805","SLV","2015",0.993,31799.5007972683,34178.3172639919,170975.803704658
"1806","SLV","2015",0.994,36811.814227809,40139.9812629817,193775.384778102
"1807","SLV","2015",0.995,43932.4269595559,48972.4868055205,224502.465481126
"1808","SLV","2015",0.996,54821.9436549482,62713.4431733153,268384.960150027
"1809","SLV","2015",0.997,72037.7978218891,86984.9675417363,336942.132475598
"1810","SLV","2015",0.998,106835.058792754,143542.083849729,461920.714942529
"1811","SLV","2015",0.999,200713.611992553,210583.17908594,780299.346035329
"1812","SLV","2015",0.9991,221090.36467599,233045.904817046,843601.142363032
"1813","SLV","2015",0.9992,245826.429648713,260516.056498047,919920.547056269
"1814","SLV","2015",0.9993,276315.897716222,294760.029172146,1014121.18856457
"1815","SLV","2015",0.9994,314792.85413628,338793.247613281,1134014.71512995
"1816","SLV","2015",0.9995,365308.600257209,398635.173433561,1293059.00863325
"1817","SLV","2015",0.9996,436683.343892806,489444.842029475,1516664.96743311
"1818","SLV","2015",0.9997,554077.407271748,663830.503052435,1859071.67590137
"1819","SLV","2015",0.9998,812711.217082856,1085416.33366629,2456692.26232584
"1820","SLV","2015",0.9999,1468089.77997979,3827968.1909854,3827968.1909854
"1821","SLV","2016",0.9,0,0,15835.8709536172
"1822","SLV","2016",0.91,0,0,17595.4121706858
"1823","SLV","2016",0.92,0,0,19794.8386920215
"1824","SLV","2016",0.93,0,118.392182327917,22622.6727908817
"1825","SLV","2016",0.94,507.15083207884,1157.26519779354,26373.3862256407
"1826","SLV","2016",0.95,1872.50147163913,2656.26037907087,31416.6104312101
"1827","SLV","2016",0.96,3442.94564205363,4361.44877216381,38606.6979442449
"1828","SLV","2016",0.97,5508.92611474096,7566.31795219452,50021.7810016052
"1829","SLV","2016",0.98,10238.8106394348,15059.9860927052,71249.5125263106
"1830","SLV","2016",0.99,22483.0956954774,23732.5919383069,127439.038959916
"1831","SLV","2016",0.991,25062.0160156132,26578.4963021982,138961.977517872
"1832","SLV","2016",0.992,28205.4193204104,30101.7711332806,153009.912669832
"1833","SLV","2016",0.993,32163.8066772072,34642.5797917467,170568.218603625
"1834","SLV","2016",0.994,37383.170903905,40801.769713961,193222.491738938
"1835","SLV","2016",0.995,44659.2417206401,49695.6360813338,223706.636143933
"1836","SLV","2016",0.996,55521.9932290102,63573.8389940449,267209.386159583
"1837","SLV","2016",0.997,73228.7459066763,88146.7874615582,335087.901881429
"1838","SLV","2016",0.998,107366.683847029,143739.474135483,458558.459091364
"1839","SLV","2016",0.999,200662.406466993,210587.46138833,773377.444047245
"1840","SLV","2016",0.9991,221191.380155356,233354.067335805,835909.664342672
"1841","SLV","2016",0.9992,246412.891053796,261560.492700229,911229.11396852
"1842","SLV","2016",0.9993,277928.047723726,297196.978139099,1004038.91700683
"1843","SLV","2016",0.9994,318197.239914828,343434.846001667,1121845.9068181
"1844","SLV","2016",0.9995,371280.996020972,405801.104733133,1277528.11898135
"1845","SLV","2016",0.9996,444637.542498674,495500.0634821,1495459.87254335
"1846","SLV","2016",0.9997,555511.260564047,655540.3571181,1828779.80889747
"1847","SLV","2016",0.9998,793698.657211136,1052172.83213921,2415399.53478715
"1848","SLV","2016",0.9999,1412324.60917814,3778626.23743509,3778626.23743509
"1849","SLV","2017",0.9,0,0,16186.1707036119
"1850","SLV","2017",0.91,0,0,17984.6341151243
"1851","SLV","2017",0.92,0,0,20232.7133795148
"1852","SLV","2017",0.93,0,189.710227214565,23123.1010051598
"1853","SLV","2017",0.94,644.650530934682,1308.23053101795,26945.332801484
"1854","SLV","2017",0.95,2040.68343384263,2872.47022861832,32072.7532555773
"1855","SLV","2017",0.96,3717.65014698672,4614.75569773739,39372.8240123169
"1856","SLV","2017",0.97,5721.64523095268,7786.31502820047,50958.8467838434
"1857","SLV","2017",0.98,10475.3395469282,15322.0838586846,72545.1126616649
"1858","SLV","2017",0.99,22828.9052624391,24088.362245061,129768.141464645
"1859","SLV","2017",0.991,25427.7242659543,26956.8288939433,141510.33915571
"1860","SLV","2017",0.992,28600.1194452382,30529.4566627931,155829.527938431
"1861","SLV","2017",0.993,32636.4311771567,35178.2755951312,173729.538120665
"1862","SLV","2017",0.994,37986.1879180388,41467.3154906864,196821.415208254
"1863","SLV","2017",0.995,45377.8282954257,50443.3161997336,227892.235151767
"1864","SLV","2017",0.996,56296.3670368115,64480.7289345967,272254.464889776
"1865","SLV","2017",0.997,74376.9489871852,89760.1507460603,341512.376874836
"1866","SLV","2017",0.998,109645.645227634,146748.246707885,467388.489939223
"1867","SLV","2017",0.999,202301.992170468,211907.465183678,788028.733170561
"1868","SLV","2017",0.9991,222218.963137166,234188.041951539,852042.207391318
"1869","SLV","2017",0.9992,247129.192669248,262377.996936581,929273.978071279
"1870","SLV","2017",0.9993,278994.221925517,298891.133229884,1024544.83251908
"1871","SLV","2017",0.9994,320749.569505617,347344.182032995,1145487.11573392
"1872","SLV","2017",0.9995,376776.157560725,412978.702059126,1305115.70247407
"1873","SLV","2017",0.9996,453122.056420135,502076.543490685,1528149.95257775
"1874","SLV","2017",0.9997,557151.933262224,648864.583776418,1870174.42227381
"1875","SLV","2017",0.9998,780117.046700191,1033240.20084233,2480829.34152251
"1876","SLV","2017",0.9999,1381710.54614746,3928418.48220269,3928418.48220269
"1877","URY","2009",0.9,250457.940814293,257932.161003063,502232.399481553
"1878","URY","2009",0.91,265828.270268636,273839.923470219,529376.870423607
"1879","URY","2009",0.92,282091.159762321,291194.957069226,561318.988792781
"1880","URY","2009",0.93,301812.389338511,314088.542162739,599908.13618186
"1881","URY","2009",0.94,327366.944337773,343120.879103483,647544.735185047
"1882","URY","2009",0.95,360647.638523701,379907.271920776,708429.50640136
"1883","URY","2009",0.96,400864.478614591,429833.573620247,790560.065021505
"1884","URY","2009",0.97,463644.401689815,509621.542124665,910802.228821924
"1885","URY","2009",0.98,563522.3839266,645704.608689902,1111392.57217055
"1886","URY","2009",0.99,760307.424324355,777548.161235952,1577080.53565121
"1887","URY","2009",0.991,794870.246666709,814082.380325523,1665917.46614179
"1888","URY","2009",0.992,833800.071635999,858953.310031501,1772396.85186882
"1889","URY","2009",0.993,886430.485661582,917845.742722796,1902888.78641701
"1890","URY","2009",0.994,952650.687159564,991479.973533932,2067062.62703271
"1891","URY","2009",0.995,1033878.98962282,1087714.1874971,2282179.15773247
"1892","URY","2009",0.996,1149756.74826227,1226797.62960187,2580795.40029132
"1893","URY","2009",0.997,1317517.91459403,1456314.92278345,3032127.99052113
"1894","URY","2009",0.998,1622352.41565374,1904871.24244902,3820034.52438997
"1895","URY","2009",0.999,2323258.02806725,2379699.90589143,5735197.80633092
"1896","URY","2009",0.9991,2445508.40673918,2517390.85267087,6108030.90637971
"1897","URY","2009",0.9992,2594785.9913973,2683249.2666373,6556860.91309325
"1898","URY","2009",0.9993,2772614.95897659,2879456.61823516,7110234.00544402
"1899","URY","2009",0.9994,3016491.74990185,3163384.44143461,7815363.56997869
"1900","URY","2009",0.9995,3323349.43900848,3537054.52440595,8745759.39568731
"1901","URY","2009",0.9996,3792686.54671892,4078818.75158184,10047935.6135073
"1902","URY","2009",0.9997,4414966.27550963,4858370.39366965,12037641.2341513
"1903","URY","2009",0.9998,5442555.93980084,6471744.70280604,15627276.6543921
"1904","URY","2009",0.9999,8084089.17682832,24782808.6059782,24782808.6059782
"1905","URY","2010",0.9,290253.694334981,298340.524787425,574705.201052706
"1906","URY","2010",0.91,306776.549832766,315161.193498119,605412.387304404
"1907","URY","2010",0.92,324399.559231593,335680.640309672,641693.786530189
"1908","URY","2010",0.93,347969.168894896,361675.182709106,685409.950275977
"1909","URY","2010",0.94,376580.007757693,394647.765926171,739365.744870456
"1910","URY","2010",0.95,414454.329798123,435852.705525046,808309.340659313
"1911","URY","2010",0.96,460768.2832199,495146.013397587,901423.499442879
"1912","URY","2010",0.97,535095.488871279,587779.314628143,1036849.32812464
"1913","URY","2010",0.98,649416.104183269,743478.03752618,1261384.33487289
"1914","URY","2010",0.99,876124.928619264,894189.40056949,1779290.63221961
"1915","URY","2010",0.991,913792.070857198,934645.087748994,1877635.21351406
"1916","URY","2010",0.992,958205.841880461,986533.512371839,1995508.9792347
"1917","URY","2010",0.993,1017956.81699325,1052114.2922952,2139648.33164368
"1918","URY","2010",0.994,1091616.21607804,1135503.23929547,2320904.00486842
"1919","URY","2010",0.995,1183622.34968354,1245449.33436796,2557984.15798301
"1920","URY","2010",0.996,1313223.32016575,1402173.84084109,2886117.86388677
"1921","URY","2010",0.997,1511179.22897663,1662758.19263044,3380765.87156867
"1922","URY","2010",0.998,1854664.73983133,2176921.3043519,4239769.71103778
"1923","URY","2010",0.999,2639613.81544021,2708621.73616912,6302618.11772366
"1924","URY","2010",0.9991,2778777.48778122,2850336.50253455,6701951.04900745
"1925","URY","2010",0.9992,2940108.93489857,3040632.50263401,7183402.86731649
"1926","URY","2010",0.9993,3146936.32419509,3278394.72460215,7775227.20512818
"1927","URY","2010",0.9994,3409272.27154835,3608536.32110681,8524699.28521573
"1928","URY","2010",0.9995,3804110.27582518,4024298.98490684,9507931.87803727
"1929","URY","2010",0.9996,4252101.10857198,4579768.26900748,10878840.1013195
"1930","URY","2010",0.9997,4906469.05062395,5466522.60270138,12978530.7120925
"1931","URY","2010",0.9998,6061840.2853743,7110493.67352685,16734534.7667881
"1932","URY","2010",0.9999,8513206.18361466,26358575.8600493,26358575.8600493
"1933","URY","2011",0.9,324562.040118909,333180.468673527,655114.878638559
"1934","URY","2011",0.91,342237.203846707,351201.752977037,690885.368634674
"1935","URY","2011",0.92,361541.023866488,373829.952384852,733345.820591879
"1936","URY","2011",0.93,387337.042268716,401989.557585918,784705.23033574
"1937","URY","2011",0.94,418273.633578982,437801.113959125,848491.175794044
"1938","URY","2011",0.95,459051.14553839,482339.579514765,930629.188161028
"1939","URY","2011",0.96,510222.017475403,547614.038780864,1042701.59032259
"1940","URY","2011",0.97,590705.091294896,648036.935636115,1207730.77416984
"1941","URY","2011",0.98,715182.635616027,821760.08584023,1487577.6934367
"1942","URY","2011",0.99,972619.036904499,994645.153458603,2153395.30103316
"1943","URY","2011",0.991,1017947.16391299,1045116.15988379,2282145.31743033
"1944","URY","2011",0.992,1075110.63310753,1106889.10848661,2436773.96212365
"1945","URY","2011",0.993,1141619.33102739,1183042.62920554,2626757.51264323
"1946","URY","2011",0.994,1229134.12064335,1280929.77250164,2867376.65988284
"1947","URY","2011",0.995,1337272.14724506,1408017.23664783,3184666.03735908
"1948","URY","2011",0.996,1486955.22273221,1597783.01634202,3628828.2375369
"1949","URY","2011",0.997,1728961.29831324,1913235.90548166,4305843.31126852
"1950","URY","2011",0.998,2139078.00958419,2529012.802933,5502147.01416196
"1951","URY","2011",0.999,3060562.64875775,3146177.36267541,8475281.2253909
"1952","URY","2011",0.9991,3235032.78479797,3325536.82870731,9067403.87680366
"1953","URY","2011",0.9992,3425582.38695946,3549040.57495954,9785137.25781561
"1954","URY","2011",0.9993,3681905.93325018,3818017.78240798,10676008.2125092
"1955","URY","2011",0.9994,3986370.97543422,4199982.1710696,11819006.6175258
"1956","URY","2011",0.9995,4445321.32815663,4736260.14302778,13342811.5068168
"1957","URY","2011",0.9996,5016293.80174267,5383668.58540846,15494449.3477634
"1958","URY","2011",0.9997,5768746.963517,6398287.05843075,18864709.6018855
"1959","URY","2011",0.9998,7268930.04333362,8814186.79802812,25097920.8736129
"1960","URY","2011",0.9999,11187959.4728876,41381654.9491975,41381654.9491975
"1961","URY","2012",0.9,378549.049919815,389151.510685138,766253.725886821
"1962","URY","2012",0.91,399811.261382065,410206.191366092,808153.972020341
"1963","URY","2012",0.92,422989.920384227,437700.796168028,857897.444602122
"1964","URY","2012",0.93,453793.787921477,471766.568184316,917925.537235564
"1965","URY","2012",0.94,491593.10404002,514676.745074995,992285.365410772
"1966","URY","2012",0.95,539643.061264806,568647.901930572,1087807.08947793
"1967","URY","2012",0.96,604660.934714769,651372.781990026,1217596.88636477
"1968","URY","2012",0.97,703958.906073341,772971.160443662,1406338.25448968
"1969","URY","2012",0.98,852801.639904367,980279.526571555,1723021.80151269
"1970","URY","2012",0.99,1155361.92195352,1180751.39342087,2465764.07645382
"1971","URY","2012",0.991,1208236.07140326,1238791.24302023,2608543.26345748
"1972","URY","2012",0.992,1271014.63291464,1309833.99150355,2779762.26601214
"1973","URY","2012",0.993,1351777.31102115,1397837.51850421,2989752.01951337
"1974","URY","2012",0.994,1447052.12520345,1505141.78178147,3255071.10301489
"1975","URY","2012",0.995,1569893.29082366,1652243.98287131,3605056.96726158
"1976","URY","2012",0.996,1741943.70822916,1868845.52049189,4093260.21335915
"1977","URY","2012",0.997,2009836.65079631,2221906.6186548,4834731.77764823
"1978","URY","2012",0.998,2476338.95473519,2913321.11495594,6141144.35714495
"1979","URY","2012",0.999,3499786.01657806,3595636.36773336,9368967.59933398
"1980","URY","2012",0.9991,3690722.67502873,3797111.81927358,10010448.8472895
"1981","URY","2012",0.9992,3911230.62490748,4029851.25502309,10787115.9757914
"1982","URY","2012",0.9993,4163476.01959306,4327118.34281263,11752439.5073296
"1983","URY","2012",0.9994,4516297.36064362,4723301.2418053,12989993.0347488
"1984","URY","2012",0.9995,4945812.03896916,5267698.3299625,14643331.3933372
"1985","URY","2012",0.9996,5635403.43072339,6114847.21801799,16987239.6591802
"1986","URY","2012",0.9997,6668854.59759235,7439006.91584273,20611370.4729049
"1987","URY","2012",0.9998,8368848.13627408,10194411.7600663,27197552.2514361
"1988","URY","2012",0.9999,12705471.0754171,44200692.7428059,44200692.7428058
"1989","URY","2013",0.9,427641.334616225,438620.980535723,856957.979815747
"1990","URY","2013",0.91,449230.480953138,460209.451791025,903439.868624639
"1991","URY","2013",0.92,474137.541181343,489717.579270932,958843.67072884
"1992","URY","2013",0.93,506536.161784264,525675.361898483,1025861.68379426
"1993","URY","2013",0.94,546975.135977317,571495.462881807,1109226.07077688
"1994","URY","2013",0.95,598180.440167499,628063.736441318,1216772.1923559
"1995","URY","2013",0.96,664803.12702976,713387.515530422,1363949.30633454
"1996","URY","2013",0.97,768392.266696725,841023.753216274,1580803.23660259
"1997","URY","2013",0.98,927031.418466157,1063620.67768542,1950692.97829574
"1998","URY","2013",0.99,1251470.61760229,1279883.78073813,2837765.27890607
"1999","URY","2013",0.991,1310044.08176567,1342424.36164047,3010863.22314695
"2000","URY","2013",0.992,1377760.24743441,1418684.24040985,3219418.08083525
"2001","URY","2013",0.993,1462983.95369198,1515830.85917785,3476665.7723246
"2002","URY","2013",0.994,1572171.89692141,1637248.41247019,3803471.59118239
"2003","URY","2013",0.995,1709855.08795777,1803521.90080529,4236716.22692483
"2004","URY","2013",0.996,1909094.85153582,2051742.04972157,4845014.80845471
"2005","URY","2013",0.997,2213344.31368959,2446120.22375331,5776105.72803243
"2006","URY","2013",0.998,2735774.38898454,3232793.15578302,7441098.48017198
"2007","URY","2013",0.999,3937537.75530052,4063660.35682401,11649403.8045609
"2008","URY","2013",0.9991,4181121.96942493,4311884.79252983,12492264.1876427
"2009","URY","2013",0.9992,4437122.44732721,4590388.73710104,13514811.6120317
"2010","URY","2013",0.9993,4751710.99462072,4953865.50320036,14789729.165593
"2011","URY","2013",0.9994,5170573.01385804,5385349.87768388,16429039.7759915
"2012","URY","2013",0.9995,5650806.25454831,5985294.60538495,18637777.7556525
"2013","URY","2013",0.9996,6374123.05117228,6846946.35920065,21800898.5432185
"2014","URY","2013",0.9997,7422285.8941255,8546060.8731092,26785549.27123
"2015","URY","2013",0.9998,9928409.37968764,12095412.2109553,35905293.4702904
"2016","URY","2013",0.9999,15197503.1781084,59715174.7296256,59715174.7296255
"2017","URY","2014",0.9,486139.120430877,497162.117880826,980918.438084268
"2018","URY","2014",0.91,507982.934323926,522975.849527003,1034669.14032909
"2019","URY","2014",0.92,538956.069723641,556942.864926748,1098630.80167936
"2020","URY","2014",0.93,576235.908196249,598341.763484495,1176014.79264401
"2021","URY","2014",0.94,622617.575374373,650597.999115192,1272293.63083727
"2022","URY","2014",0.95,679066.886589031,716915.493402782,1396632.75718168
"2023","URY","2014",0.96,760373.959113667,815982.976326232,1566562.07312641
"2024","URY","2014",0.97,879001.21997461,961282.32635823,1816755.10539313
"2025","URY","2014",0.98,1059629.54271739,1219444.92367364,2244491.49491058
"2026","URY","2014",0.99,1439169.52730211,1472635.25949374,3269538.06614753
"2027","URY","2014",0.991,1508465.7534725,1549082.65494653,3469193.9335535
"2028","URY","2014",0.992,1593235.43235774,1645722.29905374,3709207.84337937
"2029","URY","2014",0.993,1702496.45749384,1764897.51100785,4003991.49256875
"2030","URY","2014",0.994,1834100.56160714,1919786.35817508,4377173.8228289
"2031","URY","2014",0.995,2009390.66808254,2129146.84573563,4868651.31575966
"2032","URY","2014",0.996,2261496.60085961,2436846.43444656,5553527.43326567
"2033","URY","2014",0.997,2646529.69446505,2935357.27372714,6592421.09953871
"2034","URY","2014",0.998,3293582.73230126,3893616.68326917,8420953.0124445
"2035","URY","2014",0.999,4759359.28514159,4894280.74034492,12948289.3416198
"2036","URY","2014",0.9991,5026582.05381903,5167723.61504826,13843179.1862058
"2037","URY","2014",0.9992,5314418.08265961,5501441.80929548,14927611.1326004
"2038","URY","2014",0.9993,5700341.12201468,5951826.96315989,16274206.7502151
"2039","URY","2014",0.9994,6230390.50224119,6596109.55521794,17994603.3813907
"2040","URY","2014",0.9995,6974843.8875107,7422468.81994264,20274302.1466247
"2041","URY","2014",0.9996,7911582.78608294,8580307.34417998,23487260.4782944
"2042","URY","2014",0.9997,9413728.62115038,10664714.0573853,28456244.856338
"2043","URY","2014",0.9998,12510414.6695006,15622261.6273268,37352010.2558143
"2044","URY","2014",0.9999,19481755.4652458,59081758.884302,59081758.884302
"2045","URY","2015",0.9,541230.935084718,552781.115361658,1110074.66901311
"2046","URY","2015",0.91,564785.739430501,580905.74876597,1171996.17497438
"2047","URY","2015",0.92,598327.501817171,617779.298543059,1245882.47825044
"2048","URY","2015",0.93,638864.842454356,663365.158637832,1335611.50392292
"2049","URY","2015",0.94,690191.014225984,721298.340611194,1447652.56147043
"2050","URY","2015",0.95,752960.3939657,794206.510417837,1592923.40564228
"2051","URY","2015",0.96,841845.482432884,904108.379324501,1792602.62944839
"2052","URY","2015",0.97,974658.047296659,1066803.92121716,2088767.37948968
"2053","URY","2015",0.98,1176865.48997759,1356891.80564555,2599749.10862595
"2054","URY","2015",0.99,1609449.42524889,1648589.10211397,3842606.41160635
"2055","URY","2015",0.991,1690322.91766796,1736598.67206229,4086386.11266106
"2056","URY","2015",0.992,1786972.57208492,1846906.55034788,4380109.5427359
"2057","URY","2015",0.993,1908913.92610227,1981982.47615256,4741995.68450562
"2058","URY","2015",0.994,2061772.74594944,2157163.98238044,5201997.8858978
"2059","URY","2015",0.995,2265935.85732475,2399568.84485164,5810964.66660126
"2060","URY","2015",0.996,2556225.20269774,2764647.29711462,6663813.62203867
"2061","URY","2015",0.997,3008000.18748994,3344656.89492312,7963535.7303467
"2062","URY","2015",0.998,3749557.52498357,4459850.29409776,10272975.1480585
"2063","URY","2015",0.999,5514647.86126788,5693023.50081089,16086100.0020192
"2064","URY","2015",0.9991,5882118.22701334,6071162.84556052,17240886.2799311
"2065","URY","2015",0.9992,6264739.27755696,6499984.02521345,18637101.7092272
"2066","URY","2015",0.9993,6756680.25139381,7071412.50276708,20370975.6640861
"2067","URY","2015",0.9994,7392526.77503043,7808159.84066155,22587569.5243054
"2068","URY","2015",0.9995,8263539.47653068,8792050.20975214,25543451.4610336
"2069","URY","2015",0.9996,9465729.61957451,10270909.2012383,29731301.7738528
"2070","URY","2015",0.9997,11273752.4245729,13061193.6474228,36218099.2980648
"2071","URY","2015",0.9998,15278565.2841788,18531454.1414175,47796552.1233859
"2072","URY","2015",0.9999,23335209.784781,77061650.1053541,77061650.1053542
"2073","URY","2016",0.9,606348.803949376,616894.20837649,1281431.47283031
"2074","URY","2016",0.91,632396.833690147,651225.630653826,1355268.94665851
"2075","URY","2016",0.92,671153.115957221,693488.428017555,1443274.3611591
"2076","URY","2016",0.93,717598.024680351,745661.215012741,1550386.63732217
"2077","URY","2016",0.94,775297.64036265,809587.663929249,1684507.54104041
"2078","URY","2016",0.95,845052.904880255,891936.078561687,1859491.51646265
"2079","URY","2016",0.96,946023.013381849,1015924.18870613,2101380.37593788
"2080","URY","2016",0.97,1094415.4955703,1199280.99691628,2463199.10501513
"2081","URY","2016",0.98,1326294.15464794,1537066.74348091,3095158.15906456
"2082","URY","2016",0.99,1835608.25954164,1884627.79520273,4653249.57464821
"2083","URY","2016",0.991,1937514.75150442,1996547.89815423,4960874.21680882
"2084","URY","2016",0.992,2058822.66095793,2130837.74190957,5331415.00664064
"2085","URY","2016",0.993,2208680.98863662,2304572.77508037,5788640.33017365
"2086","URY","2016",0.994,2408062.94422495,2527064.33172714,6369318.25602253
"2087","URY","2016",0.995,2664889.48116518,2843408.14896997,7137769.04088161
"2088","URY","2016",0.996,3046124.30901175,3320585.79016058,8211359.26385952
"2089","URY","2016",0.997,3634196.92096204,4083925.26016498,9841617.08842583
"2090","URY","2016",0.998,4637941.3495625,5638201.23793126,12720463.0025563
"2091","URY","2016",0.999,7115240.93428565,7331500.52462306,19802724.7671813
"2092","URY","2016",0.9991,7596260.32167516,7833153.67496833,21188416.3496876
"2093","URY","2016",0.9992,8101915.0016247,8427639.95731927,22857824.1840272
"2094","URY","2016",0.9993,8780095.92942711,9257945.10773379,24919279.0735566
"2095","URY","2016",0.9994,9764967.52490793,10295819.9977257,27529501.4011932
"2096","URY","2016",0.9995,10883439.2665963,11591822.3780258,30976237.681886
"2097","URY","2016",0.9996,12386728.526604,13500044.6525759,35822341.5078497
"2098","URY","2016",0.9997,14916282.2752893,17203136.5186729,43263107.1262825
"2099","URY","2016",0.9998,20158073.3634959,25170495.8784896,56293092.4300873
"2100","URY","2016",0.9999,33517815.8077921,87415688.981685,87415688.9816849
"2101","COL","2014",0.9,0,0,53525345.8994734
"2102","COL","2014",0.91,0,0,59472606.5549705
"2103","COL","2014",0.92,0,0,66906682.3743418
"2104","COL","2014",0.93,0,0,76464779.8563907
"2105","COL","2014",0.94,0,1717.85430225157,89208909.8324558
"2106","COL","2014",0.95,12232780.970876,28407631.1758816,107050348.228087
"2107","COL","2014",0.96,39628504.5423824,47311347.0421453,126711027.491138
"2108","COL","2014",0.97,56178002.8836836,68080166.340321,153177587.640802
"2109","COL","2014",0.98,82491224.3640288,103337366.650783,195726298.291042
"2110","COL","2014",0.99,133312788.32407,137822799.547801,288115229.931301
"2111","COL","2014",0.991,143064467.151068,148212312.855417,304814388.862801
"2112","COL","2014",0.992,154364177.936886,160658376.148032,324389648.363724
"2113","COL","2014",0.993,168219541.903893,176149756.778494,347779830.108823
"2114","COL","2014",0.994,185443872.774465,194792719.622863,376384842.330545
"2115","COL","2014",0.995,206066445.164801,219165710.723518,412703266.872081
"2116","COL","2014",0.996,235586649.871716,254653584.641548,461087655.909221
"2117","COL","2014",0.997,278402633.663514,307506883.687801,529899012.998446
"2118","COL","2014",0.998,347907358.664434,408175420.284687,641095077.653769
"2119","COL","2014",0.999,496518704.892265,498359165.224253,874014735.02285
"2120","COL","2014",0.9991,500197294.525629,507516888.818994,915754242.778244
"2121","COL","2014",0.9992,546814580.027542,557716611.686444,966783912.023144
"2122","COL","2014",0.9993,592667383.442691,605999895.827997,1025222097.78552
"2123","COL","2014",0.9994,649664051.589459,667597285.783118,1095092464.77843
"2124","COL","2014",0.9995,726990586.552227,750402405.819082,1180591500.57747
"2125","COL","2014",0.9996,829665309.382547,866475500.923117,1288138774.26704
"2126","COL","2014",0.9997,1000105280.3014,1073300199.2837,1428693198.71517
"2127","COL","2014",0.9998,1378778021.74239,1533543509.62721,1606389698.4309
"2128","COL","2014",0.9999,1642063285.94416,1679235887.23459,1679235887.23459
"2129","COL","2015",0.9,3.72529029846192e-09,0,60702465.9485698
"2130","COL","2015",0.91,3.72529029846191e-09,0,67447184.3872998
"2131","COL","2015",0.92,3.72529029846191e-09,0,75878082.4357123
"2132","COL","2015",0.93,3.72529029846191e-09,0,86717808.4979569
"2133","COL","2015",0.94,3.72529029846191e-09,4777.06784706316,101170776.58095
"2134","COL","2015",0.95,31220825.0833059,40402094.268749,121403976.48357
"2135","COL","2015",0.96,48224675.5386473,57185098.2352156,141654447.037275
"2136","COL","2015",0.97,67885900.7812453,80683291.5121905,169810896.637962
"2137","COL","2015",0.98,94376946.4795803,112922578.643141,214374699.200848
"2138","COL","2015",0.99,140603781.856096,144710036.495743,315826819.758555
"2139","COL","2015",0.991,149659658.551838,154852069.433015,334839795.676645
"2140","COL","2015",0.992,161136044.149619,167488768.169902,357338261.457099
"2141","COL","2015",0.993,175276809.744601,183194821.165857,384459617.640984
"2142","COL","2015",0.994,192866784.79094,203045094.280444,418003750.386839
"2143","COL","2015",0.995,215764378.984817,228645921.748595,460995481.608118
"2144","COL","2015",0.996,245063941.897885,264701539.766373,519082871.572998
"2145","COL","2015",0.997,289297827.023639,319211138.48595,603876648.841873
"2146","COL","2015",0.998,361143957.292432,413060219.899191,746209404.019835
"2147","COL","2015",0.999,506433444.091029,520849243.936411,1079358588.14048
"2148","COL","2015",0.9991,535265043.781782,546189235.126874,1141415181.94092
"2149","COL","2015",0.9992,580792146.497426,584477632.928212,1215818425.29267
"2150","COL","2015",0.9993,588163119.358979,602440312.260593,1306009967.059
"2151","COL","2015",0.9994,671025118.43972,691202573.121035,1423271576.19205
"2152","COL","2015",0.9995,761163404.694655,769467487.01915,1569685376.80622
"2153","COL","2015",0.9996,777771569.343628,811127516.366237,1769739849.25294
"2154","COL","2015",0.9997,998563294.402579,1073253287.97419,2089277293.54886
"2155","COL","2015",0.9998,1391918996.38843,1715383093.82606,2597289296.33619
"2156","COL","2015",0.9999,2137155392.5338,3479195498.84632,3479195498.84632
"2157","COL","2016",0.9,0,0,64823905.1184771
"2158","COL","2016",0.91,0,0,72026561.2427523
"2159","COL","2016",0.92,0,0,81029881.3980964
"2160","COL","2016",0.93,0,2448.02551744067,92605578.7406816
"2161","COL","2016",0.94,10883922.2692406,26254086.5752483,108039433.859876
"2162","COL","2016",0.95,38329855.7142501,46028041.3986541,124396503.316801
"2163","COL","2016",0.96,53261561.263136,62533660.8899345,143988618.796338
"2164","COL","2016",0.97,73343960.4621811,86103848.4771243,171140271.431805
"2165","COL","2016",0.98,99590816.3353905,119064408.422748,213658482.909146
"2166","COL","2016",0.99,148308611.992378,152793128.897977,308252557.395544
"2167","COL","2016",0.991,158214390.009556,163560917.304692,325525827.228607
"2168","COL","2016",0.992,170059743.178547,176252798.262821,345771440.969096
"2169","COL","2016",0.993,183693196.118772,191792277.865264,369988389.927135
"2170","COL","2016",0.994,201713856.7937,212330287.11885,399687741.937447
"2171","COL","2016",0.995,225494365.333749,239666608.213885,437159232.901167
"2172","COL","2016",0.996,257704060.579005,277077322.506329,486532389.072987
"2173","COL","2016",0.997,301779380.532133,333459467.082195,556350744.595207
"2174","COL","2016",0.998,378222429.247244,429896098.938638,667796383.351713
"2175","COL","2016",0.999,529574603.568877,545977694.206542,905696667.764787
"2176","COL","2016",0.9991,562380784.84421,565988624.857173,945665442.604588
"2177","COL","2016",0.9992,569588921.501089,583289855.119554,993125044.823008
"2178","COL","2016",0.9993,644527759.719785,662759656.629011,1051672929.06635
"2179","COL","2016",0.9994,722933685.849158,730314519.53433,1116491807.80589
"2180","COL","2016",0.9995,737671896.483024,766492734.138266,1193727265.46019
"2181","COL","2016",0.9996,910816628.730833,924747246.142978,1300535898.29064
"2182","COL","2016",0.9997,938677863.555138,996900086.827382,1425798782.34
"2183","COL","2016",0.9998,1402685746.67239,1535213141.39463,1640248130.09631
"2184","COL","2016",0.9999,1655719946.5526,1745283118.79799,1745283118.79799
"2185","COL","2017",0.9,856474.434071866,3657405.45075934,117901224.103662
"2186","COL","2017",0.91,9623054.18807065,20675059.5274881,130594981.731762
"2187","COL","2017",0.92,30552327.3274199,38724370.2047075,144334972.007296
"2188","COL","2017",0.93,45471632.2087639,49464747.3074905,159422200.836237
"2189","COL","2017",0.94,53528125.6584577,57914520.7063473,177748443.091029
"2190","COL","2017",0.95,62826437.2690436,68783960.0600956,201715227.567965
"2191","COL","2017",0.96,75593327.5452576,83988713.9420067,234948044.444932
"2192","COL","2017",0.97,93710294.0536401,106887256.490304,285267821.27924
"2193","COL","2017",0.98,123577925.639586,154674441.629185,374458103.673708
"2194","COL","2017",0.99,202182113.136481,208666198.476239,594241765.718231
"2195","COL","2017",0.991,217054443.282669,225762249.751244,637083495.411786
"2196","COL","2017",0.992,236934960.52962,247656413.47236,688498651.119354
"2197","COL","2017",0.993,261646255.373193,274045131.88917,751476113.640353
"2198","COL","2017",0.994,290394716.337909,308144114.45204,831047943.932217
"2199","COL","2017",0.995,331764458.258956,356030135.410835,935628709.828252
"2200","COL","2017",0.996,389131187.484405,420766599.259855,1080528353.43261
"2201","COL","2017",0.997,466150031.951021,524348920.598677,1300448938.15686
"2202","COL","2017",0.998,622907497.636233,709164447.075903,1688498946.93595
"2203","COL","2017",0.999,795420852.415579,804046492.948845,2667833446.79599
"2204","COL","2017",0.9991,812672133.482111,821297774.015376,2874920886.11231
"2205","COL","2017",0.9992,829923414.548641,903061507.533678,3131623775.1244
"2206","COL","2017",0.9993,1069243362.49893,1268973553.15143,3449989813.35159
"2207","COL","2017",0.9994,1468703743.80397,1668433923.55314,3813492523.38488
"2208","COL","2017",0.9995,1868070791.10842,1868070791.57536,4242504243.35114
"2209","COL","2017",0.9996,1868070792.0423,1868070792.50923,4836112606.29492
"2210","COL","2017",0.9997,1868070792.97619,2792296319.54873,5825459877.55791
"2211","COL","2017",0.9998,2792387112.54367,2793896798.78303,7342041656.5625
"2212","COL","2017",0.9999,11890186514.342,11890186514.342,11890186514.342
"2213","COL","2018",0.9,0,543.32118614968,104615456.369277
"2214","COL","2018",0.91,17390496.877535,27671554.2043514,116239335.596842
"2215","COL","2018",0.92,36404068.1468707,43265938.7262695,127310308.270904
"2216","COL","2018",0.93,48615027.9612953,52721787.6753562,139316646.77728
"2217","COL","2018",0.94,57080356.0795965,61642373.2229579,153749123.294267
"2218","COL","2018",0.95,66772979.7457476,72996360.4530896,172170473.308529
"2219","COL","2018",0.96,80052658.2346689,88673920.7578325,196964001.522389
"2220","COL","2018",0.97,98471094.7323513,112304656.960095,233060695.110574
"2221","COL","2018",0.98,129892605.419599,161837238.43059,293438714.185814
"2222","COL","2018",0.99,209873975.520182,216776069.317626,425040189.941038
"2223","COL","2018",0.991,225820785.653658,235131136.875521,448180647.788083
"2224","COL","2018",0.992,247150380.433477,257586325.965234,474811836.652154
"2225","COL","2018",0.993,271257152.285962,284474883.145535,505844052.464571
"2226","COL","2018",0.994,301758429.02396,318838440.790318,542738914.017743
"2227","COL","2018",0.995,341946506.06019,367214544.486187,587519008.663229
"2228","COL","2018",0.996,402241842.182461,437460926.419921,642595124.707489
"2229","COL","2018",0.997,485969959.217294,545179393.96658,710973190.803344
"2230","COL","2018",0.998,644276105.885596,729165433.109047,793870089.221727
"2231","COL","2018",0.999,805219845.13448,811746262.678687,858574745.334407
"2232","COL","2018",0.9991,818161986.202217,824350039.34477,863777910.07393
"2233","COL","2018",0.9992,830420897.137253,836249883.31374,868706393.915074
"2234","COL","2018",0.9993,841953898.405231,847398856.677447,873343038.286693
"2235","COL","2018",0.9994,852709316.023898,857739335.398378,877667068.5549
"2236","COL","2018",0.9995,862622803.164244,867198207.644241,881652615.186203
"2237","COL","2018",0.9996,871611130.020285,875678346.790982,885266217.071693
"2238","COL","2018",0.9997,879560623.320629,883041477.053948,888462173.831936
"2239","COL","2018",0.9998,886302234.041996,889065951.384648,891172522.220925
"2240","COL","2018",0.9999,891542032.95232,893279093.057206,893279093.057211
"2241","COL","2019",0.9,11595022.9584833,21647279.6881118,112944030.727905
"2242","COL","2019",0.91,30657763.4072623,37781359.3243745,123088114.176771
"2243","COL","2019",0.92,44314853.2708108,48994135.3595488,133751458.533321
"2244","COL","2019",0.93,53028906.1924034,57141239.3198443,145859647.558145
"2245","COL","2019",0.94,61479723.2957436,66119619.498252,160646048.931196
"2246","COL","2019",0.95,71380651.3587162,77814288.2018584,179551334.817784
"2247","COL","2019",0.96,85187490.5098044,93987644.0136663,204985596.471765
"2248","COL","2019",0.97,104044710.102378,118428780.784648,241984913.957799
"2249","COL","2019",0.98,136853479.173953,170601827.423403,303762980.544374
"2250","COL","2019",0.99,221380083.83083,228311541.799182,436924133.665345
"2251","COL","2019",0.991,237480036.6219,246720529.889028,460103310.539363
"2252","COL","2019",0.992,258767436.60658,270349482.221952,486776158.120655
"2253","COL","2019",0.993,285490494.773065,298009158.154792,517694254.677612
"2254","COL","2019",0.994,315105080.569642,333780151.279642,554308437.431415
"2255","COL","2019",0.995,359251951.898538,381316487.909728,598414094.66177
"2256","COL","2019",0.996,412168266.757464,448749969.445358,652688496.349781
"2257","COL","2019",0.997,497740181.759336,555165373.777172,720668005.317921
"2258","COL","2019",0.998,647176990.590263,731242021.201035,803419321.088297
"2259","COL","2019",0.999,810460506.56991,817762595.38591,875596620.975558
"2260","COL","2019",0.9991,824997768.804984,832093604.303611,882022623.818851
"2261","COL","2019",0.9992,839116795.584413,845987967.597206,888263751.258256
"2262","COL","2019",0.9993,852779458.012609,859403139.122166,894303148.924119
"2263","COL","2019",0.9994,865938249.640675,872285249.707786,900119817.224443
"2264","COL","2019",0.9995,878532032.02942,884563450.081495,905686730.727773
"2265","COL","2019",0.9996,890478598.094992,896139468.096992,910967550.88934
"2266","COL","2019",0.9997,901660236.886254,906865587.150209,915910245.153462
"2267","COL","2019",0.9998,911890901.922235,916486685.498703,920432574.155092
"2268","COL","2019",0.9999,920817511.440954,924378462.811478,924378462.811476
"2269","COL","2020",0.9,23235488.8411263,30221914.3218365,113311477.879572
"2270","COL","2020",0.91,36807144.5167099,41933530.9675228,122543651.608209
"2271","COL","2020",0.92,47101228.5106717,51133837.8604842,132619916.688295
"2272","COL","2020",0.93,54917561.7927882,58928096.2341026,144260785.092268
"2273","COL","2020",0.94,63204801.9720618,67821418.8509478,158482899.901962
"2274","COL","2020",0.95,72846810.0039688,79083327.0382972,176615196.112165
"2275","COL","2020",0.96,86185325.3807754,94955243.4586241,200998163.380632
"2276","COL","2020",0.97,104853970.786778,118239201.997927,236345803.354635
"2277","COL","2020",0.98,135705840.037359,167079833.302981,295399104.032989
"2278","COL","2020",0.99,214217600.781507,220947141.125236,423718374.762997
"2279","COL","2020",0.991,230115163.855081,238387777.735527,446248511.83386
"2280","COL","2020",0.992,249416206.727804,259520238.926555,472231103.596151
"2281","COL","2020",0.993,273378335.786196,286155344.530849,502618369.977522
"2282","COL","2020",0.994,303426302.082661,320044968.687386,538695540.885301
"2283","COL","2020",0.995,343444841.372795,366614125.715842,582425655.324884
"2284","COL","2020",0.996,398764991.434431,431835676.085116,636378537.727144
"2285","COL","2020",0.997,480213032.284908,536200242.975212,704559491.60782
"2286","COL","2020",0.998,634895656.458766,719788315.967752,788739115.924125
"2287","COL","2020",0.999,797960014.872024,804935562.353914,857689915.880497
"2288","COL","2020",0.9991,811822322.479028,818525239.593163,863551510.716783
"2289","COL","2020",0.9992,825132864.194746,831542333.12033,869179794.607236
"2290","COL","2020",0.9993,837848615.337819,843939151.109826,874556574.81965
"2291","COL","2020",0.9994,849916666.140087,855656153.838507,879659478.771287
"2292","COL","2020",0.9995,861269940.568029,866616308.90792,884460143.75784
"2293","COL","2020",0.9996,871819830.763736,876714853.956959,888921102.470319
"2294","COL","2020",0.9997,881442170.55043,885798179.73619,892989851.974779
"2295","COL","2020",0.9998,889946099.563306,893609903.855704,896585688.094072
"2296","COL","2020",0.9999,896983644.401616,899561472.33244,899561472.332442
"2297","COL","2021",0.9,38264316.4982381,42950855.9590603,133301381.785987
"2298","COL","2021",0.91,47917827.2655452,51883654.5083997,143340329.10009
"2299","COL","2021",0.92,55618730.1422849,59512885.8688932,154772413.424051
"2300","COL","2021",0.93,63668402.0806736,68027957.6005229,168380917.360502
"2301","COL","2021",0.94,72556111.3850303,77982826.8691589,185106410.653832
"2302","COL","2021",0.95,84008893.4791481,91202632.6655062,206531127.410766
"2303","COL","2021",0.96,99315195.6167033,109392626.774701,235363251.097081
"2304","COL","2021",0.97,121053418.353042,137038257.228008,277353459.204541
"2305","COL","2021",0.98,158931690.939985,198024672.432708,347511060.192808
"2306","COL","2021",0.99,256128124.327504,264121346.58059,496997447.952909
"2307","COL","2021",0.991,275122359.621987,284595879.134319,522872570.327611
"2308","COL","2021",0.992,297594564.458463,310709405.441593,552657156.726772
"2309","COL","2021",0.993,328527946.822165,343443554.312955,587221121.196084
"2310","COL","2021",0.994,363904980.11501,382905592.191483,627850715.676605
"2311","COL","2021",0.995,409245896.381171,433965110.049582,676839740.37363
"2312","COL","2021",0.996,469989053.706035,503916663.523529,737558397.954641
"2313","COL","2021",0.997,561477498.741176,632093001.241936,815438976.098345
"2314","COL","2021",0.998,747038257.323443,842115027.334274,907111963.52655
"2315","COL","2021",0.999,923181637.877882,929653268.39873,972108899.718825
"2316","COL","2021",0.9991,935965622.348145,941954348.168459,976826192.087724
"2317","COL","2021",0.9992,947778572.348144,953267903.632954,981185172.577632
"2318","COL","2021",0.9993,958586646.88181,963557244.308167,985173353.855442
"2319","COL","2021",0.9994,968350016.316003,972778676.836868,988776038.779988
"2320","COL","2021",0.9995,977020669.336979,980878693.573099,991975511.168612
"2321","COL","2021",0.9996,984538835.093762,987789166.428824,994749715.567489
"2322","COL","2021",0.9997,990826591.228326,993418135.234822,997069898.61371
"2323","COL","2021",0.9998,995774777.886501,997628516.613897,998895780.303161
"2324","COL","2021",0.9999,999209095.29917,1000163043.99242,1000163043.99242
"2325","COL","2022",0.9,53605291.8970138,56554069.3312365,161664662.830211
"2326","COL","2022",0.91,59778377.3784261,63087827.4531696,173343617.663431
"2327","COL","2022",0.92,66712268.1557731,70556024.9684206,187125591.439713
"2328","COL","2022",0.93,74770617.5706275,79371217.0643672,203778386.649898
"2329","COL","2022",0.94,84520734.0456248,90328219.2519071,224512914.914153
"2330","COL","2022",0.95,97023878.4749611,105030326.000861,251349854.046603
"2331","COL","2022",0.96,114361837.506326,124877404.827067,287929736.058038
"2332","COL","2022",0.97,137260993.422242,157130831.857001,342280513.135028
"2333","COL","2022",0.98,182942283.662248,228137246.945192,434855353.774041
"2334","COL","2022",0.99,296777551.807949,304773391.152899,641573460.60289
"2335","COL","2022",0.991,316848984.393599,328438706.902452,678995690.541778
"2336","COL","2022",0.992,344992863.733251,359058269.22955,722815313.496694
"2337","COL","2022",0.993,379434224.198509,393896112.736248,774780605.534857
"2338","COL","2022",0.994,415870149.689712,438170189.223504,838261354.334626
"2339","COL","2022",0.995,470376992.146035,497726924.026426,918279587.35685
"2340","COL","2022",0.996,545497266.65017,589768889.363243,1023417753.18946
"2341","COL","2022",0.997,661945561.008002,754405070.980353,1167967374.46486
"2342","COL","2022",0.998,913286520.30956,1101048631.41946,1374748526.20711
"2343","COL","2022",0.999,1536902386.97481,1600633411.17299,1648448420.99476
"2344","COL","2022",0.9991,1653738431.1285,1653761196.88173,1653761199.86385
"2345","COL","2022",0.9992,1653761200.23661,1653761200.23663,1653761200.23661
"2346","COL","2022",0.9993,1653761200.23661,1653761200.23661,1653761200.23661
"2347","COL","2022",0.9994,1653761200.23661,1653761200.23661,1653761200.23661
"2348","COL","2022",0.9995,1653761200.23661,1653761200.23661,1653761200.23661
"2349","COL","2022",0.9996,1653761200.23661,1653761200.23662,1653761200.23661
"2350","COL","2022",0.9997,1653761200.23661,1653761200.23661,1653761200.23661
"2351","COL","2022",0.9998,1653761200.23661,1653761200.23661,1653761200.23661
"2352","COL","2022",0.9999,1653761200.23661,1653761200.23661,1653761200.23661
"2353","COL","2023",0.9,61323240.0252348,64273446.3978807,165512294.362277
"2354","COL","2023",0.91,67507892.2424502,71009165.2804435,176761055.24721
"2355","COL","2023",0.92,74874431.1169872,78832341.8646196,189980041.493056
"2356","COL","2023",0.93,83204477.0687768,88071940.2947175,205858284.297119
"2357","COL","2023",0.94,93366832.8898026,99299347.6171987,225489341.630852
"2358","COL","2023",0.95,106118362.887894,114443708.416469,250727340.433583
"2359","COL","2023",0.96,123993641.400894,135123120.344485,284798248.437861
"2360","COL","2023",0.97,147357603.952273,166294300.113915,334689957.80232
"2361","COL","2023",0.98,191436032.377172,235208557.075136,418887786.646522
"2362","COL","2023",0.99,300334014.157228,308572181.991667,602567016.217908
"2363","COL","2023",0.991,320810548.395191,330861634.785831,635233108.909713
"2364","COL","2023",0.992,345910222.899598,358092743.963426,673279543.175198
"2365","COL","2023",0.993,376412355.992825,391355458.462921,718306228.77688
"2366","COL","2023",0.994,414085234.406009,433576757.218232,772798023.829206
"2367","COL","2023",0.995,463355531.089778,486944061.286539,840642277.151401
"2368","COL","2023",0.996,524995635.702892,567541831.803493,929066831.117617
"2369","COL","2023",0.997,638616236.793491,713423648.362731,1049575164.22232
"2370","COL","2023",0.998,846948144.938164,993335485.288649,1217650922.15212
"2371","COL","2023",0.999,1161265238.11897,1181340630.80212,1441966359.01559
"2372","COL","2023",0.9991,1201842581.78196,1223275998.29452,1470924773.26153
"2373","COL","2023",0.9992,1245219134.4663,1268287513.57236,1501880870.1324
"2374","COL","2023",0.9993,1291978787.93758,1317064497.39321,1535251349.64097
"2375","COL","2023",0.9994,1342933712.53629,1370589848.47255,1571615825.0156
"2376","COL","2023",0.9995,1399270361.81616,1430348730.48955,1611821020.3242
"2377","COL","2023",0.9996,1462841379.61594,1498776359.68681,1657189092.78285
"2378","COL","2023",0.9997,1536832170.41967,1580398881.9746,1709993337.14825
"2379","COL","2023",0.9998,1627627866.2706,1685741150.80646,1774790564.73508
"2380","COL","2023",0.9999,1752406407.01805,1863839978.66369,1863839978.66369
"2381","ARG","ults",0.91,5797.97021484375,6093.990234375,15097.3583984375
"2382","ARG","ults",0.92,6435.57958984375,6827.88818359375,16222.779296875
"2383","ARG","ults",0.93,7266.4794921875,7791.28955078125,17564.90625
"2384","ARG","ults",0.94,8338.4091796875,9004.884765625,19193.84375
"2385","ARG","ults",0.95,9729.1103515625,10586.017578125,21231.634765625
"2386","ARG","ults",0.96,11519.3515625,12631.9931640625,23893.0390625
"2387","ARG","ults",0.97,13839.6689453125,15490.876953125,27646.72265625
"2388","ARG","ults",0.98,17471.728515625,20734.7421875,33724.64453125
"2389","ARG","ults",0.99,25298.150390625,25972.791015625,46714.546875
"2390","ARG","ults",0.991,26686.470703125,27550.751953125,49021.1328125
"2391","ARG","ults",0.992,28461.580078125,29477.810546875,51702.890625
"2392","ARG","ults",0.993,30505.98046875,31735.11328125,54880.66015625
"2393","ARG","ults",0.994,33067.3828125,34475.9140625,58735.3203125
"2394","ARG","ults",0.995,36000.265625,37848.59765625,63591.62890625
"2395","ARG","ults",0.996,39830,42283.98828125,70022.4921875
"2396","ARG","ults",0.997,45466.6015625,49704.1875,79278.0390625
"2397","ARG","ults",0.998,54814.54296875,63537.609375,94053.71875
"2398","ARG","ults",0.999,75673.078125,77418.203125,124616.2734375
"2399","ARG","ults",0.9991,79356.5078125,81178.9765625,129887.125
"2400","ARG","ults",0.9992,83066.796875,84899.9609375,136010.4375
"2401","ARG","ults",0.9993,87092.515625,90046.015625,143232.5625
"2402","ARG","ults",0.9994,93134.953125,96890.2578125,152141.984375
"2403","ARG","ults",0.9995,101613.3515625,106566.7734375,163259.71875
"2404","ARG","ults",0.9996,112056.453125,118087.734375,177541.140625
"2405","ARG","ults",0.9997,126872.765625,136670.53125,197157.75
"2406","ARG","ults",0.9998,151275.078125,177961.125,227632.21875
"2407","ARG","ults",0.9999,206787,207799.578125,278067.5
"2408","ARG","ults",0.99991,210411.15625,215516.71875,285213.375
"2409","ARG","ults",0.99992,221526.140625,222729.046875,294595.625
"2410","ARG","ults",0.99993,227750.96875,229675.796875,303969.53125
"2411","ARG","ults",0.99994,231704.328125,235097.09375,317304.3125
"2412","ARG","ults",0.99995,242410.578125,247794.578125,335287.125
"2413","ARG","ults",0.99996,253839.21875,266599.5,355477.71875
"2414","ARG","ults",0.99997,280054.4375,290861.6875,388222.34375
"2415","ARG","ults",0.99998,309549.90625,366837.28125,433158.03125
"2416","ARG","ults",0.99999,406820.34375,510532.21875,510532.21875
"2417","ARG","ults",0.91,5971.30029296875,6298.2529296875,15670.9365234375
"2418","ARG","ults",0.92,6653.47998046875,7057.7509765625,16842.544921875
"2419","ARG","ults",0.93,7510.13037109375,8037.13671875,18240.40234375
"2420","ARG","ults",0.94,8606.349609375,9278.2861328125,19940.98828125
"2421","ARG","ults",0.95,9974.640625,10836.8173828125,22073.591796875
"2422","ARG","ults",0.96,11783.94140625,12924.2392578125,24882.890625
"2423","ARG","ults",0.97,14206.4296875,15920.220703125,28869.306640625
"2424","ARG","ults",0.98,18000.529296875,21394.931640625,35344.3359375
"2425","ARG","ults",0.99,26186.76953125,26921.876953125,49295.82421875
"2426","ARG","ults",0.991,27681,28526.751953125,51779.33984375
"2427","ARG","ults",0.992,29504.876953125,30639.966796875,54687.54296875
"2428","ARG","ults",0.993,31753.994140625,32919.703125,58125.11328125
"2429","ARG","ults",0.994,34167.578125,35845.546875,62321.828125
"2430","ARG","ults",0.995,37520.05859375,39472.50390625,67620.25
"2431","ARG","ults",0.996,41666.484375,44782.25,74662.453125
"2432","ARG","ults",0.997,48074.8515625,52826.03125,84612.5859375
"2433","ARG","ults",0.998,58313.55078125,67064.40625,100517.75
"2434","ARG","ults",0.999,79645.171875,81440.515625,134021.171875
"2435","ARG","ults",0.9991,83610.8359375,85886.6015625,139882.90625
"2436","ARG","ults",0.9992,88188.6328125,90901.5703125,146657.734375
"2437","ARG","ults",0.9993,93958.515625,96858.5546875,154520.78125
"2438","ARG","ults",0.9994,100679.3125,105162.46875,164155.109375
"2439","ARG","ults",0.9995,109949.8046875,114817.8359375,175988.96875
"2440","ARG","ults",0.9996,120102.890625,126911.5625,191339.03125
"2441","ARG","ults",0.9997,136530.09375,148550.4375,212922.234375
"2442","ARG","ults",0.9998,160940.28125,185142.5,245350.125
"2443","ARG","ults",0.9999,219429.09375,220390.234375,306470
"2444","ARG","ults",0.99991,222283.6875,224683.96875,315077.96875
"2445","ARG","ults",0.99992,228750.6875,237064.3125,327016.8125
"2446","ARG","ults",0.99993,242793.0625,247305.921875,340705.21875
"2447","ARG","ults",0.99994,255232.453125,259579.6875,354715.125
"2448","ARG","ults",0.99995,262151.1875,271917.53125,374895.34375
"2449","ARG","ults",0.99996,285933.5,291306.8125,402620.15625
"2450","ARG","ults",0.99997,302251.9375,321196.34375,436014.15625
"2451","ARG","ults",0.99998,339991.625,398022.46875,497839.125
"2452","ARG","ults",0.99999,487071.5625,614291.875,614291.875
"2453","ARG","ults",0.91,6242.85009765625,6584.4716796875,16393.69921875
"2454","ARG","ults",0.92,6947.2900390625,7392.0859375,17620.01171875
"2455","ARG","ults",0.93,7865.00927734375,8409.154296875,19081.11328125
"2456","ARG","ults",0.94,9000.033203125,9682.4326171875,20859.728515625
"2457","ARG","ults",0.95,10417.6396484375,11323.5625,23095.12109375
"2458","ARG","ults",0.96,12288.3388671875,13447.087890625,26038.4453125
"2459","ARG","ults",0.97,14759.6435546875,16540.408203125,30235.5625
"2460","ARG","ults",0.98,18744.25,22304.287109375,37083.140625
"2461","ARG","ults",0.99,27357.990234375,28106.826171875,51861.9921875
"2462","ARG","ults",0.991,28920.390625,29891.98828125,54501.02734375
"2463","ARG","ults",0.992,30890.666015625,31971.056640625,57581.6796875
"2464","ARG","ults",0.993,33040.671875,34382.9453125,61240.33984375
"2465","ARG","ults",0.994,35954.921875,37703.6484375,65716.5703125
"2466","ARG","ults",0.995,39474.1328125,41711.03125,71319.15625
"2467","ARG","ults",0.996,44070.359375,46909.06640625,78721.1875
"2468","ARG","ults",0.997,50556.328125,55291.4921875,89325.2265625
"2469","ARG","ults",0.998,60927.9140625,70445.46875,106342.09375
"2470","ARG","ults",0.999,83850.8984375,85776.7578125,142238.71875
"2471","ARG","ults",0.9991,88027.0234375,90497.03125,148512.28125
"2472","ARG","ults",0.9992,92928.2109375,96680.4140625,155764.171875
"2473","ARG","ults",0.9993,100643.21875,104308.3828125,164204.71875
"2474","ARG","ults",0.9994,108293.6015625,111806.7890625,174187.4375
"2475","ARG","ults",0.9995,116033.8515625,121250.734375,186663.5625
"2476","ARG","ults",0.9996,127125.4375,133984.328125,203016.78125
"2477","ARG","ults",0.9997,142725.515625,156589.671875,226027.59375
"2478","ARG","ults",0.9998,173732.859375,194302.453125,260746.546875
"2479","ARG","ults",0.9999,222341.8125,228704.109375,327190.65625
"2480","ARG","ults",0.99991,233153.21875,237169.5,338492.375
"2481","ARG","ults",0.99992,240018.75,245472,351626.84375
"2482","ARG","ults",0.99993,251104.359375,255372.140625,367437.125
"2483","ARG","ults",0.99994,258542.421875,264474.875,387048.5
"2484","ARG","ults",0.99995,278243.0625,294836.5,413048.96875
"2485","ARG","ults",0.99996,301537.46875,313107.78125,439318.40625
"2486","ARG","ults",0.99997,323812.25,351018.125,483492.125
"2487","ARG","ults",0.99998,386630.65625,473525.09375,554824.25
"2488","ARG","ults",0.99999,551001.6875,649673.3125,649673.3125
"2489","ARG","ults",0.91,6123.90966796875,6463.62060546875,16485.53515625
"2490","ARG","ults",0.92,6823.69970703125,7258.1630859375,17738.318359375
"2491","ARG","ults",0.93,7746.73876953125,8283.1845703125,19235.544921875
"2492","ARG","ults",0.94,8869.388671875,9556.3818359375,21061.02734375
"2493","ARG","ults",0.95,10279.4404296875,11170.83984375,23361.689453125
"2494","ARG","ults",0.96,12134.08984375,13286.353515625,26409.513671875
"2495","ARG","ults",0.97,14571.75,16375.0009765625,30784.109375
"2496","ARG","ults",0.98,18594.22265625,22299.56640625,37989.18359375
"2497","ARG","ults",0.99,27587.59375,28386.154296875,53681.07421875
"2498","ARG","ults",0.991,29166.16796875,30155.498046875,56489.36328125
"2499","ARG","ults",0.992,31168.22265625,32307.4921875,59783.4765625
"2500","ARG","ults",0.993,33433.37890625,34765.26171875,63705.37109375
"2501","ARG","ults",0.994,36174.8203125,38043.77734375,68532.2109375
"2502","ARG","ults",0.995,40004.8125,42359.4375,74635.1875
"2503","ARG","ults",0.996,44742,47936.58203125,82698.296875
"2504","ARG","ults",0.997,51677.06640625,56559.55078125,94296.703125
"2505","ARG","ults",0.998,62700,73620.1171875,113151.640625
"2506","ARG","ults",0.999,87576.1015625,89880.125,152740.375
"2507","ARG","ults",0.9991,92210.4765625,94235.671875,159713.625
"2508","ARG","ults",0.9992,96975.1875,100194.3671875,167883.5625
"2509","ARG","ults",0.9993,104137.6015625,107837.7578125,177533.46875
"2510","ARG","ults",0.9994,112500.9375,117132.78125,189317.765625
"2511","ARG","ults",0.9995,123035.625,127876.0390625,203754.765625
"2512","ARG","ults",0.9996,135626.703125,142847.6875,222724.4375
"2513","ARG","ults",0.9997,151419.84375,166564.78125,249350.03125
"2514","ARG","ults",0.9998,182418.9375,208752.796875,290742.65625
"2515","ARG","ults",0.9999,246920.0625,248277.109375,372732.5
"2516","ARG","ults",0.99991,251632.578125,256832.90625,386783.90625
"2517","ARG","ults",0.99992,262914.4375,266095.0625,403323.125
"2518","ARG","ults",0.99993,269283.15625,274342.9375,423335.53125
"2519","ARG","ults",0.99994,287291.65625,291356.15625,448773.3125
"2520","ARG","ults",0.99995,301068.40625,310594.78125,481182.71875
"2521","ARG","ults",0.99996,335687.71875,357158.125,525409.1875
"2522","ARG","ults",0.99997,384523.65625,403419,584297.125
"2523","ARG","ults",0.99998,446888.53125,504661.09375,681693
"2524","ARG","ults",0.99999,737271.3125,888230.1875,888230.1875
"2525","ARG","ults",0.91,5992.6396484375,6324.23779296875,16366.8984375
"2526","ARG","ults",0.92,6672.60009765625,7082.9921875,17622.208984375
"2527","ARG","ults",0.93,7530.93994140625,8086.95361328125,19127.78125
"2528","ARG","ults",0.94,8679.6103515625,9358.791015625,20967.875
"2529","ARG","ults",0.95,10075.1298828125,10953.396484375,23289.625
"2530","ARG","ults",0.96,11930.1279296875,13060.583984375,26374.12109375
"2531","ARG","ults",0.97,14372.640625,16167.3046875,30811.966796875
"2532","ARG","ults",0.98,18416.16015625,22108.953125,38134.296875
"2533","ARG","ults",0.99,27314,28077.53125,54159.64453125
"2534","ARG","ults",0.991,28920.80078125,29896.6953125,57057.65625
"2535","ARG","ults",0.992,31008.01953125,32138.4609375,60452.77734375
"2536","ARG","ults",0.993,33246.19921875,34655.45703125,64497.6796875
"2537","ARG","ults",0.994,36332.1015625,38199.63671875,69471.3828125
"2538","ARG","ults",0.995,39979.08984375,42269.96484375,75725.7265625
"2539","ARG","ults",0.996,44752.55859375,47909.578125,84089.671875
"2540","ARG","ults",0.997,51891.890625,56947.19921875,96149.703125
"2541","ARG","ults",0.998,63999.5625,74391.1328125,115750.953125
"2542","ARG","ults",0.999,88891.609375,91114.1015625,157110.78125
"2543","ARG","ults",0.9991,93606.625,95672.90625,164524.953125
"2544","ARG","ults",0.9992,98667.203125,102071.5078125,173100.84375
"2545","ARG","ults",0.9993,105378.0859375,109637,183206.640625
"2546","ARG","ults",0.9994,114184.9375,118221.1015625,195613.875
"2547","ARG","ults",0.9995,122059.265625,127907.828125,211048.328125
"2548","ARG","ults",0.9996,135192.265625,143514.375,231759.484375
"2549","ARG","ults",0.9997,152805.625,167246.0625,261594.734375
"2550","ARG","ults",0.9998,185009.421875,208105.25,308769.0625
"2551","ARG","ults",0.9999,247896.71875,250003.390625,409432.875
"2552","ARG","ults",0.99991,252206.359375,258816.84375,427147.25
"2553","ARG","ults",0.99992,267927.46875,271105.09375,448188.5625
"2554","ARG","ults",0.99993,279135.875,284452.40625,473486.21875
"2555","ARG","ults",0.99994,292815.625,310116.8125,504991.84375
"2556","ARG","ults",0.99995,331330.625,351698.5,543966.8125
"2557","ARG","ults",0.99996,386434.78125,403067.40625,592033.9375
"2558","ARG","ults",0.99997,454022.4375,472895.3125,655022.75
"2559","ARG","ults",0.99998,508951.65625,563171.0625,746086.5
"2560","ARG","ults",0.99999,746515.375,929001.875,929001.875
"2561","ARG","ults",0.91,5770.4501953125,6081.27978515625,16066.6044921875
"2562","ARG","ults",0.92,6422.240234375,6807.49072265625,17314.8359375
"2563","ARG","ults",0.93,7237.4697265625,7762.65185546875,18815.974609375
"2564","ARG","ults",0.94,8318.349609375,8997.177734375,20658.0234375
"2565","ARG","ults",0.95,9712.5498046875,10565.1640625,22990.322265625
"2566","ARG","ults",0.96,11504.4599609375,12654.4130859375,26096.830078125
"2567","ARG","ults",0.97,13980.4306640625,15812.9873046875,30577.216796875
"2568","ARG","ults",0.98,18048.03125,21814.921875,37959.84765625
"2569","ARG","ults",0.99,27045.740234375,27892.8671875,54107.03515625
"2570","ARG","ults",0.991,28816.48828125,29849.048828125,57018.36328125
"2571","ARG","ults",0.992,30907.708984375,32114.744140625,60418.09375
"2572","ARG","ults",0.993,33274.26953125,34723.87890625,64459.8125
"2573","ARG","ults",0.994,36380.66015625,38216.83203125,69413.484375
"2574","ARG","ults",0.995,40263.34765625,42598.58203125,75659.8046875
"2575","ARG","ults",0.996,45176.20703125,48264.69921875,83922.21875
"2576","ARG","ults",0.997,52150,57324.953125,95802.515625
"2577","ARG","ults",0.998,63972.0546875,74501.1796875,115068.2421875
"2578","ARG","ults",0.999,89528.7109375,91517.7734375,155635.296875
"2579","ARG","ults",0.9991,93113.7578125,96235.609375,162826.046875
"2580","ARG","ults",0.9992,99007.984375,101952.828125,171106.125
"2581","ARG","ults",0.9993,105009.015625,108724.890625,180925.890625
"2582","ARG","ults",0.9994,112474.4453125,117154.5078125,193071.859375
"2583","ARG","ults",0.9995,122527.453125,129572.890625,208170.265625
"2584","ARG","ults",0.9996,135567.515625,144091.09375,228026.4375
"2585","ARG","ults",0.9997,155882.46875,169611.609375,255874.140625
"2586","ARG","ults",0.9998,186692.21875,212366.765625,299612.90625
"2587","ARG","ults",0.9999,253163.65625,261133.40625,386859.03125
"2588","ARG","ults",0.99991,270294.53125,271831.78125,400610.28125
"2589","ARG","ults",0.99992,278196.84375,287273.84375,416425.1875
"2590","ARG","ults",0.99993,298606.75,306199.9375,434506.375
"2591","ARG","ults",0.99994,324608.5625,338313.34375,458945.6875
"2592","ARG","ults",0.99995,362987.65625,368933.84375,483072.15625
"2593","ARG","ults",0.99996,374900.71875,384628.59375,511606.71875
"2594","ARG","ults",0.99997,411521.0625,437546.46875,553932.75
"2595","ARG","ults",0.99998,477230.25,493960.21875,612125.875
"2596","ARG","ults",0.99999,552792.75,730291.5625,730291.5625
"2597","ARG","ults",0.91,5469.72021484375,5770.1357421875,16093.646484375
"2598","ARG","ults",0.92,6086.78955078125,6441.775390625,17384.0859375
"2599","ARG","ults",0.93,6834.03955078125,7323.50634765625,18947.271484375
"2600","ARG","ults",0.94,7858.7197265625,8508.9697265625,20884.56640625
"2601","ARG","ults",0.95,9222.1103515625,10068.505859375,23359.685546875
"2602","ARG","ults",0.96,10998.5791015625,12150.8662109375,26682.48046875
"2603","ARG","ults",0.97,13433.3271484375,15228.9580078125,31526.3515625
"2604","ARG","ults",0.98,17452.30078125,21235.59765625,39675.05078125
"2605","ARG","ults",0.99,26599.75,27414.166015625,58114.5
"2606","ARG","ults",0.991,28282.8515625,29332.60546875,61527.73828125
"2607","ARG","ults",0.992,30470.828125,31743.076171875,65554.90625
"2608","ARG","ults",0.993,33035.37109375,34580.8828125,70381.359375
"2609","ARG","ults",0.994,36193.4140625,38156.9453125,76352.21875
"2610","ARG","ults",0.995,40172.76171875,42572.1640625,83984.9609375
"2611","ARG","ults",0.996,45272.79296875,48903.4765625,94345.2890625
"2612","ARG","ults",0.997,52956.15234375,58618.69921875,109506.484375
"2613","ARG","ults",0.998,65526.0703125,78120.9140625,134932.84375
"2614","ARG","ults",0.999,97538.2421875,100572.3671875,191823.125
"2615","ARG","ults",0.9991,103785.015625,106705.6640625,201884.46875
"2616","ARG","ults",0.9992,109441.0234375,113759.125,213863.875
"2617","ARG","ults",0.9993,117601.9609375,122032.5234375,228277.375
"2618","ARG","ults",0.9994,127031.140625,131911.015625,245862.734375
"2619","ARG","ults",0.9995,138352.78125,145215.203125,268841.9375
"2620","ARG","ults",0.9996,154619.34375,168305.015625,299535.46875
"2621","ARG","ults",0.9997,184226,201689.5625,343682.125
"2622","ARG","ults",0.9998,222740.609375,269804.0625,414188.78125
"2623","ARG","ults",0.9999,337931.4375,346308.75,560578.875
"2624","ARG","ults",0.99991,352626.28125,357849.34375,583654.0625
"2625","ARG","ults",0.99992,362710.59375,371949.21875,610906.375
"2626","ARG","ults",0.99993,382703.65625,400926.125,649139.5625
"2627","ARG","ults",0.99994,414896.1875,440969.875,689546.375
"2628","ARG","ults",0.99995,470893.3125,492388.71875,737880.6875
"2629","ARG","ults",0.99996,530657.1875,558333.375,797137.375
"2630","ARG","ults",0.99997,617211.5625,631701.5625,888110.3125
"2631","ARG","ults",0.99998,703703.5625,803482.625,1016314.6875
"2632","ARG","ults",0.99999,963362.5,1229146.75,1229146.75
"2633","ARG","ults",0.91,6868.7705078125,7264.7880859375,18204.306640625
"2634","ARG","ults",0.92,7639.580078125,8026.9814453125,19571.83984375
"2635","ARG","ults",0.93,8458.3701171875,8955.435546875,21221.234375
"2636","ARG","ults",0.94,9492.7705078125,10167.537109375,23265.39453125
"2637","ARG","ults",0.95,10909.4599609375,11824.2421875,25885.1796875
"2638","ARG","ults",0.96,12817.330078125,14038.9091796875,29400.17578125
"2639","ARG","ults",0.97,15444.0205078125,17347.23828125,34521.05859375
"2640","ARG","ults",0.98,19729.94140625,23733.94140625,43107.38671875
"2641","ARG","ults",0.99,29324.150390625,30195.435546875,62483.46484375
"2642","ARG","ults",0.991,31124.1015625,32186.8046875,66073.734375
"2643","ARG","ults",0.992,33295.671875,34575.25,70306.71875
"2644","ARG","ults",0.993,35920.7421875,37488.76953125,75415.1796875
"2645","ARG","ults",0.994,39126.7109375,41106.86328125,81731.953125
"2646","ARG","ults",0.995,43223.859375,45769,89863.59375
"2647","ARG","ults",0.996,48636.80078125,52488.3984375,100879.7578125
"2648","ARG","ults",0.997,56895.2890625,63142.3359375,117024.8125
"2649","ARG","ults",0.998,70271.7109375,83351.8828125,143947.765625
"2650","ARG","ults",0.999,103040.359375,106474.140625,204625.96875
"2651","ARG","ults",0.9991,109565.75,112750.953125,215597.625
"2652","ARG","ults",0.9992,116360.125,120911.140625,228344.328125
"2653","ARG","ults",0.9993,126831.8203125,133452.65625,243781.328125
"2654","ARG","ults",0.9994,138863.203125,144010.53125,262294.53125
"2655","ARG","ults",0.9995,150405.53125,158388.625,285758.46875
"2656","ARG","ults",0.9996,168349.515625,186443.875,317817.5625
"2657","ARG","ults",0.9997,208052.40625,225084.859375,362006.90625
"2658","ARG","ults",0.9998,249115.53125,287534,430002.1875
"2659","ARG","ults",0.9999,343573.375,351652.40625,574422
"2660","ARG","ults",0.99991,357549.21875,363349,598049.0625
"2661","ARG","ults",0.99992,371135.09375,387716.09375,630421.5
"2662","ARG","ults",0.99993,401640.5,413951.875,663734
"2663","ARG","ults",0.99994,426783.78125,444102,703472.0625
"2664","ARG","ults",0.99995,463515.9375,477529.125,761109.875
"2665","ARG","ults",0.99996,495188.65625,547815.3125,829560.4375
"2666","ARG","ults",0.99997,612355.6875,698680.9375,919206.5625
"2667","ARG","ults",0.99998,818708.0625,865893,1045221.25
"2668","ARG","ults",0.99999,1010379,1224549.5,1224549.5
"2669","ARG","ults",0.91,9175.5400390625,9539.6201171875,21762.28515625
"2670","ARG","ults",0.92,9934.3095703125,10401.84765625,23290.14453125
"2671","ARG","ults",0.93,10909.060546875,11501.5205078125,25131.36328125
"2672","ARG","ults",0.94,12150.099609375,12952.1279296875,27403.0546875
"2673","ARG","ults",0.95,13820.060546875,14885.5048828125,30293.318359375
"2674","ARG","ults",0.96,16076.849609375,17501.8046875,34145.3984375
"2675","ARG","ults",0.97,19110.509765625,21275.041015625,39693.51171875
"2676","ARG","ults",0.98,23923.7734375,28195.45703125,48903.36328125
"2677","ARG","ults",0.99,34203.62109375,35163.65625,69614.046875
"2678","ARG","ults",0.991,36198.23046875,37265.7421875,73440.15625
"2679","ARG","ults",0.992,38440.55859375,39624.65234375,77959.6875
"2680","ARG","ults",0.993,41000.6171875,42625.89453125,83441.359375
"2681","ARG","ults",0.994,44502.94921875,46700.046875,90240.8984375
"2682","ARG","ults",0.995,48914.203125,51813.80078125,98944.4140625
"2683","ARG","ults",0.996,54933.14453125,59127.09765625,110738.890625
"2684","ARG","ults",0.997,64092.89453125,70219.5859375,127935.1484375
"2685","ARG","ults",0.998,77780.5078125,91416.46875,156831.5625
"2686","ARG","ults",0.999,112358.6796875,115502.5078125,222246.65625
"2687","ARG","ults",0.9991,119018.6171875,123475.34375,234160.0625
"2688","ARG","ults",0.9992,127598.2890625,133121.171875,248065.171875
"2689","ARG","ults",0.9993,137517.203125,142874.453125,264328.78125
"2690","ARG","ults",0.9994,148344.703125,154650.890625,284661.53125
"2691","ARG","ults",0.9995,162280.015625,173464.671875,310803.0625
"2692","ARG","ults",0.9996,184517.953125,198386.21875,345368.09375
"2693","ARG","ults",0.9997,214870.234375,236930.203125,393924.625
"2694","ARG","ults",0.9998,265023.375,313201.125,472948.65625
"2695","ARG","ults",0.9999,384919.59375,387933.5,634854.9375
"2696","ARG","ults",0.99991,404355.96875,417069.875,660652.6875
"2697","ARG","ults",0.99992,430003.9375,440485.375,693680.875
"2698","ARG","ults",0.99993,456709.25,473245.96875,727764.875
"2699","ARG","ults",0.99994,497625.46875,516782.84375,774041
"2700","ARG","ults",0.99995,552380.9375,570915.625,822711.5
"2701","ARG","ults",0.99996,614157.9375,645456.0625,892172.4375
"2702","ARG","ults",0.99997,732914.5,786405.4375,970673.0625
"2703","ARG","ults",0.99998,846336.875,922184.3125,1075968.875
"2704","ARG","ults",0.99999,1061506.125,1229753.5,1229753.5
"2705","ARG","ults",0.91,11947.669921875,12356.7138671875,26355.60546875
"2706","ARG","ults",0.92,12808.939453125,13358.7626953125,28105.58203125
"2707","ARG","ults",0.93,13951.4794921875,14649.5927734375,30212.4296875
"2708","ARG","ults",0.94,15414.158203125,16349.1513671875,32806.06640625
"2709","ARG","ults",0.95,17370.236328125,18624.154296875,36097.70703125
"2710","ARG","ults",0.96,20022.5,21750.955078125,40465.80859375
"2711","ARG","ults",0.97,23681.48046875,26170.53515625,46704.640625
"2712","ARG","ults",0.98,29157.94140625,34119.765625,56971.01953125
"2713","ARG","ults",0.99,40925.55078125,41930.3828125,79825.2890625
"2714","ARG","ults",0.991,43030.96484375,44289.84375,84033.984375
"2715","ARG","ults",0.992,45578.22265625,46910.95703125,89006.9140625
"2716","ARG","ults",0.993,48369.03125,50239.23828125,95018.359375
"2717","ARG","ults",0.994,52320.28515625,54724.48046875,102478.2578125
"2718","ARG","ults",0.995,57391.50390625,60756.1953125,112039.09375
"2719","ARG","ults",0.996,64345.7890625,68761.9375,124855.59375
"2720","ARG","ults",0.997,73835.875,81102.171875,143545.265625
"2721","ARG","ults",0.998,90222.21875,105510.9453125,174808
"2722","ARG","ults",0.999,128618.8359375,132327.859375,244105.046875
"2723","ARG","ults",0.9991,136529.671875,140806.421875,256561.15625
"2724","ARG","ults",0.9992,146183.875,151029.84375,271078.25
"2725","ARG","ults",0.9993,158505.90625,163450.34375,288292.71875
"2726","ARG","ults",0.9994,170007.28125,177414.40625,308871.15625
"2727","ARG","ults",0.9995,184937.53125,196034.21875,335231.875
"2728","ARG","ults",0.9996,207625.125,221299.6875,370146.125
"2729","ARG","ults",0.9997,234211.9375,258817.15625,419980.1875
"2730","ARG","ults",0.9998,293608.15625,350109.25,501095.34375
"2731","ARG","ults",0.9999,409602.25,415432.34375,654094.5625
"2732","ARG","ults",0.99991,426765.125,433841.5625,678662.6875
"2733","ARG","ults",0.99992,448365.34375,472107.9375,711305.5625
"2734","ARG","ults",0.99993,486280.03125,495759.4375,742897.6875
"2735","ARG","ults",0.99994,509195.53125,540693.75,786833.375
"2736","ARG","ults",0.99995,574931.5625,598677.9375,840052.75
"2737","ARG","ults",0.99996,651172.5625,680733.875,896373.5
"2738","ARG","ults",0.99997,708561.4375,757321.5,974787.9375
"2739","ARG","ults",0.99998,874668.875,991686.375,1076272.25
"2740","ARG","ults",0.99999,1133881.625,1172941.875,1172941.75
"2741","ARG","ults",0.91,15573.2998046875,16138.654296875,33046.35546875
"2742","ARG","ults",0.92,16751.4609375,17461.330078125,35159.953125
"2743","ARG","ults",0.93,18253.919921875,19173.765625,37688.140625
"2744","ARG","ults",0.94,20166.759765625,21344.4921875,40774.0703125
"2745","ARG","ults",0.95,22621.400390625,24204.25,44660.2890625
"2746","ARG","ults",0.96,25945.91796875,28084.623046875,49773.96875
"2747","ARG","ults",0.97,30398.359375,33439.9921875,57004.375
"2748","ARG","ults",0.98,37083,42904.140625,68785.796875
"2749","ARG","ults",0.99,50732.33984375,51996.86328125,94670.828125
"2750","ARG","ults",0.991,53234.3203125,54594.6640625,99410.3203125
"2751","ARG","ults",0.992,56050.3125,57729.13671875,105017.7421875
"2752","ARG","ults",0.993,59478.41796875,61544.49609375,111770.75
"2753","ARG","ults",0.994,63760.97265625,66389.6484375,120138.1640625
"2754","ARG","ults",0.995,69457.890625,73080.3359375,130899.046875
"2755","ARG","ults",0.996,77195.6640625,82408.1953125,145349.03125
"2756","ARG","ults",0.997,88355.3515625,97144.8359375,166320.21875
"2757","ARG","ults",0.998,107748.859375,125731.0234375,200952.875
"2758","ARG","ults",0.999,151864.359375,156539.9375,276174.71875
"2759","ARG","ults",0.9991,161123,166298.46875,289486.6875
"2760","ARG","ults",0.9992,173713.0625,180109.625,304910.25
"2761","ARG","ults",0.9993,186379.515625,193158.3125,322772.0625
"2762","ARG","ults",0.9994,199113.578125,207580.390625,344421.21875
"2763","ARG","ults",0.9995,217218.53125,229175.90625,371860.65625
"2764","ARG","ults",0.9996,241037.765625,253727.828125,407648.03125
"2765","ARG","ults",0.9997,270983.25,304463.0625,459177.84375
"2766","ARG","ults",0.9998,340505.3125,389392.375,537040.8125
"2767","ARG","ults",0.9999,451111.96875,465235.9375,686632
"2768","ARG","ults",0.99991,480796.96875,491240.625,709092.5
"2769","ARG","ults",0.99992,508544.40625,514469.6875,737663.25
"2770","ARG","ults",0.99993,525771.875,536643,771352.8125
"2771","ARG","ults",0.99994,550912.5625,564881.0625,807069.5625
"2772","ARG","ults",0.99995,579671.9375,605111.4375,858056.5625
"2773","ARG","ults",0.99996,628507.5,651240,925508.625
"2774","ARG","ults",0.99997,702110.375,743285.875,1008981.6875
"2775","ARG","ults",0.99998,791715.1875,935479.8125,1150686.125
"2776","ARG","ults",0.99999,1091364.75,1396636.125,1396636.125
"2777","ARG","ults",0.91,19832.91015625,20584.435546875,41405.8984375
"2778","ARG","ults",0.92,21381.91015625,22319.1953125,44008.70703125
"2779","ARG","ults",0.93,23336.498046875,24494.380859375,47107.37890625
"2780","ARG","ults",0.94,25757.560546875,27254.888671875,50875.890625
"2781","ARG","ults",0.95,28863.37109375,30801.779296875,55600.33203125
"2782","ARG","ults",0.96,32910.21875,35484.18359375,61800.3671875
"2783","ARG","ults",0.97,38349.62109375,42070.75390625,70571.6796875
"2784","ARG","ults",0.98,46495.96875,53593.19921875,84823.0546875
"2785","ARG","ults",0.99,63184.82421875,64638.9765625,116056.9140625
"2786","ARG","ults",0.991,66100.34375,67775.265625,121769.203125
"2787","ARG","ults",0.992,69441.4609375,71309.421875,128517.3671875
"2788","ARG","ults",0.993,73336.1484375,75895.34375,136688.4375
"2789","ARG","ults",0.994,78528.96875,81899.8515625,146818.453125
"2790","ARG","ults",0.995,85501.2890625,89805.296875,159818.8125
"2791","ARG","ults",0.996,94639.1640625,101058,177322.1875
"2792","ARG","ults",0.997,108404.0625,118928.796875,202743.59375
"2793","ARG","ults",0.998,132559.140625,156268.109375,244650.984375
"2794","ARG","ults",0.999,190439.75,195311.078125,333033.875
"2795","ARG","ults",0.9991,200702.640625,208448.875,348336.40625
"2796","ARG","ults",0.9992,215797.578125,222815.90625,365822.34375
"2797","ARG","ults",0.9993,229723.34375,237780.1875,386251.8125
"2798","ARG","ults",0.9994,246828.5625,254674.859375,410997.09375
"2799","ARG","ults",0.9995,262708.875,274757.25,442261.5625
"2800","ARG","ults",0.9996,288545.53125,304624.5625,484137.625
"2801","ARG","ults",0.9997,330015.25,360978.0625,543975.3125
"2802","ARG","ults",0.9998,397431.65625,442891.9375,635473.9375
"2803","ARG","ults",0.9999,530213.3125,540261.6875,828055.9375
"2804","ARG","ults",0.99991,552574.25,559607.625,860946.6875
"2805","ARG","ults",0.99992,570457.75,585047.625,899829.125
"2806","ARG","ults",0.99993,608323.5625,624580.375,946463.4375
"2807","ARG","ults",0.99994,652662.75,674851.25,1002443.125
"2808","ARG","ults",0.99995,718499.5,748763.75,1071409.875
"2809","ARG","ults",0.99996,780446.375,813435.8125,1144265.375
"2810","ARG","ults",0.99997,879851.3125,982171.1875,1259336.625
"2811","ARG","ults",0.99998,1144635,1180226.625,1407158.125
"2812","ARG","ults",0.99999,1451077.375,1666508.5,1666508.5
"2813","ARG","ults",0.91,26606.169921875,27659.1328125,54853.59765625
"2814","ARG","ults",0.92,28784.408203125,30048.810546875,58253.06640625
"2815","ARG","ults",0.93,31401.138671875,32938.765625,62282.46484375
"2816","ARG","ults",0.94,34632.03125,36658.51953125,67172.671875
"2817","ARG","ults",0.95,38854.48828125,41363.234375,73275.8046875
"2818","ARG","ults",0.96,44110.0625,47408.40234375,81254.453125
"2819","ARG","ults",0.97,51086.68359375,56033.10546875,92535.5234375
"2820","ARG","ults",0.98,61874.453125,71170.59375,110787.890625
"2821","ARG","ults",0.99,84026.8125,86023.3984375,150410.1875
"2822","ARG","ults",0.991,88078.375,90296.65625,157563.265625
"2823","ARG","ults",0.992,92514,95154.71875,165970.265625
"2824","ARG","ults",0.993,97812.234375,101035.46875,176084.953125
"2825","ARG","ults",0.994,104384.4453125,108539.9765625,188590.5625
"2826","ARG","ults",0.995,113116.34375,118463.546875,204620.921875
"2827","ARG","ults",0.996,124752.171875,132931.109375,226160.265625
"2828","ARG","ults",0.997,142490.46875,155145.625,257236.65625
"2829","ARG","ults",0.998,172492.59375,202202.09375,308282.15625
"2830","ARG","ults",0.999,244349,249854.46875,414362.25
"2831","ARG","ults",0.9991,257175.078125,264100.25,432615.21875
"2832","ARG","ults",0.9992,271790.125,281218.75,453946.21875
"2833","ARG","ults",0.9993,289671.21875,300631.84375,478621.5625
"2834","ARG","ults",0.9994,311272.71875,325329.375,508286.53125
"2835","ARG","ults",0.9995,338215.4375,356185.65625,544877.9375
"2836","ARG","ults",0.9996,379927.34375,399629,592051
"2837","ARG","ults",0.9997,428726.46875,456316.53125,656191.6875
"2838","ARG","ults",0.9998,499797.6875,569055.75,756129.3125
"2839","ARG","ults",0.9999,677138.5625,685141.1875,943202.8125
"2840","ARG","ults",0.99991,693133.8125,705500.625,972280.1875
"2841","ARG","ults",0.99992,722403.25,733280.125,1006156.9375
"2842","ARG","ults",0.99993,744287.625,756737.75,1045848.125
"2843","ARG","ults",0.99994,784420.1875,811030,1095058.375
"2844","ARG","ults",0.99995,866979.5,879977.75,1153320.625
"2845","ARG","ults",0.99996,899474.875,945429.1875,1223860.75
"2846","ARG","ults",0.99997,976656.5625,1002566.5625,1320706.5
"2847","ARG","ults",0.99998,1055962.5,1157148.625,1490381.125
"2848","ARG","ults",0.99999,1569479.625,1871218.375,1871218.375
"2849","ARG","ults",0.91,31493.880859375,32719.794921875,65061.34765625
"2850","ARG","ults",0.92,34035.69921875,35547.8203125,69104.234375
"2851","ARG","ults",0.93,37170.98828125,39055.92578125,73898.2578125
"2852","ARG","ults",0.94,41133.2578125,43540.26171875,79704.8359375
"2853","ARG","ults",0.95,46175.32421875,49248.78515625,86938.109375
"2854","ARG","ults",0.96,52529.73828125,56595.66796875,96361.03125
"2855","ARG","ults",0.97,60981.8046875,66745.7890625,109615.046875
"2856","ARG","ults",0.98,73721.0703125,85028.9140625,131051.0078125
"2857","ARG","ults",0.99,100558.9609375,102706.2578125,177078.84375
"2858","ARG","ults",0.991,105055.96875,107627.875,185347.03125
"2859","ARG","ults",0.992,110349.1015625,113494.0859375,195054.375
"2860","ARG","ults",0.993,116857.8671875,120362.40625,206712.0625
"2861","ARG","ults",0.994,124232.8671875,129051.4609375,221091.71875
"2862","ARG","ults",0.995,134288.515625,140468.453125,239508.9375
"2863","ARG","ults",0.996,147402.984375,156420.96875,264284.5
"2864","ARG","ults",0.997,166715.65625,182184.140625,300268.875
"2865","ARG","ults",0.998,201406.8125,234240.359375,359274.4375
"2866","ARG","ults",0.999,281338.71875,288751.03125,484464.4375
"2867","ARG","ults",0.9991,296824.34375,304344.8125,506150.15625
"2868","ARG","ults",0.9992,313872.09375,324581.625,531297.25
"2869","ARG","ults",0.9993,333290.125,345916.1875,561143.875
"2870","ARG","ults",0.9994,358999.375,375098.34375,596940.5625
"2871","ARG","ults",0.9995,391503.6875,413202.84375,641198.375
"2872","ARG","ults",0.9996,438636,463466.0625,698019.6875
"2873","ARG","ults",0.9997,490856.59375,534315.9375,777181.5
"2874","ARG","ults",0.9998,593019.375,669171.8125,898614.3125
"2875","ARG","ults",0.9999,778123.125,797211.6875,1128056.875
"2876","ARG","ults",0.99991,812870.5,821766.375,1164817.375
"2877","ARG","ults",0.99992,849956.8125,855628.0625,1207698.75
"2878","ARG","ults",0.99993,868444.4375,888700.875,1257994.625
"2879","ARG","ults",0.99994,950862.625,963773.8125,1319543.625
"2880","ARG","ults",0.99995,986788.6875,1017900.75,1390697.5
"2881","ARG","ults",0.99996,1072600.75,1113753.125,1483896.75
"2882","ARG","ults",0.99997,1190466.375,1269206.5,1607278
"2883","ARG","ults",0.99998,1367072.625,1448008.875,1776313.75
"2884","ARG","ults",0.99999,1545107.125,2104618.5,2104618.5
"2885","ARG","ults",0.91,40442.7421875,41994.703125,82628.03125
"2886","ARG","ults",0.92,43655.59765625,45615.4609375,87707.6640625
"2887","ARG","ults",0.93,47696.11328125,50193.703125,93720.625
"2888","ARG","ults",0.94,52848.55859375,55914.45703125,100974.8203125
"2889","ARG","ults",0.95,59248.1953125,63237.109375,109987.7734375
"2890","ARG","ults",0.96,67414.8828125,72437.5234375,121675.0859375
"2891","ARG","ults",0.97,77984.3515625,85219.3203125,138086.9375
"2892","ARG","ults",0.98,93959.421875,108015.46875,164523.984375
"2893","ARG","ults",0.99,127325.4609375,130021.7109375,221032.5
"2894","ARG","ults",0.991,132923.140625,136009.9375,231154.46875
"2895","ARG","ults",0.992,139346.84375,143266,243043.875
"2896","ARG","ults",0.993,147154.03125,151979.765625,257292.859375
"2897","ARG","ults",0.994,157049.8125,163369.375,274837.875
"2898","ARG","ults",0.995,169780.265625,177416.484375,297153.46875
"2899","ARG","ults",0.996,185553.59375,196177.859375,327078.53125
"2900","ARG","ults",0.997,208599.375,225755.8125,370765.6875
"2901","ARG","ults",0.998,250529.375,288726.71875,443270.59375
"2902","ARG","ults",0.999,344264.3125,351689.1875,597814.5
"2903","ARG","ults",0.9991,360742.625,372213.78125,625385.875
"2904","ARG","ults",0.9992,381530.875,394341.15625,656886.5625
"2905","ARG","ults",0.9993,405234.40625,420978.75,694195.6875
"2906","ARG","ults",0.9994,435989.78125,453404.34375,740105.0625
"2907","ARG","ults",0.9995,477311.40625,503123.90625,797163.4375
"2908","ARG","ults",0.9996,530629.1875,557382,871351.875
"2909","ARG","ults",0.9997,591660.4375,638510.875,975579.5625
"2910","ARG","ults",0.9998,694989.375,794737.75,1146194.625
"2911","ARG","ults",0.9999,972937.4375,990023.8125,1497651.375
"2912","ARG","ults",0.99991,1020508.4375,1034925.875,1553281.875
"2913","ARG","ults",0.99992,1057354.875,1071930.5,1617079.5
"2914","ARG","ults",0.99993,1087871.75,1125873.375,1693591.625
"2915","ARG","ults",0.99994,1162054.125,1197306.25,1800038.75
"2916","ARG","ults",0.99995,1248646.75,1288089.875,1920585.25
"2917","ARG","ults",0.99996,1356206.125,1425262.125,2078709.125
"2918","ARG","ults",0.99997,1471523.625,1604195,2296524.75
"2919","ARG","ults",0.99998,1877609.25,2121469.5,2642689.75
"2920","ARG","ults",0.99999,2416799.75,3163910.25,3163910.25
"2921","ARG","ults",0.91,55349.84765625,57387.38671875,110709.21875
"2922","ARG","ults",0.92,59538.5859375,62120.828125,117374.6484375
"2923","ARG","ults",0.93,64834.6171875,67992.46875,125268.3203125
"2924","ARG","ults",0.94,71428.921875,75489.3203125,134813.328125
"2925","ARG","ults",0.95,79809.1015625,84806.9140625,146678.421875
"2926","ARG","ults",0.96,90269.921875,96622.75,162146.765625
"2927","ARG","ults",0.97,103805.3125,113140.9765625,183988.984375
"2928","ARG","ults",0.98,124639.1015625,143033.328125,219415.140625
"2929","ARG","ults",0.99,168270.5625,172206.703125,295806.1875
"2930","ARG","ults",0.991,176201.453125,180779.234375,309535.78125
"2931","ARG","ults",0.992,185379.421875,190799.78125,325625.46875
"2932","ARG","ults",0.993,195894.75,202180.40625,344906.28125
"2933","ARG","ults",0.994,208686.703125,216386.140625,368689.125
"2934","ARG","ults",0.995,225022.390625,235529.03125,399142.34375
"2935","ARG","ults",0.996,247372.046875,261360.453125,440033.28125
"2936","ARG","ults",0.997,276894.5625,298719.15625,499663
"2937","ARG","ults",0.998,326221.03125,380347.375,600134.9375
"2938","ARG","ults",0.999,451963.40625,461359.09375,819922.5
"2939","ARG","ults",0.9991,470749.5,484561.21875,859977.375
"2940","ARG","ults",0.9992,498336.59375,517777.40625,906549.4375
"2941","ARG","ults",0.9993,533396.3125,553610.3125,962376.5625
"2942","ARG","ults",0.9994,572020.4375,593457.4375,1030917.125
"2943","ARG","ults",0.9995,616005.3125,641376.375,1117773.5
"2944","ARG","ults",0.9996,673946.75,719464.5625,1237594.625
"2945","ARG","ults",0.9997,764295.125,827845.8125,1411703.125
"2946","ARG","ults",0.9998,913356.5,1017018.375,1701862.5
"2947","ARG","ults",0.9999,1162283.125,1186347.625,2395058.5
"2948","ARG","ults",0.99991,1220786,1246181.25,2525730
"2949","ARG","ults",0.99992,1293585.625,1333643.5,2680826.75
"2950","ARG","ults",0.99993,1445545.125,1466905.25,2893539.75
"2951","ARG","ults",0.99994,1522485.5,1580736,3126459.75
"2952","ARG","ults",0.99995,1620073.375,1759474.5,3428064.5
"2953","ARG","ults",0.99996,2118020.25,2256039.25,3832571
"2954","ARG","ults",0.99997,2622156.75,3003360.75,4423770.5
"2955","ARG","ults",0.99998,3607305,3998139.75,5133975
"2956","ARG","ults",0.99999,4628256,6269811,6269810.5
"2957","ARG","ults",0.91,73655.3046875,76187.1875,141536.578125
"2958","ARG","ults",0.92,78840,81929.6328125,149706.21875
"2959","ARG","ults",0.93,85222.953125,89168.9375,159388.59375
"2960","ARG","ults",0.94,93517.796875,98528.3046875,171091.859375
"2961","ARG","ults",0.95,103913.375,110065.296875,185604.578125
"2962","ARG","ults",0.96,116779.203125,124726.1171875,204489.390625
"2963","ARG","ults",0.97,133638,145517.359375,231077.15625
"2964","ARG","ults",0.98,159903.109375,183072.03125,273857.03125
"2965","ARG","ults",0.99,214938.953125,219584.09375,364642.0625
"2966","ARG","ults",0.991,224689.171875,230106.640625,380774.5625
"2967","ARG","ults",0.992,235714.234375,241771.640625,399602.4375
"2968","ARG","ults",0.993,247931.625,255726.34375,422142.03125
"2969","ARG","ults",0.994,263987.3125,273569.90625,449905.53125
"2970","ARG","ults",0.995,284812.375,297309.46875,485164.25
"2971","ARG","ults",0.996,310949,328430.46875,532113.9375
"2972","ARG","ults",0.997,349859.71875,378901.40625,600089.4375
"2973","ARG","ults",0.998,413788.46875,474336.84375,710683.5
"2974","ARG","ults",0.999,556885.5,570434.75,947030.125
"2975","ARG","ults",0.9991,584332.6875,595828.25,988985.0625
"2976","ARG","ults",0.9992,611939.9375,631030.8125,1038276.375
"2977","ARG","ults",0.9993,654542.6875,676707.75,1096652.875
"2978","ARG","ults",0.9994,703437.3125,726894.5,1166922.5
"2979","ARG","ults",0.9995,757174.625,797542.375,1254088
"2980","ARG","ults",0.9996,840964.5,885833.1875,1368565.125
"2981","ARG","ults",0.9997,946186.5,1027400.6875,1530116.875
"2982","ARG","ults",0.9998,1125332.125,1259880.75,1782980
"2983","ARG","ults",0.9999,1518713,1546668.5,2312381.75
"2984","ARG","ults",0.99991,1577351,1594342.25,2394057.75
"2985","ARG","ults",0.99992,1622867.375,1643431,2489546.25
"2986","ARG","ults",0.99993,1671153.5,1706093.75,2620840
"2987","ARG","ults",0.99994,1777508.75,1817402.5,2767199.25
"2988","ARG","ults",0.99995,1890521.5,1949797.625,2975691.25
"2989","ARG","ults",0.99996,2178453.5,2303422,3224392.75
"2990","ARG","ults",0.99997,2480741.25,2591990.75,3519103.5
"2991","ARG","ults",0.99998,2739885.5,3186449.25,4040604.25
"2992","ARG","ults",0.99999,3920318.25,4894759.5,4894759.5
"2993","ARG","ults",0.91,93406.9609375,96636.859375,180150
"2994","ARG","ults",0.92,100046.4921875,103899.4453125,190588.6875
"2995","ARG","ults",0.93,108144.0390625,113197.3046875,202973.90625
"2996","ARG","ults",0.94,118664.1015625,124887.484375,217936.078125
"2997","ARG","ults",0.95,131400,139393.59375,236544.921875
"2998","ARG","ults",0.96,148080.015625,158283.6875,260834.90625
"2999","ARG","ults",0.97,169633.5625,184997.984375,295017.3125
"3000","ARG","ults",0.98,203369.078125,233192.171875,350033.4375
"3001","ARG","ults",0.99,273181.5625,278895.75,466874.6875
"3002","ARG","ults",0.991,284833.34375,291597.5625,487755.78125
"3003","ARG","ults",0.992,298681.96875,306632.9375,512300.78125
"3004","ARG","ults",0.993,315193.375,324890.0625,541676.9375
"3005","ARG","ults",0.994,335117.71875,347954.15625,577801
"3006","ARG","ults",0.995,361889.09375,377381.0625,623759.5625
"3007","ARG","ults",0.996,394923.09375,417181.40625,685426.6875
"3008","ARG","ults",0.997,443489.4375,480330.6875,774841.75
"3009","ARG","ults",0.998,524859.9375,600568.8125,922097.3125
"3010","ARG","ults",0.999,704875.0625,717957.8125,1243625.875
"3011","ARG","ults",0.9991,732290.375,750538.75,1302033.375
"3012","ARG","ults",0.9992,770091.75,796137.8125,1370970.25
"3013","ARG","ults",0.9993,826974.125,860519.5625,1453089.125
"3014","ARG","ults",0.9994,903120.5,941030.25,1551850.75
"3015","ARG","ults",0.9995,982722.8125,1042530.9375,1674014.75
"3016","ARG","ults",0.9996,1097511.875,1165252.625,1831885.75
"3017","ARG","ults",0.9997,1247880.375,1343606.5,2054096.75
"3018","ARG","ults",0.9998,1488847.25,1659328,2409342
"3019","ARG","ults",0.9999,1888731.25,1915487.875,3159356
"3020","ARG","ults",0.99991,1939480.75,2013248.25,3306656
"3021","ARG","ults",0.99992,2081880,2156126,3458821.75
"3022","ARG","ults",0.99993,2230014.75,2267944.5,3657538
"3023","ARG","ults",0.99994,2315662,2393045.5,3875513.5
"3024","ARG","ults",0.99995,2537679.5,2642557.5,4193185.25
"3025","ARG","ults",0.99996,2794190.75,2979181.75,4558039
"3026","ARG","ults",0.99997,3182062.75,3548486,5126427.5
"3027","ARG","ults",0.99998,4236484,4776209,5868988
"3028","ARG","ults",0.99999,5679935.5,7098364,7098364
"3029","ARG","ults",0.91,123903.8671875,127843.0078125,236357.84375
"3030","ARG","ults",0.92,132113.0625,137124.140625,249922.796875
"3031","ARG","ults",0.93,142561.984375,149014.046875,266037.6875
"3032","ARG","ults",0.94,155965.796875,163930.578125,285540.125
"3033","ARG","ults",0.95,172512.671875,182657.421875,309863.15625
"3034","ARG","ults",0.96,193728.484375,206464.234375,341666.4375
"3035","ARG","ults",0.97,221000,240824.828125,386730.34375
"3036","ARG","ults",0.98,264515.84375,303150.3125,459687.34375
"3037","ARG","ults",0.99,356972.21875,364835.9375,616242.5
"3038","ARG","ults",0.991,373670.9375,383392.625,644165.75
"3039","ARG","ults",0.992,393127.375,403592.21875,676790.75
"3040","ARG","ults",0.993,414813.03125,428382.59375,715806.1875
"3041","ARG","ults",0.994,442883.25,459337.28125,763691.625
"3042","ARG","ults",0.995,477942.65625,499421.5625,824618.9375
"3043","ARG","ults",0.996,523763.53125,554668.4375,905894.75
"3044","ARG","ults",0.997,589173.0625,639138.8125,1022924.9375
"3045","ARG","ults",0.998,694490.5625,793042.75,1215040.625
"3046","ARG","ults",0.999,925160.6875,946565.0625,1637038.375
"3047","ARG","ults",0.9991,969428.375,998706.375,1713559.875
"3048","ARG","ults",0.9992,1034423.8125,1073612.75,1803824.5
"3049","ARG","ults",0.9993,1109173.5,1140685.875,1907967.375
"3050","ARG","ults",0.9994,1184969.75,1224325.25,2035600.375
"3051","ARG","ults",0.9995,1280114.375,1351226.625,2197479
"3052","ARG","ults",0.9996,1425581.625,1515799.25,2411502
"3053","ARG","ults",0.9997,1625608.5,1740325.625,2710069.5
"3054","ARG","ults",0.9998,1884510.875,2159273,3194941.5
"3055","ARG","ults",0.9999,2627217.5,2675820,4230610
"3056","ARG","ults",0.99991,2736548.75,2805555.5,4412339
"3057","ARG","ults",0.99992,2918474.25,2960733,4598632.5
"3058","ARG","ults",0.99993,3060189,3106061.5,4844317.5
"3059","ARG","ults",0.99994,3193082,3272962,5151068.5
"3060","ARG","ults",0.99995,3395431.5,3467276.5,5500483.5
"3061","ARG","ults",0.99996,3664825.5,3761856.5,6038685.5
"3062","ARG","ults",0.99997,4146351,4348275.5,6858344
"3063","ARG","ults",0.99998,4943117.5,5447151,8039552.5
"3064","ARG","ults",0.99999,6230693,10956004,10956004
"3065","ARG","ults",0.91,161024.28125,166582.765625,312492.8125
"3066","ARG","ults",0.92,172587.59375,179519.109375,330732.09375
"3067","ARG","ults",0.93,186851.578125,195311.8125,352331.84375
"3068","ARG","ults",0.94,204607.65625,215214.03125,378502.34375
"3069","ARG","ults",0.95,226804.40625,240053.71875,411160.75
"3070","ARG","ults",0.96,254679.9375,272732.8125,453938.71875
"3071","ARG","ults",0.97,292999.125,319348.96875,514343
"3072","ARG","ults",0.98,351136.15625,403460.46875,611845.5625
"3073","ARG","ults",0.99,475365.84375,486783.125,820254.5625
"3074","ARG","ults",0.991,498504.59375,511471.90625,857283.375
"3075","ARG","ults",0.992,524662.125,538205.25,900534.5625
"3076","ARG","ults",0.993,552861.0625,570837.8125,952262.0625
"3077","ARG","ults",0.994,591096.6875,614745.4375,1015869.125
"3078","ARG","ults",0.995,640388.8125,669939.9375,1096148.875
"3079","ARG","ults",0.996,702115.375,741727.25,1202640.25
"3080","ARG","ults",0.997,787793.9375,849594.4375,1356395
"3081","ARG","ults",0.998,925040.8125,1050837.75,1609650.375
"3082","ARG","ults",0.999,1234054.5,1264125.875,2169102.5
"3083","ARG","ults",0.9991,1294965.5,1328095.625,2269144.25
"3084","ARG","ults",0.9992,1357790.5,1401778.25,2387616.75
"3085","ARG","ults",0.9993,1441385,1487191,2527760.5
"3086","ARG","ults",0.9994,1546604.25,1619143,2702512.75
"3087","ARG","ults",0.9995,1691609.5,1776651.5,2918195
"3088","ARG","ults",0.9996,1866303.125,1976463.875,3206034
"3089","ARG","ults",0.9997,2089189.625,2235983.25,3614326.25
"3090","ARG","ults",0.9998,2417679.75,2749672.75,4311419.5
"3091","ARG","ults",0.9999,3190745.75,3223475.5,5873166
"3092","ARG","ults",0.99991,3262491.75,3415501,6178899.5
"3093","ARG","ults",0.99992,3488501.5,3537702,6539342.5
"3094","ARG","ults",0.99993,3671253.25,3765323.25,6933000.5
"3095","ARG","ults",0.99994,3927178,4003601,7481252
"3096","ARG","ults",0.99995,4259367.5,4440459,8209132.5
"3097","ARG","ults",0.99996,4727172.5,4897449,9070544
"3098","ARG","ults",0.99997,5176270.5,5523890,10515077
"3099","ARG","ults",0.99998,5913641,7706475.5,13157470
"3100","ARG","ults",0.99999,10729398,19289838,19289838
"3101","CRI","2010",0.95,0,0,14082507
"3102","CRI","2010",0.96,0,90008.40625,14796050
"3103","CRI","2010",0.97,611233,2084493.625,19698064
"3104","CRI","2010",0.98,3590400,6075177,28504850
"3105","CRI","2010",0.99,1e+07,10722327,50934524
"3106","CRI","2010",0.991,11516100,12369986,55403308
"3107","CRI","2010",0.992,13300390,14414098,60782180
"3108","CRI","2010",0.993,15626079,17110292,67405776
"3109","CRI","2010",0.994,18714120,20692648,75789896
"3110","CRI","2010",0.995,22997670,25867198,86808856
"3111","CRI","2010",0.996,29246016,33957264,102043432
"3112","CRI","2010",0.997,39437200,47664804,124743824
"3113","CRI","2010",0.998,57729656,76377768,163283328
"3114","CRI","2010",0.999,102440072,106407744,250188896
"3115","CRI","2010",0.9991,111023768,115997688,266172400
"3116","CRI","2010",0.9992,121077512,126897680,284954592
"3117","CRI","2010",0.9993,133104824,140411552,307548352
"3118","CRI","2010",0.9994,147782672,156370016,335353344
"3119","CRI","2010",0.9995,165757120,177709472,371165792
"3120","CRI","2010",0.9996,191315168,208626224,419556512
"3121","CRI","2010",0.9997,2.3e+08,260185456,489918272
"3122","CRI","2010",0.9998,296579616,361220000,604911296
"3123","CRI","2010",0.9999,449530304,463827360,849140608
"3124","CRI","2010",0.99991,478972480,490520672,891638336
"3125","CRI","2010",0.99992,504058400,526409312,941363712
"3126","CRI","2010",0.99993,541594304,563246720,1001577920
"3127","CRI","2010",0.99994,586247872,604855808,1074095872
"3128","CRI","2010",0.99995,633138176,684209408,1169604992
"3129","CRI","2010",0.99996,727102272,770916992,1290283392
"3130","CRI","2010",0.99997,827948864,892885120,1462132608
"3131","CRI","2010",0.99998,988932288,1121647360,1753081344
"3132","CRI","2010",0.99999,1406332928,2384515328,2384515328
"3133","CRI","2011",0.95,0,0,14607921
"3134","CRI","2011",0.96,0,262987.84375,16525473
"3135","CRI","2011",0.97,1117734,2627097.5,21946262
"3136","CRI","2011",0.98,4134800,7012316,31606054
"3137","CRI","2011",0.99,11381596,12160343,56199792
"3138","CRI","2011",0.991,12972082,13933181,61093892
"3139","CRI","2011",0.992,14985033,16194979,66988660
"3140","CRI","2011",0.993,17548476,19144766,74244448
"3141","CRI","2011",0.994,20872546,23119024,83427064
"3142","CRI","2011",0.995,25559058,28738610,95490776
"3143","CRI","2011",0.996,32412492,37406412,112177904
"3144","CRI","2011",0.997,43360088,52416644,137107168
"3145","CRI","2011",0.998,63592788,83055208,179452432
"3146","CRI","2011",0.999,110450512,115112248,275849664
"3147","CRI","2011",0.9991,119580656,124799160,293700704
"3148","CRI","2011",0.9992,130248560,136347872,314853664
"3149","CRI","2011",0.9993,143196736,150795840,340346528
"3150","CRI","2011",0.9994,159346528,167997728,371926848
"3151","CRI","2011",0.9995,177970736,190499872,412694912
"3152","CRI","2011",0.9996,205028448,224116752,468364704
"3153","CRI","2011",0.9997,245001184,275798816,549780672
"3154","CRI","2011",0.9998,313092480,377609824,686771648
"3155","CRI","2011",0.9999,467409984,481670272,995933440
"3156","CRI","2011",0.99991,499056192,515285600,1053212096
"3157","CRI","2011",0.99992,533007840,548500288,1120636160
"3158","CRI","2011",0.99993,569096384,593789952,1202624512
"3159","CRI","2011",0.99994,623335232,649707904,1304465920
"3160","CRI","2011",0.99995,678612672,725717632,1435989248
"3161","CRI","2011",0.99996,777354304,843334656,1614527488
"3162","CRI","2011",0.99997,910464448,1002573120,1873468160
"3163","CRI","2011",0.99998,1103723392,1290940288,2313700864
"3164","CRI","2011",0.99999,1634117888,3359189504,3359189504
"3165","CRI","2012",0.95,0,0,14380896
"3166","CRI","2012",0.96,0,504987.09375,17554422
"3167","CRI","2012",0.97,1587500,3142140,23237650
"3168","CRI","2012",0.98,4785950,7865617,33285296
"3169","CRI","2012",0.99,12554216,13424640,58705520
"3170","CRI","2012",0.991,14332700,15315747,63736612
"3171","CRI","2012",0.992,16412220,17742188,69789056
"3172","CRI","2012",0.993,19151954,20900570,77224096
"3173","CRI","2012",0.994,22824014,25155738,86611008
"3174","CRI","2012",0.995,27682104,31101118,98904712
"3175","CRI","2012",0.996,35012492,40280572,115855608
"3176","CRI","2012",0.997,46591312,55971080,141047280
"3177","CRI","2012",0.998,67645824,88087096,183585392
"3178","CRI","2012",0.999,117282376,121758328,279083680
"3179","CRI","2012",0.9991,126537112,131658296,296560096
"3180","CRI","2012",0.9992,137124896,143280320,317217152
"3181","CRI","2012",0.9993,149750848,157018752,342065280
"3182","CRI","2012",0.9994,164865536,174154928,372906368
"3183","CRI","2012",0.9995,184433152,198299024,412656640
"3184","CRI","2012",0.9996,213027456,232482896,466246048
"3185","CRI","2012",0.9997,255529904,286840672,544167104
"3186","CRI","2012",0.9998,325732064,394773184,672830336
"3187","CRI","2012",0.9999,491926944,505645568,950887488
"3188","CRI","2012",0.99991,517912064,531885888,1000950528
"3189","CRI","2012",0.99992,549056000,571756800,1058953152
"3190","CRI","2012",0.99993,598243712,615939200,1129409280
"3191","CRI","2012",0.99994,641217792,686117312,1214067456
"3192","CRI","2012",0.99995,732666176,779902656,1321022848
"3193","CRI","2012",0.99996,842734912,906382976,1454848256
"3194","CRI","2012",0.99997,972763072,1043026496,1640300544
"3195","CRI","2012",0.99998,1134244864,1299176320,1935726336
"3196","CRI","2012",0.99999,1613037184,2586114560,2586114560
"3197","CRI","2013",0.94,0,0,15139683
"3198","CRI","2013",0.95,0,0,15301748
"3199","CRI","2013",0.96,0,676500.25,19127206
"3200","CRI","2013",0.97,1823700,3398293.75,25277484
"3201","CRI","2013",0.98,5110197,8410754,36217196
"3202","CRI","2013",0.99,13480000,14386082,64024224
"3203","CRI","2013",0.991,15308773,16406666,69539704
"3204","CRI","2013",0.992,17640000,19022744,76181512
"3205","CRI","2013",0.993,20561476,22464788,84347296
"3206","CRI","2013",0.994,24531920,27002070,94661416
"3207","CRI","2013",0.995,29860536,33542434,108190408
"3208","CRI","2013",0.996,37748236,43562400,126857352
"3209","CRI","2013",0.997,50238904,60362228,154624304
"3210","CRI","2013",0.998,72949680,95456136,201760352
"3211","CRI","2013",0.999,126650848,131784520,308041984
"3212","CRI","2013",0.9991,136863056,142412320,327663104
"3213","CRI","2013",0.9992,148553136,155640816,350813312
"3214","CRI","2013",0.9993,162643184,171070624,378686656
"3215","CRI","2013",0.9994,180588768,189965712,413277088
"3216","CRI","2013",0.9995,200648240,213887264,458034176
"3217","CRI","2013",0.9996,229950960,250153744,519070912
"3218","CRI","2013",0.9997,273380608,306397696,608709952
"3219","CRI","2013",0.9998,351349760,425976448,759866048
"3220","CRI","2013",0.9999,525822208,540535040,1093755648
"3221","CRI","2013",0.99991,554868928,574983552,1156532480
"3222","CRI","2013",0.99992,594660544,615313536,1227490688
"3223","CRI","2013",0.99993,638645440,673540032,1316805376
"3224","CRI","2013",0.99994,710706944,761126016,1424016256
"3225","CRI","2013",0.99995,806488576,850933120,1556594304
"3226","CRI","2013",0.99996,914287168,980250432,1733009536
"3227","CRI","2013",0.99997,1048451712,1153987840,1983929216
"3228","CRI","2013",0.99998,1275023360,1547007360,2398899968
"3229","CRI","2013",0.99999,1847917440,3250792448,3250792448
"3230","CRI","2014",0.94,0,0,15741267
"3231","CRI","2014",0.95,0,22320.771484375,17017304
"3232","CRI","2014",0.96,243000,1257074,21266072
"3233","CRI","2014",0.97,2571317,4161811.5,27935784
"3234","CRI","2014",0.98,6050000,9649888,39822524
"3235","CRI","2014",0.99,15291200,16273959,69995152
"3236","CRI","2014",0.991,17326022,18557534,75965432
"3237","CRI","2014",0.992,19877740,21471336,83141416
"3238","CRI","2014",0.993,23205310,25242074,91951424
"3239","CRI","2014",0.994,27508250,30373324,103069656
"3240","CRI","2014",0.995,33550000,37628440,117608920
"3241","CRI","2014",0.996,42261096,48343620,137604032
"3242","CRI","2014",0.997,55793808,66651024,167357504
"3243","CRI","2014",0.998,80125816,103942464,217710752
"3244","CRI","2014",0.999,138596912,143702272,331479040
"3245","CRI","2014",0.9991,149013408,154473312,352382016
"3246","CRI","2014",0.9992,160776544,168420384,377114112
"3247","CRI","2014",0.9993,177065936,185708304,406918560
"3248","CRI","2014",0.9994,195018544,207088384,443774080
"3249","CRI","2014",0.9995,219256576,234617536,491091360
"3250","CRI","2014",0.9996,252479792,276231232,555344256
"3251","CRI","2014",0.9997,305286208,341395232,648381888
"3252","CRI","2014",0.9998,383426176,459072256,801875264
"3253","CRI","2014",0.9999,559635904,575364096,1144678272
"3254","CRI","2014",0.99991,591596288,614614080,1208377728
"3255","CRI","2014",0.99992,639019968,660525312,1283182592
"3256","CRI","2014",0.99993,686766400,713068864,1370802048
"3257","CRI","2014",0.99994,750400448,790246592,1481190784
"3258","CRI","2014",0.99995,843993984,902881344,1620540928
"3259","CRI","2014",0.99996,974023808,1033732736,1797137792
"3260","CRI","2014",0.99997,1107574400,1223992960,2053385728
"3261","CRI","2014",0.99998,1362693632,1577770880,2472447232
"3262","CRI","2014",0.99999,1896250496,3386159360,3386159360
"3263","CRI","2015",0.94,0,0,15597052
"3264","CRI","2015",0.95,0,77670.1875,17907502
"3265","CRI","2015",0.96,450000,1537384.375,22364914
"3266","CRI","2015",0.97,2900000,4487866.5,29307518
"3267","CRI","2015",0.98,6451625,10145610,41717216
"3268","CRI","2015",0.99,16033167,17080986,73289480
"3269","CRI","2015",0.991,18172500,19423786,79535296
"3270","CRI","2015",0.992,20805400,22509022,87049816
"3271","CRI","2015",0.993,24267290,26416396,96268568
"3272","CRI","2015",0.994,28759904,31641918,107911400
"3273","CRI","2015",0.995,34862256,38929548,123166560
"3274","CRI","2015",0.996,43728424,50145804,144227984
"3275","CRI","2015",0.997,57995500,69508480,175584384
"3276","CRI","2015",0.998,83462584,108362176,228627824
"3277","CRI","2015",0.999,143460448,149332032,348918368
"3278","CRI","2015",0.9991,155235232,161937856,371079328
"3279","CRI","2015",0.9992,169208864,176231648,397262592
"3280","CRI","2015",0.9993,183750576,192758720,428819776
"3281","CRI","2015",0.9994,202268448,213849328,468136160
"3282","CRI","2015",0.9995,225534768,242846368,519077728
"3283","CRI","2015",0.9996,261472608,286248064,588099840
"3284","CRI","2015",0.9997,315177632,353484000,688647680
"3285","CRI","2015",0.9998,400534336,479877056,856576512
"3286","CRI","2015",0.9999,595235712,609221248,1233275904
"3287","CRI","2015",0.99991,633479936,654117952,1303733760
"3288","CRI","2015",0.99992,677691264,696225472,1384514944
"3289","CRI","2015",0.99993,723951552,749380992,1482260224
"3290","CRI","2015",0.99994,782626496,817451392,1606520064
"3291","CRI","2015",0.99995,864301440,910784896,1763678976
"3292","CRI","2015",0.99996,974857920,1045751360,1975797632
"3293","CRI","2015",0.99997,1127942272,1282971136,2283675136
"3294","CRI","2015",0.99998,1438166912,1676932608,2794450944
"3295","CRI","2015",0.99999,1974907136,3911969280,3911969280
"3296","CRI","2016",0.93,0,0,16093729
"3297","CRI","2016",0.94,0,0,16533394
"3298","CRI","2016",0.95,0,280603.09375,19840032
"3299","CRI","2016",0.96,920270,2102724.25,24729940
"3300","CRI","2016",0.97,3480000,5160506,32272448
"3301","CRI","2016",0.98,7296901,11369941,45828280
"3302","CRI","2016",0.99,17924006,19001588,80287320
"3303","CRI","2016",0.991,20220000,21683092,87097312
"3304","CRI","2016",0.992,23241948,25007240,95272840
"3305","CRI","2016",0.993,26909506,29206688,105311368
"3306","CRI","2016",0.994,31819712,34928340,117996344
"3307","CRI","2016",0.995,38472728,43084244,134611296
"3308","CRI","2016",0.996,48224736,55579336,157495408
"3309","CRI","2016",0.997,64347200,76422792,191462800
"3310","CRI","2016",0.998,91785472,118907576,248988688
"3311","CRI","2016",0.999,156626336,162637472,379096416
"3312","CRI","2016",0.9991,168808992,175759600,403152864
"3313","CRI","2016",0.9992,183306704,191552768,431584288
"3314","CRI","2016",0.9993,200756832,210962064,465884512
"3315","CRI","2016",0.9994,222285632,235149280,508386080
"3316","CRI","2016",0.9995,249035360,266026512,563055808
"3317","CRI","2016",0.9996,285879328,310799040,637351104
"3318","CRI","2016",0.9997,340198272,380018496,745979200
"3319","CRI","2016",0.9998,425688416,504374528,929521408
"3320","CRI","2016",0.9999,622191488,642251328,1355539456
"3321","CRI","2016",0.99991,669515264,692607616,1435154816
"3322","CRI","2016",0.99992,718801536,745132288,1526311424
"3323","CRI","2016",0.99993,778643968,820854528,1638234752
"3324","CRI","2016",0.99994,860888640,895851904,1774929792
"3325","CRI","2016",0.99995,939021504,999995648,1951465856
"3326","CRI","2016",0.99996,1074314112,1184606848,2190553344
"3327","CRI","2016",0.99997,1300122368,1421599232,2528165376
"3328","CRI","2016",0.99998,1590685312,1828373504,3087152640
"3329","CRI","2016",0.99999,2189451776,4372155904,4372155904
"3330","MEX","2009",0.98,82883,264891.75,881630.5625
"3331","MEX","2009",0.99,467466,485583.40625,1498368.5
"3332","MEX","2009",0.991,505275,526278,1610904.625
"3333","MEX","2009",0.992,548685,575078.125,1746482.25
"3334","MEX","2009",0.993,602773,634325.8125,1913824.625
"3335","MEX","2009",0.994,669053,710752.25,2127069
"3336","MEX","2009",0.995,754435,810010.0625,2410329
"3337","MEX","2009",0.996,876048,960408.875,2810432.75
"3338","MEX","2009",0.997,1064048,1219315.375,3427095
"3339","MEX","2009",0.998,1398261,1728940.75,4530976.5
"3340","MEX","2009",0.999,2242826.5,2326312,7332971
"3341","MEX","2009",0.9991,2411866,2508835.5,7889303
"3342","MEX","2009",0.9992,2613393,2735476.5,8562024
"3343","MEX","2009",0.9993,2867669.5,3030241.75,9394052
"3344","MEX","2009",0.9994,3197990,3412927.25,10454739
"3345","MEX","2009",0.9995,3633170,3914439.75,11863437
"3346","MEX","2009",0.9996,4253498.5,4731519,13851279
"3347","MEX","2009",0.9997,5308364,6122261.5,16889388
"3348","MEX","2009",0.9998,7176761.5,9129565,22274154
"3349","MEX","2009",0.9999,12057506,12517297,35424616
"3350","MEX","2009",0.99991,13030983,13569657,37972400
"3351","MEX","2009",0.99992,14101431,14745228,41010824
"3352","MEX","2009",0.99993,15429946,16319521,44765444
"3353","MEX","2009",0.99994,17185946,18206736,49518200
"3354","MEX","2009",0.99995,19409980,21059140,55787960
"3355","MEX","2009",0.99996,22996688,25315108,64434620
"3356","MEX","2009",0.99997,27936836,31710036,77480928
"3357","MEX","2009",0.99998,36198144,45444276,100434592
"3358","MEX","2009",0.99999,58749220,142170992,155589056
"3359","MEX","2010",0.98,107637,295450.9375,923468.5625
"3360","MEX","2010",0.99,488251,506643.8125,1551484.375
"3361","MEX","2010",0.991,526090,547560.3125,1667585
"3362","MEX","2010",0.992,571068,597932.625,1807586.625
"3363","MEX","2010",0.993,625772,658083.25,1980392.125
"3364","MEX","2010",0.994,693754,735057.3125,2200773.75
"3365","MEX","2010",0.995,778638,834111.875,2493912
"3366","MEX","2010",0.996,899124.5,985345.5625,2908883
"3367","MEX","2010",0.997,1087326,1241542.5,3550056
"3368","MEX","2010",0.998,1422315,1747845,4704296
"3369","MEX","2010",0.999,2255903.5,2342071.25,7660661
"3370","MEX","2010",0.9991,2431465,2530037.75,8251749
"3371","MEX","2010",0.9992,2634937,2764431.75,8967145
"3372","MEX","2010",0.9993,2902409,3071309.75,9852768
"3373","MEX","2010",0.9994,3251163.5,3457860.5,10983258
"3374","MEX","2010",0.9995,3699167.5,3972528.25,12488469
"3375","MEX","2010",0.9996,4312547.5,4787885,14618074
"3376","MEX","2010",0.9997,5349235.5,6189211.5,17893532
"3377","MEX","2010",0.9998,7306968,9379951,23746118
"3378","MEX","2010",0.9999,12452984,12973899,38118560
"3379","MEX","2010",0.99991,13512328,14105903,40917384
"3380","MEX","2010",0.99992,14724279,15403663,44253576
"3381","MEX","2010",0.99993,16115778,17007432,48380992
"3382","MEX","2010",0.99994,17937640,19187352,53618800
"3383","MEX","2010",0.99995,20520984,22205852,60519128
"3384","MEX","2010",0.99996,24005300,26541962,70052152
"3385","MEX","2010",0.99997,29317168,33120736,84576664
"3386","MEX","2010",0.99998,38070900,46915976,110360840
"3387","MEX","2010",0.99999,59272240,158156224,174083568
"3388","MEX","2011",0.98,173016.5,358883.09375,1049676
"3389","MEX","2011",0.99,531862,551676.75,1740466.875
"3390","MEX","2011",0.991,572959,596187.1875,1872561.5
"3391","MEX","2011",0.992,620842,647797.25,2032107.5
"3392","MEX","2011",0.993,677256.5,712402.3125,2229865
"3393","MEX","2011",0.994,750176,792572.8125,2482769.25
"3394","MEX","2011",0.995,838505,898111.1875,2820804.75
"3395","MEX","2011",0.996,967542,1058939.625,3301505.5
"3396","MEX","2011",0.997,1168482,1327682.25,4049013.25
"3397","MEX","2011",0.998,1517881.5,1866018.25,5409669
"3398","MEX","2011",0.999,2405369.5,2495026.75,8953270
"3399","MEX","2011",0.9991,2592848,2703710.75,9670943
"3400","MEX","2011",0.9992,2824460,2958914.75,10541971
"3401","MEX","2011",0.9993,3103548,3273269.5,11624912
"3402","MEX","2011",0.9994,3454200,3684562.75,13017018
"3403","MEX","2011",0.9995,3923181.5,4242030.5,14883774
"3404","MEX","2011",0.9996,4614501,5141812,17544684
"3405","MEX","2011",0.9997,5767387,6692229.5,21677602
"3406","MEX","2011",0.9998,7862355,10103829,29171354
"3407","MEX","2011",0.9999,13519742,14049006,48244308
"3408","MEX","2011",0.99991,14601820,15192617,52052200
"3409","MEX","2011",0.99992,15835270,16567586,56634244
"3410","MEX","2011",0.99993,17380394,18321668,62368524
"3411","MEX","2011",0.99994,19356492,20719496,69725344
"3412","MEX","2011",0.99995,22216756,24139402,79534888
"3413","MEX","2011",0.99996,26378810,28948768,93324656
"3414","MEX","2011",0.99997,32288832,37074036,114824008
"3415","MEX","2011",0.99998,43505840,53969836,153726656
"3416","MEX","2011",0.99999,68803760,217945888,253910400
"3417","MEX","2012",0.98,242663,415222.03125,1129388.375
"3418","MEX","2012",0.99,577373,598339.5625,1843552.75
"3419","MEX","2012",0.991,620272.5,644391.6875,1981916.875
"3420","MEX","2012",0.992,669885,699290.875,2149106.75
"3421","MEX","2012",0.993,731520,768273.8125,2356222
"3422","MEX","2012",0.994,807703,852603.5,2620873.75
"3423","MEX","2012",0.995,900576,964451.9375,2974524
"3424","MEX","2012",0.996,1038977,1136713.25,3477070
"3425","MEX","2012",0.997,1252639.5,1419170.25,4257174.5
"3426","MEX","2012",0.998,1621795,1999717.875,5676166.5
"3427","MEX","2012",0.999,2584499,2684170.25,9352564
"3428","MEX","2012",0.9991,2791497.5,2912655.5,10093634
"3429","MEX","2012",0.9992,3041850.5,3192724.25,10991444
"3430","MEX","2012",0.9993,3353329,3541711,12104926
"3431","MEX","2012",0.9994,3748769.5,3989213.25,13532361
"3432","MEX","2012",0.9995,4243942,4608841.5,15441363
"3433","MEX","2012",0.9996,5027606,5610752.5,18150152
"3434","MEX","2012",0.9997,6294836,7337604.5,22328206
"3435","MEX","2012",0.9998,8667839,11170006,29825074
"3436","MEX","2012",0.9999,14955662,15520114,48487936
"3437","MEX","2012",0.99991,16117803,16761692,52157264
"3438","MEX","2012",0.99992,17459224,18298436,56562460
"3439","MEX","2012",0.99993,19237736,20271448,62036360
"3440","MEX","2012",0.99994,21442754,23006448,69008496
"3441","MEX","2012",0.99995,24710548,26696600,78226848
"3442","MEX","2012",0.99996,28936172,31815334,91028728
"3443","MEX","2012",0.99997,35434864,40601592,110784848
"3444","MEX","2012",0.99998,47102448,59447548,145998736
"3445","MEX","2012",0.99999,76152176,216298272,232912576
"3446","MEX","2013",0.98,367760,496492.25,1464976.625
"3447","MEX","2013",0.99,650326,673949.625,2433458.25
"3448","MEX","2013",0.991,698929,727059.25,2628970
"3449","MEX","2013",0.992,756636,790058.0625,2866705
"3450","MEX","2013",0.993,825183,865266.125,3163368.5
"3451","MEX","2013",0.994,906835,956553.8125,3546378.5
"3452","MEX","2013",0.995,1013583,1087810.375,4064332
"3453","MEX","2013",0.996,1172723,1284222.375,4808505.5
"3454","MEX","2013",0.997,1419257,1610433.875,5983250.5
"3455","MEX","2013",0.998,1848686,2321460.5,8169659
"3456","MEX","2013",0.999,3044915,3169004.75,14017698
"3457","MEX","2013",0.9991,3301418.5,3453075,15223401
"3458","MEX","2013",0.9992,3608233,3794151.5,16694867
"3459","MEX","2013",0.9993,3993712,4216393.5,18536930
"3460","MEX","2013",0.9994,4473058.5,4803462,20924228
"3461","MEX","2013",0.9995,5178285,5659855,24148732
"3462","MEX","2013",0.9996,6226047,6970540,28772370
"3463","MEX","2013",0.9997,7863725.5,9240807,36036012
"3464","MEX","2013",0.9998,11045015,14393145,49437272
"3465","MEX","2013",0.9999,19513100,20331044,84490960
"3466","MEX","2013",0.99991,21242908,22309356,91631728
"3467","MEX","2013",0.99992,23525796,24889824,100260088
"3468","MEX","2013",0.99993,26357262,28046374,111041960
"3469","MEX","2013",0.99994,29875310,32121152,124896584
"3470","MEX","2013",0.99995,34696848,38100856,143487120
"3471","MEX","2013",0.99996,41966924,47107012,169716912
"3472","MEX","2013",0.99997,52738880,62025260,210642640
"3473","MEX","2013",0.99998,73930160,94611816,285103488
"3474","MEX","2013",0.99999,128046104,446179424,476376960
"3475","MEX","2014",0.98,412849,527922,1332899.625
"3476","MEX","2014",0.99,684287,709015.875,2137875
"3477","MEX","2014",0.991,735158,763798.1875,2296646
"3478","MEX","2014",0.992,794356,829624.8125,2488249.25
"3479","MEX","2014",0.993,867339,910152.375,2725192
"3480","MEX","2014",0.994,955744,1011103.5,3027693.25
"3481","MEX","2014",0.995,1073007,1154556.625,3431009
"3482","MEX","2014",0.996,1244758,1368862.375,4000146.75
"3483","MEX","2014",0.997,1519429.5,1724477.375,4877245.5
"3484","MEX","2014",0.998,1983800.5,2494012,6453608.5
"3485","MEX","2014",0.999,3256828,3385724,10413099
"3486","MEX","2014",0.9991,3520327,3669535.5,11194093
"3487","MEX","2014",0.9992,3822263,4010143.75,12134757
"3488","MEX","2014",0.9993,4198309,4436397.5,13295016
"3489","MEX","2014",0.9994,4704016,5032859.5,14771552
"3490","MEX","2014",0.9995,5402167,5858799.5,16719759
"3491","MEX","2014",0.9996,6367899,7075970.5,19435816
"3492","MEX","2014",0.9997,7912730,9161803,23553744
"3493","MEX","2014",0.9998,10724726,13565836,30750196
"3494","MEX","2014",0.9999,17575308,18245088,47941452
"3495","MEX","2014",0.99991,18970244,19728442,51248900
"3496","MEX","2014",0.99992,20593088,21522380,55169852
"3497","MEX","2014",0.99993,22548752,23667068,59979392
"3498","MEX","2014",0.99994,24966964,26578594,66044940
"3499","MEX","2014",0.99995,28346388,30275110,73946664
"3500","MEX","2014",0.99996,32530612,35840372,84806168
"3501","MEX","2014",0.99997,39664884,45019128,101157200
"3502","MEX","2014",0.99998,52199532,63531804,129301392
"3503","MEX","2014",0.99999,79152032,186877888,195247312
